[2.378s] DEBUG:colcon:Command line arguments: ['/usr/bin/colcon', 'build']
[2.379s] DEBUG:colcon:Parsed command line arguments: Namespace(allow_overriding=[], ament_cmake_args=None, base_paths=['.'], build_base='build', catkin_cmake_args=None, catkin_skip_building_tests=False, cmake_args=None, cmake_clean_cache=False, cmake_clean_first=False, cmake_force_configure=False, cmake_target=None, cmake_target_skip_unavailable=False, continue_on_error=False, event_handlers=None, executor='parallel', ignore_user_meta=False, install_base='install', log_base=None, log_level=None, main=<bound method BuildVerb.main of <colcon_core.verb.build.BuildVerb object at 0x7ea940fc5a60>>, merge_install=False, metas=['./colcon.meta'], packages_above=None, packages_above_and_dependencies=None, packages_above_depth=None, packages_end=None, packages_ignore=None, packages_ignore_regex=None, packages_select=None, packages_select_build_failed=False, packages_select_by_dep=None, packages_select_regex=None, packages_select_test_failures=False, packages_skip=None, packages_skip_build_finished=False, packages_skip_by_dep=None, packages_skip_regex=None, packages_skip_test_passed=False, packages_skip_up_to=None, packages_start=None, packages_up_to=None, packages_up_to_regex=None, parallel_workers=24, paths=None, symlink_install=False, test_result_base=None, verb_extension=<colcon_core.verb.build.BuildVerb object at 0x7ea940fc5a60>, verb_name='build', verb_parser=<colcon_defaults.argument_parser.defaults.DefaultArgumentsDecorator object at 0x7ea9409277f0>)
[2.476s] Level 1:colcon.colcon_core.package_discovery:discover_packages(colcon_meta) check parameters
[2.477s] Level 1:colcon.colcon_core.package_discovery:discover_packages(recursive) check parameters
[2.477s] Level 1:colcon.colcon_core.package_discovery:discover_packages(ignore) check parameters
[2.477s] Level 1:colcon.colcon_core.package_discovery:discover_packages(path) check parameters
[2.477s] Level 1:colcon.colcon_core.package_discovery:discover_packages(colcon_meta) discover
[2.477s] Level 1:colcon.colcon_core.package_discovery:discover_packages(recursive) discover
[2.477s] INFO:colcon.colcon_core.package_discovery:Crawling recursively for packages in '/workspaces/isaac_ros-dev'
[2.477s] Level 1:colcon.colcon_core.package_identification:_identify(.) by extensions ['ignore', 'ignore_ament_install']
[2.477s] Level 1:colcon.colcon_core.package_identification:_identify(.) by extension 'ignore'
[2.477s] Level 1:colcon.colcon_core.package_identification:_identify(.) by extension 'ignore_ament_install'
[2.477s] Level 1:colcon.colcon_core.package_identification:_identify(.) by extensions ['colcon_pkg']
[2.477s] Level 1:colcon.colcon_core.package_identification:_identify(.) by extension 'colcon_pkg'
[2.477s] Level 1:colcon.colcon_core.package_identification:_identify(.) by extensions ['colcon_meta']
[2.477s] Level 1:colcon.colcon_core.package_identification:_identify(.) by extension 'colcon_meta'
[2.478s] Level 1:colcon.colcon_core.package_identification:_identify(.) by extensions ['ros']
[2.478s] Level 1:colcon.colcon_core.package_identification:_identify(.) by extension 'ros'
[2.493s] Level 1:colcon.colcon_core.package_identification:_identify(.) by extensions ['cmake', 'python']
[2.494s] Level 1:colcon.colcon_core.package_identification:_identify(.) by extension 'cmake'
[2.494s] Level 1:colcon.colcon_core.package_identification:_identify(.) by extension 'python'
[2.494s] Level 1:colcon.colcon_core.package_identification:_identify(.) by extensions ['python_setup_py']
[2.494s] Level 1:colcon.colcon_core.package_identification:_identify(.) by extension 'python_setup_py'
[2.494s] Level 1:colcon.colcon_core.package_identification:_identify(build) by extensions ['ignore', 'ignore_ament_install']
[2.495s] Level 1:colcon.colcon_core.package_identification:_identify(build) by extension 'ignore'
[2.495s] Level 1:colcon.colcon_core.package_identification:_identify(build) ignored
[2.495s] Level 1:colcon.colcon_core.package_identification:_identify(gyro_static_test) by extensions ['ignore', 'ignore_ament_install']
[2.495s] Level 1:colcon.colcon_core.package_identification:_identify(gyro_static_test) by extension 'ignore'
[2.495s] Level 1:colcon.colcon_core.package_identification:_identify(gyro_static_test) by extension 'ignore_ament_install'
[2.495s] Level 1:colcon.colcon_core.package_identification:_identify(gyro_static_test) by extensions ['colcon_pkg']
[2.495s] Level 1:colcon.colcon_core.package_identification:_identify(gyro_static_test) by extension 'colcon_pkg'
[2.495s] Level 1:colcon.colcon_core.package_identification:_identify(gyro_static_test) by extensions ['colcon_meta']
[2.495s] Level 1:colcon.colcon_core.package_identification:_identify(gyro_static_test) by extension 'colcon_meta'
[2.495s] Level 1:colcon.colcon_core.package_identification:_identify(gyro_static_test) by extensions ['ros']
[2.495s] Level 1:colcon.colcon_core.package_identification:_identify(gyro_static_test) by extension 'ros'
[2.495s] Level 1:colcon.colcon_core.package_identification:_identify(gyro_static_test) by extensions ['cmake', 'python']
[2.495s] Level 1:colcon.colcon_core.package_identification:_identify(gyro_static_test) by extension 'cmake'
[2.495s] Level 1:colcon.colcon_core.package_identification:_identify(gyro_static_test) by extension 'python'
[2.495s] Level 1:colcon.colcon_core.package_identification:_identify(gyro_static_test) by extensions ['python_setup_py']
[2.495s] Level 1:colcon.colcon_core.package_identification:_identify(gyro_static_test) by extension 'python_setup_py'
[2.495s] Level 1:colcon.colcon_core.package_identification:_identify(install) by extensions ['ignore', 'ignore_ament_install']
[2.495s] Level 1:colcon.colcon_core.package_identification:_identify(install) by extension 'ignore'
[2.495s] Level 1:colcon.colcon_core.package_identification:_identify(install) ignored
[2.495s] Level 1:colcon.colcon_core.package_identification:_identify(log) by extensions ['ignore', 'ignore_ament_install']
[2.495s] Level 1:colcon.colcon_core.package_identification:_identify(log) by extension 'ignore'
[2.495s] Level 1:colcon.colcon_core.package_identification:_identify(log) ignored
[2.495s] Level 1:colcon.colcon_core.package_identification:_identify(python_resources) by extensions ['ignore', 'ignore_ament_install']
[2.496s] Level 1:colcon.colcon_core.package_identification:_identify(python_resources) by extension 'ignore'
[2.496s] Level 1:colcon.colcon_core.package_identification:_identify(python_resources) by extension 'ignore_ament_install'
[2.496s] Level 1:colcon.colcon_core.package_identification:_identify(python_resources) by extensions ['colcon_pkg']
[2.496s] Level 1:colcon.colcon_core.package_identification:_identify(python_resources) by extension 'colcon_pkg'
[2.496s] Level 1:colcon.colcon_core.package_identification:_identify(python_resources) by extensions ['colcon_meta']
[2.496s] Level 1:colcon.colcon_core.package_identification:_identify(python_resources) by extension 'colcon_meta'
[2.496s] Level 1:colcon.colcon_core.package_identification:_identify(python_resources) by extensions ['ros']
[2.496s] Level 1:colcon.colcon_core.package_identification:_identify(python_resources) by extension 'ros'
[2.496s] Level 1:colcon.colcon_core.package_identification:_identify(python_resources) by extensions ['cmake', 'python']
[2.496s] Level 1:colcon.colcon_core.package_identification:_identify(python_resources) by extension 'cmake'
[2.496s] Level 1:colcon.colcon_core.package_identification:_identify(python_resources) by extension 'python'
[2.496s] Level 1:colcon.colcon_core.package_identification:_identify(python_resources) by extensions ['python_setup_py']
[2.496s] Level 1:colcon.colcon_core.package_identification:_identify(python_resources) by extension 'python_setup_py'
[2.496s] Level 1:colcon.colcon_core.package_identification:_identify(python_resources/qcar) by extensions ['ignore', 'ignore_ament_install']
[2.496s] Level 1:colcon.colcon_core.package_identification:_identify(python_resources/qcar) by extension 'ignore'
[2.496s] Level 1:colcon.colcon_core.package_identification:_identify(python_resources/qcar) by extension 'ignore_ament_install'
[2.496s] Level 1:colcon.colcon_core.package_identification:_identify(python_resources/qcar) by extensions ['colcon_pkg']
[2.496s] Level 1:colcon.colcon_core.package_identification:_identify(python_resources/qcar) by extension 'colcon_pkg'
[2.496s] Level 1:colcon.colcon_core.package_identification:_identify(python_resources/qcar) by extensions ['colcon_meta']
[2.496s] Level 1:colcon.colcon_core.package_identification:_identify(python_resources/qcar) by extension 'colcon_meta'
[2.496s] Level 1:colcon.colcon_core.package_identification:_identify(python_resources/qcar) by extensions ['ros']
[2.496s] Level 1:colcon.colcon_core.package_identification:_identify(python_resources/qcar) by extension 'ros'
[2.496s] Level 1:colcon.colcon_core.package_identification:_identify(python_resources/qcar) by extensions ['cmake', 'python']
[2.496s] Level 1:colcon.colcon_core.package_identification:_identify(python_resources/qcar) by extension 'cmake'
[2.496s] Level 1:colcon.colcon_core.package_identification:_identify(python_resources/qcar) by extension 'python'
[2.496s] Level 1:colcon.colcon_core.package_identification:_identify(python_resources/qcar) by extensions ['python_setup_py']
[2.496s] Level 1:colcon.colcon_core.package_identification:_identify(python_resources/qcar) by extension 'python_setup_py'
[2.496s] Level 1:colcon.colcon_core.package_identification:_identify(python_resources/qcar/hardware) by extensions ['ignore', 'ignore_ament_install']
[2.496s] Level 1:colcon.colcon_core.package_identification:_identify(python_resources/qcar/hardware) by extension 'ignore'
[2.496s] Level 1:colcon.colcon_core.package_identification:_identify(python_resources/qcar/hardware) by extension 'ignore_ament_install'
[2.496s] Level 1:colcon.colcon_core.package_identification:_identify(python_resources/qcar/hardware) by extensions ['colcon_pkg']
[2.496s] Level 1:colcon.colcon_core.package_identification:_identify(python_resources/qcar/hardware) by extension 'colcon_pkg'
[2.496s] Level 1:colcon.colcon_core.package_identification:_identify(python_resources/qcar/hardware) by extensions ['colcon_meta']
[2.496s] Level 1:colcon.colcon_core.package_identification:_identify(python_resources/qcar/hardware) by extension 'colcon_meta'
[2.496s] Level 1:colcon.colcon_core.package_identification:_identify(python_resources/qcar/hardware) by extensions ['ros']
[2.496s] Level 1:colcon.colcon_core.package_identification:_identify(python_resources/qcar/hardware) by extension 'ros'
[2.497s] Level 1:colcon.colcon_core.package_identification:_identify(python_resources/qcar/hardware) by extensions ['cmake', 'python']
[2.497s] Level 1:colcon.colcon_core.package_identification:_identify(python_resources/qcar/hardware) by extension 'cmake'
[2.497s] Level 1:colcon.colcon_core.package_identification:_identify(python_resources/qcar/hardware) by extension 'python'
[2.497s] Level 1:colcon.colcon_core.package_identification:_identify(python_resources/qcar/hardware) by extensions ['python_setup_py']
[2.497s] Level 1:colcon.colcon_core.package_identification:_identify(python_resources/qcar/hardware) by extension 'python_setup_py'
[2.497s] Level 1:colcon.colcon_core.package_identification:_identify(python_resources/qcar/hardware/applications) by extensions ['ignore', 'ignore_ament_install']
[2.497s] Level 1:colcon.colcon_core.package_identification:_identify(python_resources/qcar/hardware/applications) by extension 'ignore'
[2.497s] Level 1:colcon.colcon_core.package_identification:_identify(python_resources/qcar/hardware/applications) by extension 'ignore_ament_install'
[2.497s] Level 1:colcon.colcon_core.package_identification:_identify(python_resources/qcar/hardware/applications) by extensions ['colcon_pkg']
[2.497s] Level 1:colcon.colcon_core.package_identification:_identify(python_resources/qcar/hardware/applications) by extension 'colcon_pkg'
[2.497s] Level 1:colcon.colcon_core.package_identification:_identify(python_resources/qcar/hardware/applications) by extensions ['colcon_meta']
[2.497s] Level 1:colcon.colcon_core.package_identification:_identify(python_resources/qcar/hardware/applications) by extension 'colcon_meta'
[2.497s] Level 1:colcon.colcon_core.package_identification:_identify(python_resources/qcar/hardware/applications) by extensions ['ros']
[2.497s] Level 1:colcon.colcon_core.package_identification:_identify(python_resources/qcar/hardware/applications) by extension 'ros'
[2.497s] Level 1:colcon.colcon_core.package_identification:_identify(python_resources/qcar/hardware/applications) by extensions ['cmake', 'python']
[2.497s] Level 1:colcon.colcon_core.package_identification:_identify(python_resources/qcar/hardware/applications) by extension 'cmake'
[2.497s] Level 1:colcon.colcon_core.package_identification:_identify(python_resources/qcar/hardware/applications) by extension 'python'
[2.497s] Level 1:colcon.colcon_core.package_identification:_identify(python_resources/qcar/hardware/applications) by extensions ['python_setup_py']
[2.497s] Level 1:colcon.colcon_core.package_identification:_identify(python_resources/qcar/hardware/applications) by extension 'python_setup_py'
[2.497s] Level 1:colcon.colcon_core.package_identification:_identify(python_resources/qcar/hardware/applications/360_vision) by extensions ['ignore', 'ignore_ament_install']
[2.497s] Level 1:colcon.colcon_core.package_identification:_identify(python_resources/qcar/hardware/applications/360_vision) by extension 'ignore'
[2.497s] Level 1:colcon.colcon_core.package_identification:_identify(python_resources/qcar/hardware/applications/360_vision) by extension 'ignore_ament_install'
[2.498s] Level 1:colcon.colcon_core.package_identification:_identify(python_resources/qcar/hardware/applications/360_vision) by extensions ['colcon_pkg']
[2.498s] Level 1:colcon.colcon_core.package_identification:_identify(python_resources/qcar/hardware/applications/360_vision) by extension 'colcon_pkg'
[2.498s] Level 1:colcon.colcon_core.package_identification:_identify(python_resources/qcar/hardware/applications/360_vision) by extensions ['colcon_meta']
[2.498s] Level 1:colcon.colcon_core.package_identification:_identify(python_resources/qcar/hardware/applications/360_vision) by extension 'colcon_meta'
[2.498s] Level 1:colcon.colcon_core.package_identification:_identify(python_resources/qcar/hardware/applications/360_vision) by extensions ['ros']
[2.498s] Level 1:colcon.colcon_core.package_identification:_identify(python_resources/qcar/hardware/applications/360_vision) by extension 'ros'
[2.498s] Level 1:colcon.colcon_core.package_identification:_identify(python_resources/qcar/hardware/applications/360_vision) by extensions ['cmake', 'python']
[2.498s] Level 1:colcon.colcon_core.package_identification:_identify(python_resources/qcar/hardware/applications/360_vision) by extension 'cmake'
[2.498s] Level 1:colcon.colcon_core.package_identification:_identify(python_resources/qcar/hardware/applications/360_vision) by extension 'python'
[2.498s] Level 1:colcon.colcon_core.package_identification:_identify(python_resources/qcar/hardware/applications/360_vision) by extensions ['python_setup_py']
[2.498s] Level 1:colcon.colcon_core.package_identification:_identify(python_resources/qcar/hardware/applications/360_vision) by extension 'python_setup_py'
[2.498s] Level 1:colcon.colcon_core.package_identification:_identify(python_resources/qcar/hardware/applications/lane_following) by extensions ['ignore', 'ignore_ament_install']
[2.498s] Level 1:colcon.colcon_core.package_identification:_identify(python_resources/qcar/hardware/applications/lane_following) by extension 'ignore'
[2.498s] Level 1:colcon.colcon_core.package_identification:_identify(python_resources/qcar/hardware/applications/lane_following) by extension 'ignore_ament_install'
[2.498s] Level 1:colcon.colcon_core.package_identification:_identify(python_resources/qcar/hardware/applications/lane_following) by extensions ['colcon_pkg']
[2.498s] Level 1:colcon.colcon_core.package_identification:_identify(python_resources/qcar/hardware/applications/lane_following) by extension 'colcon_pkg'
[2.498s] Level 1:colcon.colcon_core.package_identification:_identify(python_resources/qcar/hardware/applications/lane_following) by extensions ['colcon_meta']
[2.498s] Level 1:colcon.colcon_core.package_identification:_identify(python_resources/qcar/hardware/applications/lane_following) by extension 'colcon_meta'
[2.498s] Level 1:colcon.colcon_core.package_identification:_identify(python_resources/qcar/hardware/applications/lane_following) by extensions ['ros']
[2.498s] Level 1:colcon.colcon_core.package_identification:_identify(python_resources/qcar/hardware/applications/lane_following) by extension 'ros'
[2.498s] Level 1:colcon.colcon_core.package_identification:_identify(python_resources/qcar/hardware/applications/lane_following) by extensions ['cmake', 'python']
[2.498s] Level 1:colcon.colcon_core.package_identification:_identify(python_resources/qcar/hardware/applications/lane_following) by extension 'cmake'
[2.498s] Level 1:colcon.colcon_core.package_identification:_identify(python_resources/qcar/hardware/applications/lane_following) by extension 'python'
[2.498s] Level 1:colcon.colcon_core.package_identification:_identify(python_resources/qcar/hardware/applications/lane_following) by extensions ['python_setup_py']
[2.498s] Level 1:colcon.colcon_core.package_identification:_identify(python_resources/qcar/hardware/applications/lane_following) by extension 'python_setup_py'
[2.498s] Level 1:colcon.colcon_core.package_identification:_identify(python_resources/qcar/hardware/applications/manual_drive) by extensions ['ignore', 'ignore_ament_install']
[2.498s] Level 1:colcon.colcon_core.package_identification:_identify(python_resources/qcar/hardware/applications/manual_drive) by extension 'ignore'
[2.498s] Level 1:colcon.colcon_core.package_identification:_identify(python_resources/qcar/hardware/applications/manual_drive) by extension 'ignore_ament_install'
[2.498s] Level 1:colcon.colcon_core.package_identification:_identify(python_resources/qcar/hardware/applications/manual_drive) by extensions ['colcon_pkg']
[2.498s] Level 1:colcon.colcon_core.package_identification:_identify(python_resources/qcar/hardware/applications/manual_drive) by extension 'colcon_pkg'
[2.498s] Level 1:colcon.colcon_core.package_identification:_identify(python_resources/qcar/hardware/applications/manual_drive) by extensions ['colcon_meta']
[2.498s] Level 1:colcon.colcon_core.package_identification:_identify(python_resources/qcar/hardware/applications/manual_drive) by extension 'colcon_meta'
[2.498s] Level 1:colcon.colcon_core.package_identification:_identify(python_resources/qcar/hardware/applications/manual_drive) by extensions ['ros']
[2.498s] Level 1:colcon.colcon_core.package_identification:_identify(python_resources/qcar/hardware/applications/manual_drive) by extension 'ros'
[2.498s] Level 1:colcon.colcon_core.package_identification:_identify(python_resources/qcar/hardware/applications/manual_drive) by extensions ['cmake', 'python']
[2.498s] Level 1:colcon.colcon_core.package_identification:_identify(python_resources/qcar/hardware/applications/manual_drive) by extension 'cmake'
[2.499s] Level 1:colcon.colcon_core.package_identification:_identify(python_resources/qcar/hardware/applications/manual_drive) by extension 'python'
[2.499s] Level 1:colcon.colcon_core.package_identification:_identify(python_resources/qcar/hardware/applications/manual_drive) by extensions ['python_setup_py']
[2.499s] Level 1:colcon.colcon_core.package_identification:_identify(python_resources/qcar/hardware/applications/manual_drive) by extension 'python_setup_py'
[2.499s] Level 1:colcon.colcon_core.package_identification:_identify(python_resources/qcar/hardware/applications/point_cloud_generation) by extensions ['ignore', 'ignore_ament_install']
[2.499s] Level 1:colcon.colcon_core.package_identification:_identify(python_resources/qcar/hardware/applications/point_cloud_generation) by extension 'ignore'
[2.499s] Level 1:colcon.colcon_core.package_identification:_identify(python_resources/qcar/hardware/applications/point_cloud_generation) by extension 'ignore_ament_install'
[2.499s] Level 1:colcon.colcon_core.package_identification:_identify(python_resources/qcar/hardware/applications/point_cloud_generation) by extensions ['colcon_pkg']
[2.499s] Level 1:colcon.colcon_core.package_identification:_identify(python_resources/qcar/hardware/applications/point_cloud_generation) by extension 'colcon_pkg'
[2.499s] Level 1:colcon.colcon_core.package_identification:_identify(python_resources/qcar/hardware/applications/point_cloud_generation) by extensions ['colcon_meta']
[2.499s] Level 1:colcon.colcon_core.package_identification:_identify(python_resources/qcar/hardware/applications/point_cloud_generation) by extension 'colcon_meta'
[2.499s] Level 1:colcon.colcon_core.package_identification:_identify(python_resources/qcar/hardware/applications/point_cloud_generation) by extensions ['ros']
[2.499s] Level 1:colcon.colcon_core.package_identification:_identify(python_resources/qcar/hardware/applications/point_cloud_generation) by extension 'ros'
[2.499s] Level 1:colcon.colcon_core.package_identification:_identify(python_resources/qcar/hardware/applications/point_cloud_generation) by extensions ['cmake', 'python']
[2.499s] Level 1:colcon.colcon_core.package_identification:_identify(python_resources/qcar/hardware/applications/point_cloud_generation) by extension 'cmake'
[2.499s] Level 1:colcon.colcon_core.package_identification:_identify(python_resources/qcar/hardware/applications/point_cloud_generation) by extension 'python'
[2.499s] Level 1:colcon.colcon_core.package_identification:_identify(python_resources/qcar/hardware/applications/point_cloud_generation) by extensions ['python_setup_py']
[2.499s] Level 1:colcon.colcon_core.package_identification:_identify(python_resources/qcar/hardware/applications/point_cloud_generation) by extension 'python_setup_py'
[2.499s] Level 1:colcon.colcon_core.package_identification:_identify(python_resources/qcar/hardware/applications/rgbd_imaging) by extensions ['ignore', 'ignore_ament_install']
[2.499s] Level 1:colcon.colcon_core.package_identification:_identify(python_resources/qcar/hardware/applications/rgbd_imaging) by extension 'ignore'
[2.499s] Level 1:colcon.colcon_core.package_identification:_identify(python_resources/qcar/hardware/applications/rgbd_imaging) by extension 'ignore_ament_install'
[2.499s] Level 1:colcon.colcon_core.package_identification:_identify(python_resources/qcar/hardware/applications/rgbd_imaging) by extensions ['colcon_pkg']
[2.499s] Level 1:colcon.colcon_core.package_identification:_identify(python_resources/qcar/hardware/applications/rgbd_imaging) by extension 'colcon_pkg'
[2.499s] Level 1:colcon.colcon_core.package_identification:_identify(python_resources/qcar/hardware/applications/rgbd_imaging) by extensions ['colcon_meta']
[2.499s] Level 1:colcon.colcon_core.package_identification:_identify(python_resources/qcar/hardware/applications/rgbd_imaging) by extension 'colcon_meta'
[2.499s] Level 1:colcon.colcon_core.package_identification:_identify(python_resources/qcar/hardware/applications/rgbd_imaging) by extensions ['ros']
[2.499s] Level 1:colcon.colcon_core.package_identification:_identify(python_resources/qcar/hardware/applications/rgbd_imaging) by extension 'ros'
[2.499s] Level 1:colcon.colcon_core.package_identification:_identify(python_resources/qcar/hardware/applications/rgbd_imaging) by extensions ['cmake', 'python']
[2.499s] Level 1:colcon.colcon_core.package_identification:_identify(python_resources/qcar/hardware/applications/rgbd_imaging) by extension 'cmake'
[2.499s] Level 1:colcon.colcon_core.package_identification:_identify(python_resources/qcar/hardware/applications/rgbd_imaging) by extension 'python'
[2.499s] Level 1:colcon.colcon_core.package_identification:_identify(python_resources/qcar/hardware/applications/rgbd_imaging) by extensions ['python_setup_py']
[2.499s] Level 1:colcon.colcon_core.package_identification:_identify(python_resources/qcar/hardware/applications/rgbd_imaging) by extension 'python_setup_py'
[2.499s] Level 1:colcon.colcon_core.package_identification:_identify(python_resources/qcar/hardware/hardware_tests) by extensions ['ignore', 'ignore_ament_install']
[2.499s] Level 1:colcon.colcon_core.package_identification:_identify(python_resources/qcar/hardware/hardware_tests) by extension 'ignore'
[2.499s] Level 1:colcon.colcon_core.package_identification:_identify(python_resources/qcar/hardware/hardware_tests) by extension 'ignore_ament_install'
[2.499s] Level 1:colcon.colcon_core.package_identification:_identify(python_resources/qcar/hardware/hardware_tests) by extensions ['colcon_pkg']
[2.499s] Level 1:colcon.colcon_core.package_identification:_identify(python_resources/qcar/hardware/hardware_tests) by extension 'colcon_pkg'
[2.500s] Level 1:colcon.colcon_core.package_identification:_identify(python_resources/qcar/hardware/hardware_tests) by extensions ['colcon_meta']
[2.500s] Level 1:colcon.colcon_core.package_identification:_identify(python_resources/qcar/hardware/hardware_tests) by extension 'colcon_meta'
[2.500s] Level 1:colcon.colcon_core.package_identification:_identify(python_resources/qcar/hardware/hardware_tests) by extensions ['ros']
[2.500s] Level 1:colcon.colcon_core.package_identification:_identify(python_resources/qcar/hardware/hardware_tests) by extension 'ros'
[2.500s] Level 1:colcon.colcon_core.package_identification:_identify(python_resources/qcar/hardware/hardware_tests) by extensions ['cmake', 'python']
[2.500s] Level 1:colcon.colcon_core.package_identification:_identify(python_resources/qcar/hardware/hardware_tests) by extension 'cmake'
[2.500s] Level 1:colcon.colcon_core.package_identification:_identify(python_resources/qcar/hardware/hardware_tests) by extension 'python'
[2.500s] Level 1:colcon.colcon_core.package_identification:_identify(python_resources/qcar/hardware/hardware_tests) by extensions ['python_setup_py']
[2.500s] Level 1:colcon.colcon_core.package_identification:_identify(python_resources/qcar/hardware/hardware_tests) by extension 'python_setup_py'
[2.500s] Level 1:colcon.colcon_core.package_identification:_identify(python_resources/qcar/virtual) by extensions ['ignore', 'ignore_ament_install']
[2.500s] Level 1:colcon.colcon_core.package_identification:_identify(python_resources/qcar/virtual) by extension 'ignore'
[2.500s] Level 1:colcon.colcon_core.package_identification:_identify(python_resources/qcar/virtual) by extension 'ignore_ament_install'
[2.500s] Level 1:colcon.colcon_core.package_identification:_identify(python_resources/qcar/virtual) by extensions ['colcon_pkg']
[2.500s] Level 1:colcon.colcon_core.package_identification:_identify(python_resources/qcar/virtual) by extension 'colcon_pkg'
[2.500s] Level 1:colcon.colcon_core.package_identification:_identify(python_resources/qcar/virtual) by extensions ['colcon_meta']
[2.500s] Level 1:colcon.colcon_core.package_identification:_identify(python_resources/qcar/virtual) by extension 'colcon_meta'
[2.500s] Level 1:colcon.colcon_core.package_identification:_identify(python_resources/qcar/virtual) by extensions ['ros']
[2.500s] Level 1:colcon.colcon_core.package_identification:_identify(python_resources/qcar/virtual) by extension 'ros'
[2.500s] Level 1:colcon.colcon_core.package_identification:_identify(python_resources/qcar/virtual) by extensions ['cmake', 'python']
[2.500s] Level 1:colcon.colcon_core.package_identification:_identify(python_resources/qcar/virtual) by extension 'cmake'
[2.500s] Level 1:colcon.colcon_core.package_identification:_identify(python_resources/qcar/virtual) by extension 'python'
[2.500s] Level 1:colcon.colcon_core.package_identification:_identify(python_resources/qcar/virtual) by extensions ['python_setup_py']
[2.500s] Level 1:colcon.colcon_core.package_identification:_identify(python_resources/qcar/virtual) by extension 'python_setup_py'
[2.500s] Level 1:colcon.colcon_core.package_identification:_identify(python_resources/qcar/virtual/applications) by extensions ['ignore', 'ignore_ament_install']
[2.500s] Level 1:colcon.colcon_core.package_identification:_identify(python_resources/qcar/virtual/applications) by extension 'ignore'
[2.500s] Level 1:colcon.colcon_core.package_identification:_identify(python_resources/qcar/virtual/applications) by extension 'ignore_ament_install'
[2.500s] Level 1:colcon.colcon_core.package_identification:_identify(python_resources/qcar/virtual/applications) by extensions ['colcon_pkg']
[2.500s] Level 1:colcon.colcon_core.package_identification:_identify(python_resources/qcar/virtual/applications) by extension 'colcon_pkg'
[2.500s] Level 1:colcon.colcon_core.package_identification:_identify(python_resources/qcar/virtual/applications) by extensions ['colcon_meta']
[2.500s] Level 1:colcon.colcon_core.package_identification:_identify(python_resources/qcar/virtual/applications) by extension 'colcon_meta'
[2.500s] Level 1:colcon.colcon_core.package_identification:_identify(python_resources/qcar/virtual/applications) by extensions ['ros']
[2.500s] Level 1:colcon.colcon_core.package_identification:_identify(python_resources/qcar/virtual/applications) by extension 'ros'
[2.500s] Level 1:colcon.colcon_core.package_identification:_identify(python_resources/qcar/virtual/applications) by extensions ['cmake', 'python']
[2.500s] Level 1:colcon.colcon_core.package_identification:_identify(python_resources/qcar/virtual/applications) by extension 'cmake'
[2.500s] Level 1:colcon.colcon_core.package_identification:_identify(python_resources/qcar/virtual/applications) by extension 'python'
[2.500s] Level 1:colcon.colcon_core.package_identification:_identify(python_resources/qcar/virtual/applications) by extensions ['python_setup_py']
[2.500s] Level 1:colcon.colcon_core.package_identification:_identify(python_resources/qcar/virtual/applications) by extension 'python_setup_py'
[2.500s] Level 1:colcon.colcon_core.package_identification:_identify(python_resources/qcar/virtual/applications/360_vision) by extensions ['ignore', 'ignore_ament_install']
[2.500s] Level 1:colcon.colcon_core.package_identification:_identify(python_resources/qcar/virtual/applications/360_vision) by extension 'ignore'
[2.501s] Level 1:colcon.colcon_core.package_identification:_identify(python_resources/qcar/virtual/applications/360_vision) by extension 'ignore_ament_install'
[2.501s] Level 1:colcon.colcon_core.package_identification:_identify(python_resources/qcar/virtual/applications/360_vision) by extensions ['colcon_pkg']
[2.501s] Level 1:colcon.colcon_core.package_identification:_identify(python_resources/qcar/virtual/applications/360_vision) by extension 'colcon_pkg'
[2.501s] Level 1:colcon.colcon_core.package_identification:_identify(python_resources/qcar/virtual/applications/360_vision) by extensions ['colcon_meta']
[2.501s] Level 1:colcon.colcon_core.package_identification:_identify(python_resources/qcar/virtual/applications/360_vision) by extension 'colcon_meta'
[2.501s] Level 1:colcon.colcon_core.package_identification:_identify(python_resources/qcar/virtual/applications/360_vision) by extensions ['ros']
[2.501s] Level 1:colcon.colcon_core.package_identification:_identify(python_resources/qcar/virtual/applications/360_vision) by extension 'ros'
[2.501s] Level 1:colcon.colcon_core.package_identification:_identify(python_resources/qcar/virtual/applications/360_vision) by extensions ['cmake', 'python']
[2.501s] Level 1:colcon.colcon_core.package_identification:_identify(python_resources/qcar/virtual/applications/360_vision) by extension 'cmake'
[2.501s] Level 1:colcon.colcon_core.package_identification:_identify(python_resources/qcar/virtual/applications/360_vision) by extension 'python'
[2.501s] Level 1:colcon.colcon_core.package_identification:_identify(python_resources/qcar/virtual/applications/360_vision) by extensions ['python_setup_py']
[2.501s] Level 1:colcon.colcon_core.package_identification:_identify(python_resources/qcar/virtual/applications/360_vision) by extension 'python_setup_py'
[2.501s] Level 1:colcon.colcon_core.package_identification:_identify(python_resources/qcar/virtual/applications/lane_following) by extensions ['ignore', 'ignore_ament_install']
[2.501s] Level 1:colcon.colcon_core.package_identification:_identify(python_resources/qcar/virtual/applications/lane_following) by extension 'ignore'
[2.501s] Level 1:colcon.colcon_core.package_identification:_identify(python_resources/qcar/virtual/applications/lane_following) by extension 'ignore_ament_install'
[2.501s] Level 1:colcon.colcon_core.package_identification:_identify(python_resources/qcar/virtual/applications/lane_following) by extensions ['colcon_pkg']
[2.501s] Level 1:colcon.colcon_core.package_identification:_identify(python_resources/qcar/virtual/applications/lane_following) by extension 'colcon_pkg'
[2.501s] Level 1:colcon.colcon_core.package_identification:_identify(python_resources/qcar/virtual/applications/lane_following) by extensions ['colcon_meta']
[2.501s] Level 1:colcon.colcon_core.package_identification:_identify(python_resources/qcar/virtual/applications/lane_following) by extension 'colcon_meta'
[2.501s] Level 1:colcon.colcon_core.package_identification:_identify(python_resources/qcar/virtual/applications/lane_following) by extensions ['ros']
[2.501s] Level 1:colcon.colcon_core.package_identification:_identify(python_resources/qcar/virtual/applications/lane_following) by extension 'ros'
[2.501s] Level 1:colcon.colcon_core.package_identification:_identify(python_resources/qcar/virtual/applications/lane_following) by extensions ['cmake', 'python']
[2.501s] Level 1:colcon.colcon_core.package_identification:_identify(python_resources/qcar/virtual/applications/lane_following) by extension 'cmake'
[2.501s] Level 1:colcon.colcon_core.package_identification:_identify(python_resources/qcar/virtual/applications/lane_following) by extension 'python'
[2.501s] Level 1:colcon.colcon_core.package_identification:_identify(python_resources/qcar/virtual/applications/lane_following) by extensions ['python_setup_py']
[2.501s] Level 1:colcon.colcon_core.package_identification:_identify(python_resources/qcar/virtual/applications/lane_following) by extension 'python_setup_py'
[2.501s] Level 1:colcon.colcon_core.package_identification:_identify(python_resources/qcar/virtual/applications/manual_drive) by extensions ['ignore', 'ignore_ament_install']
[2.501s] Level 1:colcon.colcon_core.package_identification:_identify(python_resources/qcar/virtual/applications/manual_drive) by extension 'ignore'
[2.501s] Level 1:colcon.colcon_core.package_identification:_identify(python_resources/qcar/virtual/applications/manual_drive) by extension 'ignore_ament_install'
[2.501s] Level 1:colcon.colcon_core.package_identification:_identify(python_resources/qcar/virtual/applications/manual_drive) by extensions ['colcon_pkg']
[2.502s] Level 1:colcon.colcon_core.package_identification:_identify(python_resources/qcar/virtual/applications/manual_drive) by extension 'colcon_pkg'
[2.502s] Level 1:colcon.colcon_core.package_identification:_identify(python_resources/qcar/virtual/applications/manual_drive) by extensions ['colcon_meta']
[2.502s] Level 1:colcon.colcon_core.package_identification:_identify(python_resources/qcar/virtual/applications/manual_drive) by extension 'colcon_meta'
[2.502s] Level 1:colcon.colcon_core.package_identification:_identify(python_resources/qcar/virtual/applications/manual_drive) by extensions ['ros']
[2.502s] Level 1:colcon.colcon_core.package_identification:_identify(python_resources/qcar/virtual/applications/manual_drive) by extension 'ros'
[2.502s] Level 1:colcon.colcon_core.package_identification:_identify(python_resources/qcar/virtual/applications/manual_drive) by extensions ['cmake', 'python']
[2.502s] Level 1:colcon.colcon_core.package_identification:_identify(python_resources/qcar/virtual/applications/manual_drive) by extension 'cmake'
[2.502s] Level 1:colcon.colcon_core.package_identification:_identify(python_resources/qcar/virtual/applications/manual_drive) by extension 'python'
[2.502s] Level 1:colcon.colcon_core.package_identification:_identify(python_resources/qcar/virtual/applications/manual_drive) by extensions ['python_setup_py']
[2.502s] Level 1:colcon.colcon_core.package_identification:_identify(python_resources/qcar/virtual/applications/manual_drive) by extension 'python_setup_py'
[2.502s] Level 1:colcon.colcon_core.package_identification:_identify(python_resources/qcar/virtual/applications/point_cloud_generation) by extensions ['ignore', 'ignore_ament_install']
[2.502s] Level 1:colcon.colcon_core.package_identification:_identify(python_resources/qcar/virtual/applications/point_cloud_generation) by extension 'ignore'
[2.502s] Level 1:colcon.colcon_core.package_identification:_identify(python_resources/qcar/virtual/applications/point_cloud_generation) by extension 'ignore_ament_install'
[2.502s] Level 1:colcon.colcon_core.package_identification:_identify(python_resources/qcar/virtual/applications/point_cloud_generation) by extensions ['colcon_pkg']
[2.502s] Level 1:colcon.colcon_core.package_identification:_identify(python_resources/qcar/virtual/applications/point_cloud_generation) by extension 'colcon_pkg'
[2.502s] Level 1:colcon.colcon_core.package_identification:_identify(python_resources/qcar/virtual/applications/point_cloud_generation) by extensions ['colcon_meta']
[2.502s] Level 1:colcon.colcon_core.package_identification:_identify(python_resources/qcar/virtual/applications/point_cloud_generation) by extension 'colcon_meta'
[2.502s] Level 1:colcon.colcon_core.package_identification:_identify(python_resources/qcar/virtual/applications/point_cloud_generation) by extensions ['ros']
[2.502s] Level 1:colcon.colcon_core.package_identification:_identify(python_resources/qcar/virtual/applications/point_cloud_generation) by extension 'ros'
[2.502s] Level 1:colcon.colcon_core.package_identification:_identify(python_resources/qcar/virtual/applications/point_cloud_generation) by extensions ['cmake', 'python']
[2.502s] Level 1:colcon.colcon_core.package_identification:_identify(python_resources/qcar/virtual/applications/point_cloud_generation) by extension 'cmake'
[2.502s] Level 1:colcon.colcon_core.package_identification:_identify(python_resources/qcar/virtual/applications/point_cloud_generation) by extension 'python'
[2.502s] Level 1:colcon.colcon_core.package_identification:_identify(python_resources/qcar/virtual/applications/point_cloud_generation) by extensions ['python_setup_py']
[2.502s] Level 1:colcon.colcon_core.package_identification:_identify(python_resources/qcar/virtual/applications/point_cloud_generation) by extension 'python_setup_py'
[2.502s] Level 1:colcon.colcon_core.package_identification:_identify(python_resources/qcar/virtual/applications/rgbd_imaging) by extensions ['ignore', 'ignore_ament_install']
[2.502s] Level 1:colcon.colcon_core.package_identification:_identify(python_resources/qcar/virtual/applications/rgbd_imaging) by extension 'ignore'
[2.502s] Level 1:colcon.colcon_core.package_identification:_identify(python_resources/qcar/virtual/applications/rgbd_imaging) by extension 'ignore_ament_install'
[2.502s] Level 1:colcon.colcon_core.package_identification:_identify(python_resources/qcar/virtual/applications/rgbd_imaging) by extensions ['colcon_pkg']
[2.502s] Level 1:colcon.colcon_core.package_identification:_identify(python_resources/qcar/virtual/applications/rgbd_imaging) by extension 'colcon_pkg'
[2.502s] Level 1:colcon.colcon_core.package_identification:_identify(python_resources/qcar/virtual/applications/rgbd_imaging) by extensions ['colcon_meta']
[2.502s] Level 1:colcon.colcon_core.package_identification:_identify(python_resources/qcar/virtual/applications/rgbd_imaging) by extension 'colcon_meta'
[2.502s] Level 1:colcon.colcon_core.package_identification:_identify(python_resources/qcar/virtual/applications/rgbd_imaging) by extensions ['ros']
[2.502s] Level 1:colcon.colcon_core.package_identification:_identify(python_resources/qcar/virtual/applications/rgbd_imaging) by extension 'ros'
[2.502s] Level 1:colcon.colcon_core.package_identification:_identify(python_resources/qcar/virtual/applications/rgbd_imaging) by extensions ['cmake', 'python']
[2.502s] Level 1:colcon.colcon_core.package_identification:_identify(python_resources/qcar/virtual/applications/rgbd_imaging) by extension 'cmake'
[2.502s] Level 1:colcon.colcon_core.package_identification:_identify(python_resources/qcar/virtual/applications/rgbd_imaging) by extension 'python'
[2.502s] Level 1:colcon.colcon_core.package_identification:_identify(python_resources/qcar/virtual/applications/rgbd_imaging) by extensions ['python_setup_py']
[2.503s] Level 1:colcon.colcon_core.package_identification:_identify(python_resources/qcar/virtual/applications/rgbd_imaging) by extension 'python_setup_py'
[2.503s] Level 1:colcon.colcon_core.package_identification:_identify(python_resources/qcar/virtual/hardware_tests) by extensions ['ignore', 'ignore_ament_install']
[2.503s] Level 1:colcon.colcon_core.package_identification:_identify(python_resources/qcar/virtual/hardware_tests) by extension 'ignore'
[2.503s] Level 1:colcon.colcon_core.package_identification:_identify(python_resources/qcar/virtual/hardware_tests) by extension 'ignore_ament_install'
[2.503s] Level 1:colcon.colcon_core.package_identification:_identify(python_resources/qcar/virtual/hardware_tests) by extensions ['colcon_pkg']
[2.503s] Level 1:colcon.colcon_core.package_identification:_identify(python_resources/qcar/virtual/hardware_tests) by extension 'colcon_pkg'
[2.503s] Level 1:colcon.colcon_core.package_identification:_identify(python_resources/qcar/virtual/hardware_tests) by extensions ['colcon_meta']
[2.503s] Level 1:colcon.colcon_core.package_identification:_identify(python_resources/qcar/virtual/hardware_tests) by extension 'colcon_meta'
[2.503s] Level 1:colcon.colcon_core.package_identification:_identify(python_resources/qcar/virtual/hardware_tests) by extensions ['ros']
[2.503s] Level 1:colcon.colcon_core.package_identification:_identify(python_resources/qcar/virtual/hardware_tests) by extension 'ros'
[2.503s] Level 1:colcon.colcon_core.package_identification:_identify(python_resources/qcar/virtual/hardware_tests) by extensions ['cmake', 'python']
[2.503s] Level 1:colcon.colcon_core.package_identification:_identify(python_resources/qcar/virtual/hardware_tests) by extension 'cmake'
[2.503s] Level 1:colcon.colcon_core.package_identification:_identify(python_resources/qcar/virtual/hardware_tests) by extension 'python'
[2.503s] Level 1:colcon.colcon_core.package_identification:_identify(python_resources/qcar/virtual/hardware_tests) by extensions ['python_setup_py']
[2.503s] Level 1:colcon.colcon_core.package_identification:_identify(python_resources/qcar/virtual/hardware_tests) by extension 'python_setup_py'
[2.503s] Level 1:colcon.colcon_core.package_identification:_identify(python_resources/qcar2) by extensions ['ignore', 'ignore_ament_install']
[2.503s] Level 1:colcon.colcon_core.package_identification:_identify(python_resources/qcar2) by extension 'ignore'
[2.503s] Level 1:colcon.colcon_core.package_identification:_identify(python_resources/qcar2) by extension 'ignore_ament_install'
[2.503s] Level 1:colcon.colcon_core.package_identification:_identify(python_resources/qcar2) by extensions ['colcon_pkg']
[2.503s] Level 1:colcon.colcon_core.package_identification:_identify(python_resources/qcar2) by extension 'colcon_pkg'
[2.503s] Level 1:colcon.colcon_core.package_identification:_identify(python_resources/qcar2) by extensions ['colcon_meta']
[2.503s] Level 1:colcon.colcon_core.package_identification:_identify(python_resources/qcar2) by extension 'colcon_meta'
[2.503s] Level 1:colcon.colcon_core.package_identification:_identify(python_resources/qcar2) by extensions ['ros']
[2.503s] Level 1:colcon.colcon_core.package_identification:_identify(python_resources/qcar2) by extension 'ros'
[2.503s] Level 1:colcon.colcon_core.package_identification:_identify(python_resources/qcar2) by extensions ['cmake', 'python']
[2.503s] Level 1:colcon.colcon_core.package_identification:_identify(python_resources/qcar2) by extension 'cmake'
[2.503s] Level 1:colcon.colcon_core.package_identification:_identify(python_resources/qcar2) by extension 'python'
[2.503s] Level 1:colcon.colcon_core.package_identification:_identify(python_resources/qcar2) by extensions ['python_setup_py']
[2.503s] Level 1:colcon.colcon_core.package_identification:_identify(python_resources/qcar2) by extension 'python_setup_py'
[2.503s] Level 1:colcon.colcon_core.package_identification:_identify(python_resources/qcar2/autoware) by extensions ['ignore', 'ignore_ament_install']
[2.503s] Level 1:colcon.colcon_core.package_identification:_identify(python_resources/qcar2/autoware) by extension 'ignore'
[2.503s] Level 1:colcon.colcon_core.package_identification:_identify(python_resources/qcar2/autoware) by extension 'ignore_ament_install'
[2.503s] Level 1:colcon.colcon_core.package_identification:_identify(python_resources/qcar2/autoware) by extensions ['colcon_pkg']
[2.503s] Level 1:colcon.colcon_core.package_identification:_identify(python_resources/qcar2/autoware) by extension 'colcon_pkg'
[2.504s] Level 1:colcon.colcon_core.package_identification:_identify(python_resources/qcar2/autoware) by extensions ['colcon_meta']
[2.504s] Level 1:colcon.colcon_core.package_identification:_identify(python_resources/qcar2/autoware) by extension 'colcon_meta'
[2.504s] Level 1:colcon.colcon_core.package_identification:_identify(python_resources/qcar2/autoware) by extensions ['ros']
[2.504s] Level 1:colcon.colcon_core.package_identification:_identify(python_resources/qcar2/autoware) by extension 'ros'
[2.504s] Level 1:colcon.colcon_core.package_identification:_identify(python_resources/qcar2/autoware) by extensions ['cmake', 'python']
[2.504s] Level 1:colcon.colcon_core.package_identification:_identify(python_resources/qcar2/autoware) by extension 'cmake'
[2.504s] Level 1:colcon.colcon_core.package_identification:_identify(python_resources/qcar2/autoware) by extension 'python'
[2.504s] Level 1:colcon.colcon_core.package_identification:_identify(python_resources/qcar2/autoware) by extensions ['python_setup_py']
[2.504s] Level 1:colcon.colcon_core.package_identification:_identify(python_resources/qcar2/autoware) by extension 'python_setup_py'
[2.504s] Level 1:colcon.colcon_core.package_identification:_identify(python_resources/qcar2/hardware) by extensions ['ignore', 'ignore_ament_install']
[2.504s] Level 1:colcon.colcon_core.package_identification:_identify(python_resources/qcar2/hardware) by extension 'ignore'
[2.504s] Level 1:colcon.colcon_core.package_identification:_identify(python_resources/qcar2/hardware) by extension 'ignore_ament_install'
[2.504s] Level 1:colcon.colcon_core.package_identification:_identify(python_resources/qcar2/hardware) by extensions ['colcon_pkg']
[2.504s] Level 1:colcon.colcon_core.package_identification:_identify(python_resources/qcar2/hardware) by extension 'colcon_pkg'
[2.504s] Level 1:colcon.colcon_core.package_identification:_identify(python_resources/qcar2/hardware) by extensions ['colcon_meta']
[2.504s] Level 1:colcon.colcon_core.package_identification:_identify(python_resources/qcar2/hardware) by extension 'colcon_meta'
[2.504s] Level 1:colcon.colcon_core.package_identification:_identify(python_resources/qcar2/hardware) by extensions ['ros']
[2.504s] Level 1:colcon.colcon_core.package_identification:_identify(python_resources/qcar2/hardware) by extension 'ros'
[2.504s] Level 1:colcon.colcon_core.package_identification:_identify(python_resources/qcar2/hardware) by extensions ['cmake', 'python']
[2.504s] Level 1:colcon.colcon_core.package_identification:_identify(python_resources/qcar2/hardware) by extension 'cmake'
[2.504s] Level 1:colcon.colcon_core.package_identification:_identify(python_resources/qcar2/hardware) by extension 'python'
[2.504s] Level 1:colcon.colcon_core.package_identification:_identify(python_resources/qcar2/hardware) by extensions ['python_setup_py']
[2.504s] Level 1:colcon.colcon_core.package_identification:_identify(python_resources/qcar2/hardware) by extension 'python_setup_py'
[2.504s] Level 1:colcon.colcon_core.package_identification:_identify(python_resources/qcar2/hardware/applications) by extensions ['ignore', 'ignore_ament_install']
[2.504s] Level 1:colcon.colcon_core.package_identification:_identify(python_resources/qcar2/hardware/applications) by extension 'ignore'
[2.504s] Level 1:colcon.colcon_core.package_identification:_identify(python_resources/qcar2/hardware/applications) by extension 'ignore_ament_install'
[2.504s] Level 1:colcon.colcon_core.package_identification:_identify(python_resources/qcar2/hardware/applications) by extensions ['colcon_pkg']
[2.504s] Level 1:colcon.colcon_core.package_identification:_identify(python_resources/qcar2/hardware/applications) by extension 'colcon_pkg'
[2.504s] Level 1:colcon.colcon_core.package_identification:_identify(python_resources/qcar2/hardware/applications) by extensions ['colcon_meta']
[2.504s] Level 1:colcon.colcon_core.package_identification:_identify(python_resources/qcar2/hardware/applications) by extension 'colcon_meta'
[2.504s] Level 1:colcon.colcon_core.package_identification:_identify(python_resources/qcar2/hardware/applications) by extensions ['ros']
[2.504s] Level 1:colcon.colcon_core.package_identification:_identify(python_resources/qcar2/hardware/applications) by extension 'ros'
[2.504s] Level 1:colcon.colcon_core.package_identification:_identify(python_resources/qcar2/hardware/applications) by extensions ['cmake', 'python']
[2.505s] Level 1:colcon.colcon_core.package_identification:_identify(python_resources/qcar2/hardware/applications) by extension 'cmake'
[2.505s] Level 1:colcon.colcon_core.package_identification:_identify(python_resources/qcar2/hardware/applications) by extension 'python'
[2.505s] Level 1:colcon.colcon_core.package_identification:_identify(python_resources/qcar2/hardware/applications) by extensions ['python_setup_py']
[2.505s] Level 1:colcon.colcon_core.package_identification:_identify(python_resources/qcar2/hardware/applications) by extension 'python_setup_py'
[2.505s] Level 1:colcon.colcon_core.package_identification:_identify(python_resources/qcar2/hardware/applications/360_vision) by extensions ['ignore', 'ignore_ament_install']
[2.505s] Level 1:colcon.colcon_core.package_identification:_identify(python_resources/qcar2/hardware/applications/360_vision) by extension 'ignore'
[2.505s] Level 1:colcon.colcon_core.package_identification:_identify(python_resources/qcar2/hardware/applications/360_vision) by extension 'ignore_ament_install'
[2.505s] Level 1:colcon.colcon_core.package_identification:_identify(python_resources/qcar2/hardware/applications/360_vision) by extensions ['colcon_pkg']
[2.505s] Level 1:colcon.colcon_core.package_identification:_identify(python_resources/qcar2/hardware/applications/360_vision) by extension 'colcon_pkg'
[2.505s] Level 1:colcon.colcon_core.package_identification:_identify(python_resources/qcar2/hardware/applications/360_vision) by extensions ['colcon_meta']
[2.505s] Level 1:colcon.colcon_core.package_identification:_identify(python_resources/qcar2/hardware/applications/360_vision) by extension 'colcon_meta'
[2.505s] Level 1:colcon.colcon_core.package_identification:_identify(python_resources/qcar2/hardware/applications/360_vision) by extensions ['ros']
[2.505s] Level 1:colcon.colcon_core.package_identification:_identify(python_resources/qcar2/hardware/applications/360_vision) by extension 'ros'
[2.505s] Level 1:colcon.colcon_core.package_identification:_identify(python_resources/qcar2/hardware/applications/360_vision) by extensions ['cmake', 'python']
[2.505s] Level 1:colcon.colcon_core.package_identification:_identify(python_resources/qcar2/hardware/applications/360_vision) by extension 'cmake'
[2.505s] Level 1:colcon.colcon_core.package_identification:_identify(python_resources/qcar2/hardware/applications/360_vision) by extension 'python'
[2.505s] Level 1:colcon.colcon_core.package_identification:_identify(python_resources/qcar2/hardware/applications/360_vision) by extensions ['python_setup_py']
[2.505s] Level 1:colcon.colcon_core.package_identification:_identify(python_resources/qcar2/hardware/applications/360_vision) by extension 'python_setup_py'
[2.505s] Level 1:colcon.colcon_core.package_identification:_identify(python_resources/qcar2/hardware/applications/lane_following) by extensions ['ignore', 'ignore_ament_install']
[2.506s] Level 1:colcon.colcon_core.package_identification:_identify(python_resources/qcar2/hardware/applications/lane_following) by extension 'ignore'
[2.506s] Level 1:colcon.colcon_core.package_identification:_identify(python_resources/qcar2/hardware/applications/lane_following) by extension 'ignore_ament_install'
[2.506s] Level 1:colcon.colcon_core.package_identification:_identify(python_resources/qcar2/hardware/applications/lane_following) by extensions ['colcon_pkg']
[2.506s] Level 1:colcon.colcon_core.package_identification:_identify(python_resources/qcar2/hardware/applications/lane_following) by extension 'colcon_pkg'
[2.506s] Level 1:colcon.colcon_core.package_identification:_identify(python_resources/qcar2/hardware/applications/lane_following) by extensions ['colcon_meta']
[2.506s] Level 1:colcon.colcon_core.package_identification:_identify(python_resources/qcar2/hardware/applications/lane_following) by extension 'colcon_meta'
[2.506s] Level 1:colcon.colcon_core.package_identification:_identify(python_resources/qcar2/hardware/applications/lane_following) by extensions ['ros']
[2.506s] Level 1:colcon.colcon_core.package_identification:_identify(python_resources/qcar2/hardware/applications/lane_following) by extension 'ros'
[2.506s] Level 1:colcon.colcon_core.package_identification:_identify(python_resources/qcar2/hardware/applications/lane_following) by extensions ['cmake', 'python']
[2.506s] Level 1:colcon.colcon_core.package_identification:_identify(python_resources/qcar2/hardware/applications/lane_following) by extension 'cmake'
[2.506s] Level 1:colcon.colcon_core.package_identification:_identify(python_resources/qcar2/hardware/applications/lane_following) by extension 'python'
[2.506s] Level 1:colcon.colcon_core.package_identification:_identify(python_resources/qcar2/hardware/applications/lane_following) by extensions ['python_setup_py']
[2.506s] Level 1:colcon.colcon_core.package_identification:_identify(python_resources/qcar2/hardware/applications/lane_following) by extension 'python_setup_py'
[2.506s] Level 1:colcon.colcon_core.package_identification:_identify(python_resources/qcar2/hardware/applications/lanenet) by extensions ['ignore', 'ignore_ament_install']
[2.506s] Level 1:colcon.colcon_core.package_identification:_identify(python_resources/qcar2/hardware/applications/lanenet) by extension 'ignore'
[2.506s] Level 1:colcon.colcon_core.package_identification:_identify(python_resources/qcar2/hardware/applications/lanenet) by extension 'ignore_ament_install'
[2.506s] Level 1:colcon.colcon_core.package_identification:_identify(python_resources/qcar2/hardware/applications/lanenet) by extensions ['colcon_pkg']
[2.506s] Level 1:colcon.colcon_core.package_identification:_identify(python_resources/qcar2/hardware/applications/lanenet) by extension 'colcon_pkg'
[2.506s] Level 1:colcon.colcon_core.package_identification:_identify(python_resources/qcar2/hardware/applications/lanenet) by extensions ['colcon_meta']
[2.506s] Level 1:colcon.colcon_core.package_identification:_identify(python_resources/qcar2/hardware/applications/lanenet) by extension 'colcon_meta'
[2.506s] Level 1:colcon.colcon_core.package_identification:_identify(python_resources/qcar2/hardware/applications/lanenet) by extensions ['ros']
[2.506s] Level 1:colcon.colcon_core.package_identification:_identify(python_resources/qcar2/hardware/applications/lanenet) by extension 'ros'
[2.506s] Level 1:colcon.colcon_core.package_identification:_identify(python_resources/qcar2/hardware/applications/lanenet) by extensions ['cmake', 'python']
[2.506s] Level 1:colcon.colcon_core.package_identification:_identify(python_resources/qcar2/hardware/applications/lanenet) by extension 'cmake'
[2.506s] Level 1:colcon.colcon_core.package_identification:_identify(python_resources/qcar2/hardware/applications/lanenet) by extension 'python'
[2.506s] Level 1:colcon.colcon_core.package_identification:_identify(python_resources/qcar2/hardware/applications/lanenet) by extensions ['python_setup_py']
[2.506s] Level 1:colcon.colcon_core.package_identification:_identify(python_resources/qcar2/hardware/applications/lanenet) by extension 'python_setup_py'
[2.506s] Level 1:colcon.colcon_core.package_identification:_identify(python_resources/qcar2/hardware/applications/manual_drive) by extensions ['ignore', 'ignore_ament_install']
[2.507s] Level 1:colcon.colcon_core.package_identification:_identify(python_resources/qcar2/hardware/applications/manual_drive) by extension 'ignore'
[2.507s] Level 1:colcon.colcon_core.package_identification:_identify(python_resources/qcar2/hardware/applications/manual_drive) by extension 'ignore_ament_install'
[2.507s] Level 1:colcon.colcon_core.package_identification:_identify(python_resources/qcar2/hardware/applications/manual_drive) by extensions ['colcon_pkg']
[2.507s] Level 1:colcon.colcon_core.package_identification:_identify(python_resources/qcar2/hardware/applications/manual_drive) by extension 'colcon_pkg'
[2.507s] Level 1:colcon.colcon_core.package_identification:_identify(python_resources/qcar2/hardware/applications/manual_drive) by extensions ['colcon_meta']
[2.507s] Level 1:colcon.colcon_core.package_identification:_identify(python_resources/qcar2/hardware/applications/manual_drive) by extension 'colcon_meta'
[2.507s] Level 1:colcon.colcon_core.package_identification:_identify(python_resources/qcar2/hardware/applications/manual_drive) by extensions ['ros']
[2.507s] Level 1:colcon.colcon_core.package_identification:_identify(python_resources/qcar2/hardware/applications/manual_drive) by extension 'ros'
[2.507s] Level 1:colcon.colcon_core.package_identification:_identify(python_resources/qcar2/hardware/applications/manual_drive) by extensions ['cmake', 'python']
[2.507s] Level 1:colcon.colcon_core.package_identification:_identify(python_resources/qcar2/hardware/applications/manual_drive) by extension 'cmake'
[2.507s] Level 1:colcon.colcon_core.package_identification:_identify(python_resources/qcar2/hardware/applications/manual_drive) by extension 'python'
[2.507s] Level 1:colcon.colcon_core.package_identification:_identify(python_resources/qcar2/hardware/applications/manual_drive) by extensions ['python_setup_py']
[2.507s] Level 1:colcon.colcon_core.package_identification:_identify(python_resources/qcar2/hardware/applications/manual_drive) by extension 'python_setup_py'
[2.507s] Level 1:colcon.colcon_core.package_identification:_identify(python_resources/qcar2/hardware/applications/multi_vehicle_self_driving) by extensions ['ignore', 'ignore_ament_install']
[2.507s] Level 1:colcon.colcon_core.package_identification:_identify(python_resources/qcar2/hardware/applications/multi_vehicle_self_driving) by extension 'ignore'
[2.507s] Level 1:colcon.colcon_core.package_identification:_identify(python_resources/qcar2/hardware/applications/multi_vehicle_self_driving) by extension 'ignore_ament_install'
[2.507s] Level 1:colcon.colcon_core.package_identification:_identify(python_resources/qcar2/hardware/applications/multi_vehicle_self_driving) by extensions ['colcon_pkg']
[2.507s] Level 1:colcon.colcon_core.package_identification:_identify(python_resources/qcar2/hardware/applications/multi_vehicle_self_driving) by extension 'colcon_pkg'
[2.507s] Level 1:colcon.colcon_core.package_identification:_identify(python_resources/qcar2/hardware/applications/multi_vehicle_self_driving) by extensions ['colcon_meta']
[2.507s] Level 1:colcon.colcon_core.package_identification:_identify(python_resources/qcar2/hardware/applications/multi_vehicle_self_driving) by extension 'colcon_meta'
[2.507s] Level 1:colcon.colcon_core.package_identification:_identify(python_resources/qcar2/hardware/applications/multi_vehicle_self_driving) by extensions ['ros']
[2.507s] Level 1:colcon.colcon_core.package_identification:_identify(python_resources/qcar2/hardware/applications/multi_vehicle_self_driving) by extension 'ros'
[2.507s] Level 1:colcon.colcon_core.package_identification:_identify(python_resources/qcar2/hardware/applications/multi_vehicle_self_driving) by extensions ['cmake', 'python']
[2.507s] Level 1:colcon.colcon_core.package_identification:_identify(python_resources/qcar2/hardware/applications/multi_vehicle_self_driving) by extension 'cmake'
[2.507s] Level 1:colcon.colcon_core.package_identification:_identify(python_resources/qcar2/hardware/applications/multi_vehicle_self_driving) by extension 'python'
[2.507s] Level 1:colcon.colcon_core.package_identification:_identify(python_resources/qcar2/hardware/applications/multi_vehicle_self_driving) by extensions ['python_setup_py']
[2.508s] Level 1:colcon.colcon_core.package_identification:_identify(python_resources/qcar2/hardware/applications/multi_vehicle_self_driving) by extension 'python_setup_py'
[2.508s] Level 1:colcon.colcon_core.package_identification:_identify(python_resources/qcar2/hardware/applications/multi_vehicle_self_driving/python) by extensions ['ignore', 'ignore_ament_install']
[2.508s] Level 1:colcon.colcon_core.package_identification:_identify(python_resources/qcar2/hardware/applications/multi_vehicle_self_driving/python) by extension 'ignore'
[2.508s] Level 1:colcon.colcon_core.package_identification:_identify(python_resources/qcar2/hardware/applications/multi_vehicle_self_driving/python) by extension 'ignore_ament_install'
[2.508s] Level 1:colcon.colcon_core.package_identification:_identify(python_resources/qcar2/hardware/applications/multi_vehicle_self_driving/python) by extensions ['colcon_pkg']
[2.508s] Level 1:colcon.colcon_core.package_identification:_identify(python_resources/qcar2/hardware/applications/multi_vehicle_self_driving/python) by extension 'colcon_pkg'
[2.508s] Level 1:colcon.colcon_core.package_identification:_identify(python_resources/qcar2/hardware/applications/multi_vehicle_self_driving/python) by extensions ['colcon_meta']
[2.508s] Level 1:colcon.colcon_core.package_identification:_identify(python_resources/qcar2/hardware/applications/multi_vehicle_self_driving/python) by extension 'colcon_meta'
[2.508s] Level 1:colcon.colcon_core.package_identification:_identify(python_resources/qcar2/hardware/applications/multi_vehicle_self_driving/python) by extensions ['ros']
[2.508s] Level 1:colcon.colcon_core.package_identification:_identify(python_resources/qcar2/hardware/applications/multi_vehicle_self_driving/python) by extension 'ros'
[2.508s] Level 1:colcon.colcon_core.package_identification:_identify(python_resources/qcar2/hardware/applications/multi_vehicle_self_driving/python) by extensions ['cmake', 'python']
[2.508s] Level 1:colcon.colcon_core.package_identification:_identify(python_resources/qcar2/hardware/applications/multi_vehicle_self_driving/python) by extension 'cmake'
[2.508s] Level 1:colcon.colcon_core.package_identification:_identify(python_resources/qcar2/hardware/applications/multi_vehicle_self_driving/python) by extension 'python'
[2.508s] Level 1:colcon.colcon_core.package_identification:_identify(python_resources/qcar2/hardware/applications/multi_vehicle_self_driving/python) by extensions ['python_setup_py']
[2.508s] Level 1:colcon.colcon_core.package_identification:_identify(python_resources/qcar2/hardware/applications/multi_vehicle_self_driving/python) by extension 'python_setup_py'
[2.508s] Level 1:colcon.colcon_core.package_identification:_identify(python_resources/qcar2/hardware/applications/multi_vehicle_self_driving/qcar) by extensions ['ignore', 'ignore_ament_install']
[2.508s] Level 1:colcon.colcon_core.package_identification:_identify(python_resources/qcar2/hardware/applications/multi_vehicle_self_driving/qcar) by extension 'ignore'
[2.508s] Level 1:colcon.colcon_core.package_identification:_identify(python_resources/qcar2/hardware/applications/multi_vehicle_self_driving/qcar) by extension 'ignore_ament_install'
[2.509s] Level 1:colcon.colcon_core.package_identification:_identify(python_resources/qcar2/hardware/applications/multi_vehicle_self_driving/qcar) by extensions ['colcon_pkg']
[2.509s] Level 1:colcon.colcon_core.package_identification:_identify(python_resources/qcar2/hardware/applications/multi_vehicle_self_driving/qcar) by extension 'colcon_pkg'
[2.509s] Level 1:colcon.colcon_core.package_identification:_identify(python_resources/qcar2/hardware/applications/multi_vehicle_self_driving/qcar) by extensions ['colcon_meta']
[2.509s] Level 1:colcon.colcon_core.package_identification:_identify(python_resources/qcar2/hardware/applications/multi_vehicle_self_driving/qcar) by extension 'colcon_meta'
[2.509s] Level 1:colcon.colcon_core.package_identification:_identify(python_resources/qcar2/hardware/applications/multi_vehicle_self_driving/qcar) by extensions ['ros']
[2.509s] Level 1:colcon.colcon_core.package_identification:_identify(python_resources/qcar2/hardware/applications/multi_vehicle_self_driving/qcar) by extension 'ros'
[2.509s] Level 1:colcon.colcon_core.package_identification:_identify(python_resources/qcar2/hardware/applications/multi_vehicle_self_driving/qcar) by extensions ['cmake', 'python']
[2.509s] Level 1:colcon.colcon_core.package_identification:_identify(python_resources/qcar2/hardware/applications/multi_vehicle_self_driving/qcar) by extension 'cmake'
[2.509s] Level 1:colcon.colcon_core.package_identification:_identify(python_resources/qcar2/hardware/applications/multi_vehicle_self_driving/qcar) by extension 'python'
[2.509s] Level 1:colcon.colcon_core.package_identification:_identify(python_resources/qcar2/hardware/applications/multi_vehicle_self_driving/qcar) by extensions ['python_setup_py']
[2.509s] Level 1:colcon.colcon_core.package_identification:_identify(python_resources/qcar2/hardware/applications/multi_vehicle_self_driving/qcar) by extension 'python_setup_py'
[2.509s] Level 1:colcon.colcon_core.package_identification:_identify(python_resources/qcar2/hardware/applications/multi_vehicle_self_driving/reference_scan) by extensions ['ignore', 'ignore_ament_install']
[2.509s] Level 1:colcon.colcon_core.package_identification:_identify(python_resources/qcar2/hardware/applications/multi_vehicle_self_driving/reference_scan) by extension 'ignore'
[2.509s] Level 1:colcon.colcon_core.package_identification:_identify(python_resources/qcar2/hardware/applications/multi_vehicle_self_driving/reference_scan) by extension 'ignore_ament_install'
[2.509s] Level 1:colcon.colcon_core.package_identification:_identify(python_resources/qcar2/hardware/applications/multi_vehicle_self_driving/reference_scan) by extensions ['colcon_pkg']
[2.509s] Level 1:colcon.colcon_core.package_identification:_identify(python_resources/qcar2/hardware/applications/multi_vehicle_self_driving/reference_scan) by extension 'colcon_pkg'
[2.509s] Level 1:colcon.colcon_core.package_identification:_identify(python_resources/qcar2/hardware/applications/multi_vehicle_self_driving/reference_scan) by extensions ['colcon_meta']
[2.509s] Level 1:colcon.colcon_core.package_identification:_identify(python_resources/qcar2/hardware/applications/multi_vehicle_self_driving/reference_scan) by extension 'colcon_meta'
[2.509s] Level 1:colcon.colcon_core.package_identification:_identify(python_resources/qcar2/hardware/applications/multi_vehicle_self_driving/reference_scan) by extensions ['ros']
[2.510s] Level 1:colcon.colcon_core.package_identification:_identify(python_resources/qcar2/hardware/applications/multi_vehicle_self_driving/reference_scan) by extension 'ros'
[2.510s] Level 1:colcon.colcon_core.package_identification:_identify(python_resources/qcar2/hardware/applications/multi_vehicle_self_driving/reference_scan) by extensions ['cmake', 'python']
[2.510s] Level 1:colcon.colcon_core.package_identification:_identify(python_resources/qcar2/hardware/applications/multi_vehicle_self_driving/reference_scan) by extension 'cmake'
[2.510s] Level 1:colcon.colcon_core.package_identification:_identify(python_resources/qcar2/hardware/applications/multi_vehicle_self_driving/reference_scan) by extension 'python'
[2.510s] Level 1:colcon.colcon_core.package_identification:_identify(python_resources/qcar2/hardware/applications/multi_vehicle_self_driving/reference_scan) by extensions ['python_setup_py']
[2.510s] Level 1:colcon.colcon_core.package_identification:_identify(python_resources/qcar2/hardware/applications/multi_vehicle_self_driving/reference_scan) by extension 'python_setup_py'
[2.510s] Level 1:colcon.colcon_core.package_identification:_identify(python_resources/qcar2/hardware/applications/point_cloud_generation) by extensions ['ignore', 'ignore_ament_install']
[2.510s] Level 1:colcon.colcon_core.package_identification:_identify(python_resources/qcar2/hardware/applications/point_cloud_generation) by extension 'ignore'
[2.510s] Level 1:colcon.colcon_core.package_identification:_identify(python_resources/qcar2/hardware/applications/point_cloud_generation) by extension 'ignore_ament_install'
[2.510s] Level 1:colcon.colcon_core.package_identification:_identify(python_resources/qcar2/hardware/applications/point_cloud_generation) by extensions ['colcon_pkg']
[2.510s] Level 1:colcon.colcon_core.package_identification:_identify(python_resources/qcar2/hardware/applications/point_cloud_generation) by extension 'colcon_pkg'
[2.510s] Level 1:colcon.colcon_core.package_identification:_identify(python_resources/qcar2/hardware/applications/point_cloud_generation) by extensions ['colcon_meta']
[2.510s] Level 1:colcon.colcon_core.package_identification:_identify(python_resources/qcar2/hardware/applications/point_cloud_generation) by extension 'colcon_meta'
[2.510s] Level 1:colcon.colcon_core.package_identification:_identify(python_resources/qcar2/hardware/applications/point_cloud_generation) by extensions ['ros']
[2.510s] Level 1:colcon.colcon_core.package_identification:_identify(python_resources/qcar2/hardware/applications/point_cloud_generation) by extension 'ros'
[2.510s] Level 1:colcon.colcon_core.package_identification:_identify(python_resources/qcar2/hardware/applications/point_cloud_generation) by extensions ['cmake', 'python']
[2.510s] Level 1:colcon.colcon_core.package_identification:_identify(python_resources/qcar2/hardware/applications/point_cloud_generation) by extension 'cmake'
[2.510s] Level 1:colcon.colcon_core.package_identification:_identify(python_resources/qcar2/hardware/applications/point_cloud_generation) by extension 'python'
[2.510s] Level 1:colcon.colcon_core.package_identification:_identify(python_resources/qcar2/hardware/applications/point_cloud_generation) by extensions ['python_setup_py']
[2.510s] Level 1:colcon.colcon_core.package_identification:_identify(python_resources/qcar2/hardware/applications/point_cloud_generation) by extension 'python_setup_py'
[2.510s] Level 1:colcon.colcon_core.package_identification:_identify(python_resources/qcar2/hardware/applications/rgbd_imaging) by extensions ['ignore', 'ignore_ament_install']
[2.510s] Level 1:colcon.colcon_core.package_identification:_identify(python_resources/qcar2/hardware/applications/rgbd_imaging) by extension 'ignore'
[2.510s] Level 1:colcon.colcon_core.package_identification:_identify(python_resources/qcar2/hardware/applications/rgbd_imaging) by extension 'ignore_ament_install'
[2.510s] Level 1:colcon.colcon_core.package_identification:_identify(python_resources/qcar2/hardware/applications/rgbd_imaging) by extensions ['colcon_pkg']
[2.510s] Level 1:colcon.colcon_core.package_identification:_identify(python_resources/qcar2/hardware/applications/rgbd_imaging) by extension 'colcon_pkg'
[2.511s] Level 1:colcon.colcon_core.package_identification:_identify(python_resources/qcar2/hardware/applications/rgbd_imaging) by extensions ['colcon_meta']
[2.511s] Level 1:colcon.colcon_core.package_identification:_identify(python_resources/qcar2/hardware/applications/rgbd_imaging) by extension 'colcon_meta'
[2.511s] Level 1:colcon.colcon_core.package_identification:_identify(python_resources/qcar2/hardware/applications/rgbd_imaging) by extensions ['ros']
[2.511s] Level 1:colcon.colcon_core.package_identification:_identify(python_resources/qcar2/hardware/applications/rgbd_imaging) by extension 'ros'
[2.511s] Level 1:colcon.colcon_core.package_identification:_identify(python_resources/qcar2/hardware/applications/rgbd_imaging) by extensions ['cmake', 'python']
[2.511s] Level 1:colcon.colcon_core.package_identification:_identify(python_resources/qcar2/hardware/applications/rgbd_imaging) by extension 'cmake'
[2.511s] Level 1:colcon.colcon_core.package_identification:_identify(python_resources/qcar2/hardware/applications/rgbd_imaging) by extension 'python'
[2.511s] Level 1:colcon.colcon_core.package_identification:_identify(python_resources/qcar2/hardware/applications/rgbd_imaging) by extensions ['python_setup_py']
[2.511s] Level 1:colcon.colcon_core.package_identification:_identify(python_resources/qcar2/hardware/applications/rgbd_imaging) by extension 'python_setup_py'
[2.511s] Level 1:colcon.colcon_core.package_identification:_identify(python_resources/qcar2/hardware/applications/yolo) by extensions ['ignore', 'ignore_ament_install']
[2.511s] Level 1:colcon.colcon_core.package_identification:_identify(python_resources/qcar2/hardware/applications/yolo) by extension 'ignore'
[2.511s] Level 1:colcon.colcon_core.package_identification:_identify(python_resources/qcar2/hardware/applications/yolo) by extension 'ignore_ament_install'
[2.511s] Level 1:colcon.colcon_core.package_identification:_identify(python_resources/qcar2/hardware/applications/yolo) by extensions ['colcon_pkg']
[2.511s] Level 1:colcon.colcon_core.package_identification:_identify(python_resources/qcar2/hardware/applications/yolo) by extension 'colcon_pkg'
[2.511s] Level 1:colcon.colcon_core.package_identification:_identify(python_resources/qcar2/hardware/applications/yolo) by extensions ['colcon_meta']
[2.511s] Level 1:colcon.colcon_core.package_identification:_identify(python_resources/qcar2/hardware/applications/yolo) by extension 'colcon_meta'
[2.511s] Level 1:colcon.colcon_core.package_identification:_identify(python_resources/qcar2/hardware/applications/yolo) by extensions ['ros']
[2.511s] Level 1:colcon.colcon_core.package_identification:_identify(python_resources/qcar2/hardware/applications/yolo) by extension 'ros'
[2.511s] Level 1:colcon.colcon_core.package_identification:_identify(python_resources/qcar2/hardware/applications/yolo) by extensions ['cmake', 'python']
[2.511s] Level 1:colcon.colcon_core.package_identification:_identify(python_resources/qcar2/hardware/applications/yolo) by extension 'cmake'
[2.511s] Level 1:colcon.colcon_core.package_identification:_identify(python_resources/qcar2/hardware/applications/yolo) by extension 'python'
[2.511s] Level 1:colcon.colcon_core.package_identification:_identify(python_resources/qcar2/hardware/applications/yolo) by extensions ['python_setup_py']
[2.511s] Level 1:colcon.colcon_core.package_identification:_identify(python_resources/qcar2/hardware/applications/yolo) by extension 'python_setup_py'
[2.511s] Level 1:colcon.colcon_core.package_identification:_identify(python_resources/qcar2/hardware/hardware_tests) by extensions ['ignore', 'ignore_ament_install']
[2.511s] Level 1:colcon.colcon_core.package_identification:_identify(python_resources/qcar2/hardware/hardware_tests) by extension 'ignore'
[2.512s] Level 1:colcon.colcon_core.package_identification:_identify(python_resources/qcar2/hardware/hardware_tests) by extension 'ignore_ament_install'
[2.512s] Level 1:colcon.colcon_core.package_identification:_identify(python_resources/qcar2/hardware/hardware_tests) by extensions ['colcon_pkg']
[2.512s] Level 1:colcon.colcon_core.package_identification:_identify(python_resources/qcar2/hardware/hardware_tests) by extension 'colcon_pkg'
[2.512s] Level 1:colcon.colcon_core.package_identification:_identify(python_resources/qcar2/hardware/hardware_tests) by extensions ['colcon_meta']
[2.512s] Level 1:colcon.colcon_core.package_identification:_identify(python_resources/qcar2/hardware/hardware_tests) by extension 'colcon_meta'
[2.512s] Level 1:colcon.colcon_core.package_identification:_identify(python_resources/qcar2/hardware/hardware_tests) by extensions ['ros']
[2.512s] Level 1:colcon.colcon_core.package_identification:_identify(python_resources/qcar2/hardware/hardware_tests) by extension 'ros'
[2.512s] Level 1:colcon.colcon_core.package_identification:_identify(python_resources/qcar2/hardware/hardware_tests) by extensions ['cmake', 'python']
[2.512s] Level 1:colcon.colcon_core.package_identification:_identify(python_resources/qcar2/hardware/hardware_tests) by extension 'cmake'
[2.512s] Level 1:colcon.colcon_core.package_identification:_identify(python_resources/qcar2/hardware/hardware_tests) by extension 'python'
[2.512s] Level 1:colcon.colcon_core.package_identification:_identify(python_resources/qcar2/hardware/hardware_tests) by extensions ['python_setup_py']
[2.512s] Level 1:colcon.colcon_core.package_identification:_identify(python_resources/qcar2/hardware/hardware_tests) by extension 'python_setup_py'
[2.512s] Level 1:colcon.colcon_core.package_identification:_identify(python_resources/qcar2/virtual) by extensions ['ignore', 'ignore_ament_install']
[2.512s] Level 1:colcon.colcon_core.package_identification:_identify(python_resources/qcar2/virtual) by extension 'ignore'
[2.512s] Level 1:colcon.colcon_core.package_identification:_identify(python_resources/qcar2/virtual) by extension 'ignore_ament_install'
[2.512s] Level 1:colcon.colcon_core.package_identification:_identify(python_resources/qcar2/virtual) by extensions ['colcon_pkg']
[2.512s] Level 1:colcon.colcon_core.package_identification:_identify(python_resources/qcar2/virtual) by extension 'colcon_pkg'
[2.512s] Level 1:colcon.colcon_core.package_identification:_identify(python_resources/qcar2/virtual) by extensions ['colcon_meta']
[2.512s] Level 1:colcon.colcon_core.package_identification:_identify(python_resources/qcar2/virtual) by extension 'colcon_meta'
[2.512s] Level 1:colcon.colcon_core.package_identification:_identify(python_resources/qcar2/virtual) by extensions ['ros']
[2.512s] Level 1:colcon.colcon_core.package_identification:_identify(python_resources/qcar2/virtual) by extension 'ros'
[2.512s] Level 1:colcon.colcon_core.package_identification:_identify(python_resources/qcar2/virtual) by extensions ['cmake', 'python']
[2.512s] Level 1:colcon.colcon_core.package_identification:_identify(python_resources/qcar2/virtual) by extension 'cmake'
[2.512s] Level 1:colcon.colcon_core.package_identification:_identify(python_resources/qcar2/virtual) by extension 'python'
[2.512s] Level 1:colcon.colcon_core.package_identification:_identify(python_resources/qcar2/virtual) by extensions ['python_setup_py']
[2.512s] Level 1:colcon.colcon_core.package_identification:_identify(python_resources/qcar2/virtual) by extension 'python_setup_py'
[2.512s] Level 1:colcon.colcon_core.package_identification:_identify(python_resources/qcar2/virtual/applications) by extensions ['ignore', 'ignore_ament_install']
[2.513s] Level 1:colcon.colcon_core.package_identification:_identify(python_resources/qcar2/virtual/applications) by extension 'ignore'
[2.513s] Level 1:colcon.colcon_core.package_identification:_identify(python_resources/qcar2/virtual/applications) by extension 'ignore_ament_install'
[2.513s] Level 1:colcon.colcon_core.package_identification:_identify(python_resources/qcar2/virtual/applications) by extensions ['colcon_pkg']
[2.513s] Level 1:colcon.colcon_core.package_identification:_identify(python_resources/qcar2/virtual/applications) by extension 'colcon_pkg'
[2.513s] Level 1:colcon.colcon_core.package_identification:_identify(python_resources/qcar2/virtual/applications) by extensions ['colcon_meta']
[2.513s] Level 1:colcon.colcon_core.package_identification:_identify(python_resources/qcar2/virtual/applications) by extension 'colcon_meta'
[2.513s] Level 1:colcon.colcon_core.package_identification:_identify(python_resources/qcar2/virtual/applications) by extensions ['ros']
[2.513s] Level 1:colcon.colcon_core.package_identification:_identify(python_resources/qcar2/virtual/applications) by extension 'ros'
[2.513s] Level 1:colcon.colcon_core.package_identification:_identify(python_resources/qcar2/virtual/applications) by extensions ['cmake', 'python']
[2.513s] Level 1:colcon.colcon_core.package_identification:_identify(python_resources/qcar2/virtual/applications) by extension 'cmake'
[2.513s] Level 1:colcon.colcon_core.package_identification:_identify(python_resources/qcar2/virtual/applications) by extension 'python'
[2.513s] Level 1:colcon.colcon_core.package_identification:_identify(python_resources/qcar2/virtual/applications) by extensions ['python_setup_py']
[2.513s] Level 1:colcon.colcon_core.package_identification:_identify(python_resources/qcar2/virtual/applications) by extension 'python_setup_py'
[2.513s] Level 1:colcon.colcon_core.package_identification:_identify(python_resources/qcar2/virtual/applications/360_vision) by extensions ['ignore', 'ignore_ament_install']
[2.513s] Level 1:colcon.colcon_core.package_identification:_identify(python_resources/qcar2/virtual/applications/360_vision) by extension 'ignore'
[2.513s] Level 1:colcon.colcon_core.package_identification:_identify(python_resources/qcar2/virtual/applications/360_vision) by extension 'ignore_ament_install'
[2.513s] Level 1:colcon.colcon_core.package_identification:_identify(python_resources/qcar2/virtual/applications/360_vision) by extensions ['colcon_pkg']
[2.513s] Level 1:colcon.colcon_core.package_identification:_identify(python_resources/qcar2/virtual/applications/360_vision) by extension 'colcon_pkg'
[2.514s] Level 1:colcon.colcon_core.package_identification:_identify(python_resources/qcar2/virtual/applications/360_vision) by extensions ['colcon_meta']
[2.514s] Level 1:colcon.colcon_core.package_identification:_identify(python_resources/qcar2/virtual/applications/360_vision) by extension 'colcon_meta'
[2.514s] Level 1:colcon.colcon_core.package_identification:_identify(python_resources/qcar2/virtual/applications/360_vision) by extensions ['ros']
[2.514s] Level 1:colcon.colcon_core.package_identification:_identify(python_resources/qcar2/virtual/applications/360_vision) by extension 'ros'
[2.514s] Level 1:colcon.colcon_core.package_identification:_identify(python_resources/qcar2/virtual/applications/360_vision) by extensions ['cmake', 'python']
[2.514s] Level 1:colcon.colcon_core.package_identification:_identify(python_resources/qcar2/virtual/applications/360_vision) by extension 'cmake'
[2.514s] Level 1:colcon.colcon_core.package_identification:_identify(python_resources/qcar2/virtual/applications/360_vision) by extension 'python'
[2.514s] Level 1:colcon.colcon_core.package_identification:_identify(python_resources/qcar2/virtual/applications/360_vision) by extensions ['python_setup_py']
[2.514s] Level 1:colcon.colcon_core.package_identification:_identify(python_resources/qcar2/virtual/applications/360_vision) by extension 'python_setup_py'
[2.514s] Level 1:colcon.colcon_core.package_identification:_identify(python_resources/qcar2/virtual/applications/lane_following) by extensions ['ignore', 'ignore_ament_install']
[2.514s] Level 1:colcon.colcon_core.package_identification:_identify(python_resources/qcar2/virtual/applications/lane_following) by extension 'ignore'
[2.514s] Level 1:colcon.colcon_core.package_identification:_identify(python_resources/qcar2/virtual/applications/lane_following) by extension 'ignore_ament_install'
[2.514s] Level 1:colcon.colcon_core.package_identification:_identify(python_resources/qcar2/virtual/applications/lane_following) by extensions ['colcon_pkg']
[2.514s] Level 1:colcon.colcon_core.package_identification:_identify(python_resources/qcar2/virtual/applications/lane_following) by extension 'colcon_pkg'
[2.514s] Level 1:colcon.colcon_core.package_identification:_identify(python_resources/qcar2/virtual/applications/lane_following) by extensions ['colcon_meta']
[2.514s] Level 1:colcon.colcon_core.package_identification:_identify(python_resources/qcar2/virtual/applications/lane_following) by extension 'colcon_meta'
[2.514s] Level 1:colcon.colcon_core.package_identification:_identify(python_resources/qcar2/virtual/applications/lane_following) by extensions ['ros']
[2.515s] Level 1:colcon.colcon_core.package_identification:_identify(python_resources/qcar2/virtual/applications/lane_following) by extension 'ros'
[2.515s] Level 1:colcon.colcon_core.package_identification:_identify(python_resources/qcar2/virtual/applications/lane_following) by extensions ['cmake', 'python']
[2.515s] Level 1:colcon.colcon_core.package_identification:_identify(python_resources/qcar2/virtual/applications/lane_following) by extension 'cmake'
[2.515s] Level 1:colcon.colcon_core.package_identification:_identify(python_resources/qcar2/virtual/applications/lane_following) by extension 'python'
[2.515s] Level 1:colcon.colcon_core.package_identification:_identify(python_resources/qcar2/virtual/applications/lane_following) by extensions ['python_setup_py']
[2.515s] Level 1:colcon.colcon_core.package_identification:_identify(python_resources/qcar2/virtual/applications/lane_following) by extension 'python_setup_py'
[2.515s] Level 1:colcon.colcon_core.package_identification:_identify(python_resources/qcar2/virtual/applications/manual_drive) by extensions ['ignore', 'ignore_ament_install']
[2.515s] Level 1:colcon.colcon_core.package_identification:_identify(python_resources/qcar2/virtual/applications/manual_drive) by extension 'ignore'
[2.515s] Level 1:colcon.colcon_core.package_identification:_identify(python_resources/qcar2/virtual/applications/manual_drive) by extension 'ignore_ament_install'
[2.515s] Level 1:colcon.colcon_core.package_identification:_identify(python_resources/qcar2/virtual/applications/manual_drive) by extensions ['colcon_pkg']
[2.515s] Level 1:colcon.colcon_core.package_identification:_identify(python_resources/qcar2/virtual/applications/manual_drive) by extension 'colcon_pkg'
[2.515s] Level 1:colcon.colcon_core.package_identification:_identify(python_resources/qcar2/virtual/applications/manual_drive) by extensions ['colcon_meta']
[2.515s] Level 1:colcon.colcon_core.package_identification:_identify(python_resources/qcar2/virtual/applications/manual_drive) by extension 'colcon_meta'
[2.515s] Level 1:colcon.colcon_core.package_identification:_identify(python_resources/qcar2/virtual/applications/manual_drive) by extensions ['ros']
[2.515s] Level 1:colcon.colcon_core.package_identification:_identify(python_resources/qcar2/virtual/applications/manual_drive) by extension 'ros'
[2.515s] Level 1:colcon.colcon_core.package_identification:_identify(python_resources/qcar2/virtual/applications/manual_drive) by extensions ['cmake', 'python']
[2.515s] Level 1:colcon.colcon_core.package_identification:_identify(python_resources/qcar2/virtual/applications/manual_drive) by extension 'cmake'
[2.515s] Level 1:colcon.colcon_core.package_identification:_identify(python_resources/qcar2/virtual/applications/manual_drive) by extension 'python'
[2.515s] Level 1:colcon.colcon_core.package_identification:_identify(python_resources/qcar2/virtual/applications/manual_drive) by extensions ['python_setup_py']
[2.515s] Level 1:colcon.colcon_core.package_identification:_identify(python_resources/qcar2/virtual/applications/manual_drive) by extension 'python_setup_py'
[2.515s] Level 1:colcon.colcon_core.package_identification:_identify(python_resources/qcar2/virtual/applications/point_cloud_generation) by extensions ['ignore', 'ignore_ament_install']
[2.515s] Level 1:colcon.colcon_core.package_identification:_identify(python_resources/qcar2/virtual/applications/point_cloud_generation) by extension 'ignore'
[2.515s] Level 1:colcon.colcon_core.package_identification:_identify(python_resources/qcar2/virtual/applications/point_cloud_generation) by extension 'ignore_ament_install'
[2.515s] Level 1:colcon.colcon_core.package_identification:_identify(python_resources/qcar2/virtual/applications/point_cloud_generation) by extensions ['colcon_pkg']
[2.515s] Level 1:colcon.colcon_core.package_identification:_identify(python_resources/qcar2/virtual/applications/point_cloud_generation) by extension 'colcon_pkg'
[2.516s] Level 1:colcon.colcon_core.package_identification:_identify(python_resources/qcar2/virtual/applications/point_cloud_generation) by extensions ['colcon_meta']
[2.516s] Level 1:colcon.colcon_core.package_identification:_identify(python_resources/qcar2/virtual/applications/point_cloud_generation) by extension 'colcon_meta'
[2.516s] Level 1:colcon.colcon_core.package_identification:_identify(python_resources/qcar2/virtual/applications/point_cloud_generation) by extensions ['ros']
[2.516s] Level 1:colcon.colcon_core.package_identification:_identify(python_resources/qcar2/virtual/applications/point_cloud_generation) by extension 'ros'
[2.516s] Level 1:colcon.colcon_core.package_identification:_identify(python_resources/qcar2/virtual/applications/point_cloud_generation) by extensions ['cmake', 'python']
[2.516s] Level 1:colcon.colcon_core.package_identification:_identify(python_resources/qcar2/virtual/applications/point_cloud_generation) by extension 'cmake'
[2.516s] Level 1:colcon.colcon_core.package_identification:_identify(python_resources/qcar2/virtual/applications/point_cloud_generation) by extension 'python'
[2.516s] Level 1:colcon.colcon_core.package_identification:_identify(python_resources/qcar2/virtual/applications/point_cloud_generation) by extensions ['python_setup_py']
[2.516s] Level 1:colcon.colcon_core.package_identification:_identify(python_resources/qcar2/virtual/applications/point_cloud_generation) by extension 'python_setup_py'
[2.516s] Level 1:colcon.colcon_core.package_identification:_identify(python_resources/qcar2/virtual/applications/rgbd_imaging) by extensions ['ignore', 'ignore_ament_install']
[2.516s] Level 1:colcon.colcon_core.package_identification:_identify(python_resources/qcar2/virtual/applications/rgbd_imaging) by extension 'ignore'
[2.516s] Level 1:colcon.colcon_core.package_identification:_identify(python_resources/qcar2/virtual/applications/rgbd_imaging) by extension 'ignore_ament_install'
[2.516s] Level 1:colcon.colcon_core.package_identification:_identify(python_resources/qcar2/virtual/applications/rgbd_imaging) by extensions ['colcon_pkg']
[2.516s] Level 1:colcon.colcon_core.package_identification:_identify(python_resources/qcar2/virtual/applications/rgbd_imaging) by extension 'colcon_pkg'
[2.516s] Level 1:colcon.colcon_core.package_identification:_identify(python_resources/qcar2/virtual/applications/rgbd_imaging) by extensions ['colcon_meta']
[2.516s] Level 1:colcon.colcon_core.package_identification:_identify(python_resources/qcar2/virtual/applications/rgbd_imaging) by extension 'colcon_meta'
[2.516s] Level 1:colcon.colcon_core.package_identification:_identify(python_resources/qcar2/virtual/applications/rgbd_imaging) by extensions ['ros']
[2.516s] Level 1:colcon.colcon_core.package_identification:_identify(python_resources/qcar2/virtual/applications/rgbd_imaging) by extension 'ros'
[2.516s] Level 1:colcon.colcon_core.package_identification:_identify(python_resources/qcar2/virtual/applications/rgbd_imaging) by extensions ['cmake', 'python']
[2.516s] Level 1:colcon.colcon_core.package_identification:_identify(python_resources/qcar2/virtual/applications/rgbd_imaging) by extension 'cmake'
[2.516s] Level 1:colcon.colcon_core.package_identification:_identify(python_resources/qcar2/virtual/applications/rgbd_imaging) by extension 'python'
[2.516s] Level 1:colcon.colcon_core.package_identification:_identify(python_resources/qcar2/virtual/applications/rgbd_imaging) by extensions ['python_setup_py']
[2.516s] Level 1:colcon.colcon_core.package_identification:_identify(python_resources/qcar2/virtual/applications/rgbd_imaging) by extension 'python_setup_py'
[2.516s] Level 1:colcon.colcon_core.package_identification:_identify(python_resources/qcar2/virtual/hardware_tests) by extensions ['ignore', 'ignore_ament_install']
[2.516s] Level 1:colcon.colcon_core.package_identification:_identify(python_resources/qcar2/virtual/hardware_tests) by extension 'ignore'
[2.516s] Level 1:colcon.colcon_core.package_identification:_identify(python_resources/qcar2/virtual/hardware_tests) by extension 'ignore_ament_install'
[2.516s] Level 1:colcon.colcon_core.package_identification:_identify(python_resources/qcar2/virtual/hardware_tests) by extensions ['colcon_pkg']
[2.516s] Level 1:colcon.colcon_core.package_identification:_identify(python_resources/qcar2/virtual/hardware_tests) by extension 'colcon_pkg'
[2.517s] Level 1:colcon.colcon_core.package_identification:_identify(python_resources/qcar2/virtual/hardware_tests) by extensions ['colcon_meta']
[2.517s] Level 1:colcon.colcon_core.package_identification:_identify(python_resources/qcar2/virtual/hardware_tests) by extension 'colcon_meta'
[2.517s] Level 1:colcon.colcon_core.package_identification:_identify(python_resources/qcar2/virtual/hardware_tests) by extensions ['ros']
[2.517s] Level 1:colcon.colcon_core.package_identification:_identify(python_resources/qcar2/virtual/hardware_tests) by extension 'ros'
[2.517s] Level 1:colcon.colcon_core.package_identification:_identify(python_resources/qcar2/virtual/hardware_tests) by extensions ['cmake', 'python']
[2.517s] Level 1:colcon.colcon_core.package_identification:_identify(python_resources/qcar2/virtual/hardware_tests) by extension 'cmake'
[2.517s] Level 1:colcon.colcon_core.package_identification:_identify(python_resources/qcar2/virtual/hardware_tests) by extension 'python'
[2.517s] Level 1:colcon.colcon_core.package_identification:_identify(python_resources/qcar2/virtual/hardware_tests) by extensions ['python_setup_py']
[2.517s] Level 1:colcon.colcon_core.package_identification:_identify(python_resources/qcar2/virtual/hardware_tests) by extension 'python_setup_py'
[2.517s] Level 1:colcon.colcon_core.package_identification:_identify(python_resources/roadmap) by extensions ['ignore', 'ignore_ament_install']
[2.517s] Level 1:colcon.colcon_core.package_identification:_identify(python_resources/roadmap) by extension 'ignore'
[2.517s] Level 1:colcon.colcon_core.package_identification:_identify(python_resources/roadmap) by extension 'ignore_ament_install'
[2.517s] Level 1:colcon.colcon_core.package_identification:_identify(python_resources/roadmap) by extensions ['colcon_pkg']
[2.517s] Level 1:colcon.colcon_core.package_identification:_identify(python_resources/roadmap) by extension 'colcon_pkg'
[2.517s] Level 1:colcon.colcon_core.package_identification:_identify(python_resources/roadmap) by extensions ['colcon_meta']
[2.517s] Level 1:colcon.colcon_core.package_identification:_identify(python_resources/roadmap) by extension 'colcon_meta'
[2.517s] Level 1:colcon.colcon_core.package_identification:_identify(python_resources/roadmap) by extensions ['ros']
[2.517s] Level 1:colcon.colcon_core.package_identification:_identify(python_resources/roadmap) by extension 'ros'
[2.517s] Level 1:colcon.colcon_core.package_identification:_identify(python_resources/roadmap) by extensions ['cmake', 'python']
[2.517s] Level 1:colcon.colcon_core.package_identification:_identify(python_resources/roadmap) by extension 'cmake'
[2.517s] Level 1:colcon.colcon_core.package_identification:_identify(python_resources/roadmap) by extension 'python'
[2.517s] Level 1:colcon.colcon_core.package_identification:_identify(python_resources/roadmap) by extensions ['python_setup_py']
[2.518s] Level 1:colcon.colcon_core.package_identification:_identify(python_resources/roadmap) by extension 'python_setup_py'
[2.518s] Level 1:colcon.colcon_core.package_identification:_identify(python_resources/traffic_light) by extensions ['ignore', 'ignore_ament_install']
[2.518s] Level 1:colcon.colcon_core.package_identification:_identify(python_resources/traffic_light) by extension 'ignore'
[2.518s] Level 1:colcon.colcon_core.package_identification:_identify(python_resources/traffic_light) by extension 'ignore_ament_install'
[2.518s] Level 1:colcon.colcon_core.package_identification:_identify(python_resources/traffic_light) by extensions ['colcon_pkg']
[2.518s] Level 1:colcon.colcon_core.package_identification:_identify(python_resources/traffic_light) by extension 'colcon_pkg'
[2.518s] Level 1:colcon.colcon_core.package_identification:_identify(python_resources/traffic_light) by extensions ['colcon_meta']
[2.518s] Level 1:colcon.colcon_core.package_identification:_identify(python_resources/traffic_light) by extension 'colcon_meta'
[2.518s] Level 1:colcon.colcon_core.package_identification:_identify(python_resources/traffic_light) by extensions ['ros']
[2.518s] Level 1:colcon.colcon_core.package_identification:_identify(python_resources/traffic_light) by extension 'ros'
[2.518s] Level 1:colcon.colcon_core.package_identification:_identify(python_resources/traffic_light) by extensions ['cmake', 'python']
[2.518s] Level 1:colcon.colcon_core.package_identification:_identify(python_resources/traffic_light) by extension 'cmake'
[2.518s] Level 1:colcon.colcon_core.package_identification:_identify(python_resources/traffic_light) by extension 'python'
[2.518s] Level 1:colcon.colcon_core.package_identification:_identify(python_resources/traffic_light) by extensions ['python_setup_py']
[2.518s] Level 1:colcon.colcon_core.package_identification:_identify(python_resources/traffic_light) by extension 'python_setup_py'
[2.518s] Level 1:colcon.colcon_core.package_identification:_identify(ros2) by extensions ['ignore', 'ignore_ament_install']
[2.518s] Level 1:colcon.colcon_core.package_identification:_identify(ros2) by extension 'ignore'
[2.518s] Level 1:colcon.colcon_core.package_identification:_identify(ros2) by extension 'ignore_ament_install'
[2.518s] Level 1:colcon.colcon_core.package_identification:_identify(ros2) by extensions ['colcon_pkg']
[2.518s] Level 1:colcon.colcon_core.package_identification:_identify(ros2) by extension 'colcon_pkg'
[2.518s] Level 1:colcon.colcon_core.package_identification:_identify(ros2) by extensions ['colcon_meta']
[2.518s] Level 1:colcon.colcon_core.package_identification:_identify(ros2) by extension 'colcon_meta'
[2.518s] Level 1:colcon.colcon_core.package_identification:_identify(ros2) by extensions ['ros']
[2.518s] Level 1:colcon.colcon_core.package_identification:_identify(ros2) by extension 'ros'
[2.518s] Level 1:colcon.colcon_core.package_identification:_identify(ros2) by extensions ['cmake', 'python']
[2.518s] Level 1:colcon.colcon_core.package_identification:_identify(ros2) by extension 'cmake'
[2.518s] Level 1:colcon.colcon_core.package_identification:_identify(ros2) by extension 'python'
[2.518s] Level 1:colcon.colcon_core.package_identification:_identify(ros2) by extensions ['python_setup_py']
[2.518s] Level 1:colcon.colcon_core.package_identification:_identify(ros2) by extension 'python_setup_py'
[2.518s] Level 1:colcon.colcon_core.package_identification:_identify(ros2/src) by extensions ['ignore', 'ignore_ament_install']
[2.519s] Level 1:colcon.colcon_core.package_identification:_identify(ros2/src) by extension 'ignore'
[2.519s] Level 1:colcon.colcon_core.package_identification:_identify(ros2/src) by extension 'ignore_ament_install'
[2.519s] Level 1:colcon.colcon_core.package_identification:_identify(ros2/src) by extensions ['colcon_pkg']
[2.519s] Level 1:colcon.colcon_core.package_identification:_identify(ros2/src) by extension 'colcon_pkg'
[2.519s] Level 1:colcon.colcon_core.package_identification:_identify(ros2/src) by extensions ['colcon_meta']
[2.519s] Level 1:colcon.colcon_core.package_identification:_identify(ros2/src) by extension 'colcon_meta'
[2.519s] Level 1:colcon.colcon_core.package_identification:_identify(ros2/src) by extensions ['ros']
[2.519s] Level 1:colcon.colcon_core.package_identification:_identify(ros2/src) by extension 'ros'
[2.519s] Level 1:colcon.colcon_core.package_identification:_identify(ros2/src) by extensions ['cmake', 'python']
[2.519s] Level 1:colcon.colcon_core.package_identification:_identify(ros2/src) by extension 'cmake'
[2.519s] Level 1:colcon.colcon_core.package_identification:_identify(ros2/src) by extension 'python'
[2.519s] Level 1:colcon.colcon_core.package_identification:_identify(ros2/src) by extensions ['python_setup_py']
[2.519s] Level 1:colcon.colcon_core.package_identification:_identify(ros2/src) by extension 'python_setup_py'
[2.519s] Level 1:colcon.colcon_core.package_identification:_identify(ros2/src/build) by extensions ['ignore', 'ignore_ament_install']
[2.519s] Level 1:colcon.colcon_core.package_identification:_identify(ros2/src/build) by extension 'ignore'
[2.519s] Level 1:colcon.colcon_core.package_identification:_identify(ros2/src/build) ignored
[2.519s] Level 1:colcon.colcon_core.package_identification:_identify(ros2/src/install) by extensions ['ignore', 'ignore_ament_install']
[2.519s] Level 1:colcon.colcon_core.package_identification:_identify(ros2/src/install) by extension 'ignore'
[2.519s] Level 1:colcon.colcon_core.package_identification:_identify(ros2/src/install) ignored
[2.519s] Level 1:colcon.colcon_core.package_identification:_identify(ros2/src/log) by extensions ['ignore', 'ignore_ament_install']
[2.519s] Level 1:colcon.colcon_core.package_identification:_identify(ros2/src/log) by extension 'ignore'
[2.519s] Level 1:colcon.colcon_core.package_identification:_identify(ros2/src/log) ignored
[2.519s] Level 1:colcon.colcon_core.package_identification:_identify(ros2/src/qcar2_autonomy) by extensions ['ignore', 'ignore_ament_install']
[2.519s] Level 1:colcon.colcon_core.package_identification:_identify(ros2/src/qcar2_autonomy) by extension 'ignore'
[2.519s] Level 1:colcon.colcon_core.package_identification:_identify(ros2/src/qcar2_autonomy) by extension 'ignore_ament_install'
[2.519s] Level 1:colcon.colcon_core.package_identification:_identify(ros2/src/qcar2_autonomy) by extensions ['colcon_pkg']
[2.520s] Level 1:colcon.colcon_core.package_identification:_identify(ros2/src/qcar2_autonomy) by extension 'colcon_pkg'
[2.520s] Level 1:colcon.colcon_core.package_identification:_identify(ros2/src/qcar2_autonomy) by extensions ['colcon_meta']
[2.520s] Level 1:colcon.colcon_core.package_identification:_identify(ros2/src/qcar2_autonomy) by extension 'colcon_meta'
[2.520s] Level 1:colcon.colcon_core.package_identification:_identify(ros2/src/qcar2_autonomy) by extensions ['ros']
[2.520s] Level 1:colcon.colcon_core.package_identification:_identify(ros2/src/qcar2_autonomy) by extension 'ros'
[2.522s] DEBUG:colcon.colcon_core.package_identification:Package 'ros2/src/qcar2_autonomy' with type 'ros.ament_python' and name 'qcar2_autonomy'
[2.522s] Level 1:colcon.colcon_core.package_identification:_identify(ros2/src/qcar2_interfaces) by extensions ['ignore', 'ignore_ament_install']
[2.522s] Level 1:colcon.colcon_core.package_identification:_identify(ros2/src/qcar2_interfaces) by extension 'ignore'
[2.522s] Level 1:colcon.colcon_core.package_identification:_identify(ros2/src/qcar2_interfaces) by extension 'ignore_ament_install'
[2.522s] Level 1:colcon.colcon_core.package_identification:_identify(ros2/src/qcar2_interfaces) by extensions ['colcon_pkg']
[2.522s] Level 1:colcon.colcon_core.package_identification:_identify(ros2/src/qcar2_interfaces) by extension 'colcon_pkg'
[2.522s] Level 1:colcon.colcon_core.package_identification:_identify(ros2/src/qcar2_interfaces) by extensions ['colcon_meta']
[2.522s] Level 1:colcon.colcon_core.package_identification:_identify(ros2/src/qcar2_interfaces) by extension 'colcon_meta'
[2.522s] Level 1:colcon.colcon_core.package_identification:_identify(ros2/src/qcar2_interfaces) by extensions ['ros']
[2.522s] Level 1:colcon.colcon_core.package_identification:_identify(ros2/src/qcar2_interfaces) by extension 'ros'
[2.523s] DEBUG:colcon.colcon_core.package_identification:Package 'ros2/src/qcar2_interfaces' with type 'ros.ament_cmake' and name 'qcar2_interfaces'
[2.523s] Level 1:colcon.colcon_core.package_identification:_identify(ros2/src/qcar2_nodes) by extensions ['ignore', 'ignore_ament_install']
[2.523s] Level 1:colcon.colcon_core.package_identification:_identify(ros2/src/qcar2_nodes) by extension 'ignore'
[2.523s] Level 1:colcon.colcon_core.package_identification:_identify(ros2/src/qcar2_nodes) by extension 'ignore_ament_install'
[2.523s] Level 1:colcon.colcon_core.package_identification:_identify(ros2/src/qcar2_nodes) by extensions ['colcon_pkg']
[2.523s] Level 1:colcon.colcon_core.package_identification:_identify(ros2/src/qcar2_nodes) by extension 'colcon_pkg'
[2.523s] Level 1:colcon.colcon_core.package_identification:_identify(ros2/src/qcar2_nodes) by extensions ['colcon_meta']
[2.523s] Level 1:colcon.colcon_core.package_identification:_identify(ros2/src/qcar2_nodes) by extension 'colcon_meta'
[2.523s] Level 1:colcon.colcon_core.package_identification:_identify(ros2/src/qcar2_nodes) by extensions ['ros']
[2.523s] Level 1:colcon.colcon_core.package_identification:_identify(ros2/src/qcar2_nodes) by extension 'ros'
[2.524s] DEBUG:colcon.colcon_core.package_identification:Package 'ros2/src/qcar2_nodes' with type 'ros.ament_cmake' and name 'qcar2_nodes'
[2.524s] Level 1:colcon.colcon_core.package_identification:_identify(run_completo) by extensions ['ignore', 'ignore_ament_install']
[2.524s] Level 1:colcon.colcon_core.package_identification:_identify(run_completo) by extension 'ignore'
[2.524s] Level 1:colcon.colcon_core.package_identification:_identify(run_completo) by extension 'ignore_ament_install'
[2.524s] Level 1:colcon.colcon_core.package_identification:_identify(run_completo) by extensions ['colcon_pkg']
[2.524s] Level 1:colcon.colcon_core.package_identification:_identify(run_completo) by extension 'colcon_pkg'
[2.524s] Level 1:colcon.colcon_core.package_identification:_identify(run_completo) by extensions ['colcon_meta']
[2.524s] Level 1:colcon.colcon_core.package_identification:_identify(run_completo) by extension 'colcon_meta'
[2.524s] Level 1:colcon.colcon_core.package_identification:_identify(run_completo) by extensions ['ros']
[2.524s] Level 1:colcon.colcon_core.package_identification:_identify(run_completo) by extension 'ros'
[2.524s] Level 1:colcon.colcon_core.package_identification:_identify(run_completo) by extensions ['cmake', 'python']
[2.524s] Level 1:colcon.colcon_core.package_identification:_identify(run_completo) by extension 'cmake'
[2.524s] Level 1:colcon.colcon_core.package_identification:_identify(run_completo) by extension 'python'
[2.524s] Level 1:colcon.colcon_core.package_identification:_identify(run_completo) by extensions ['python_setup_py']
[2.524s] Level 1:colcon.colcon_core.package_identification:_identify(run_completo) by extension 'python_setup_py'
[2.524s] Level 1:colcon.colcon_core.package_identification:_identify(v1_R_static) by extensions ['ignore', 'ignore_ament_install']
[2.524s] Level 1:colcon.colcon_core.package_identification:_identify(v1_R_static) by extension 'ignore'
[2.524s] Level 1:colcon.colcon_core.package_identification:_identify(v1_R_static) by extension 'ignore_ament_install'
[2.524s] Level 1:colcon.colcon_core.package_identification:_identify(v1_R_static) by extensions ['colcon_pkg']
[2.525s] Level 1:colcon.colcon_core.package_identification:_identify(v1_R_static) by extension 'colcon_pkg'
[2.525s] Level 1:colcon.colcon_core.package_identification:_identify(v1_R_static) by extensions ['colcon_meta']
[2.525s] Level 1:colcon.colcon_core.package_identification:_identify(v1_R_static) by extension 'colcon_meta'
[2.525s] Level 1:colcon.colcon_core.package_identification:_identify(v1_R_static) by extensions ['ros']
[2.525s] Level 1:colcon.colcon_core.package_identification:_identify(v1_R_static) by extension 'ros'
[2.525s] Level 1:colcon.colcon_core.package_identification:_identify(v1_R_static) by extensions ['cmake', 'python']
[2.525s] Level 1:colcon.colcon_core.package_identification:_identify(v1_R_static) by extension 'cmake'
[2.525s] Level 1:colcon.colcon_core.package_identification:_identify(v1_R_static) by extension 'python'
[2.525s] Level 1:colcon.colcon_core.package_identification:_identify(v1_R_static) by extensions ['python_setup_py']
[2.525s] Level 1:colcon.colcon_core.package_identification:_identify(v1_R_static) by extension 'python_setup_py'
[2.525s] Level 1:colcon.colcon_core.package_discovery:discover_packages(recursive) using defaults
[2.525s] Level 1:colcon.colcon_core.package_discovery:discover_packages(ignore) discover
[2.525s] Level 1:colcon.colcon_core.package_discovery:discover_packages(ignore) using defaults
[2.525s] Level 1:colcon.colcon_core.package_discovery:discover_packages(path) discover
[2.525s] Level 1:colcon.colcon_core.package_discovery:discover_packages(path) using defaults
[2.617s] Level 1:colcon.colcon_core.package_discovery:discover_packages(prefix_path) check parameters
[2.617s] Level 1:colcon.colcon_core.package_discovery:discover_packages(prefix_path) discover
[2.639s] DEBUG:colcon.colcon_installed_package_information.package_discovery:Found 3 installed packages in /workspaces/isaac_ros-dev/install
[2.647s] DEBUG:colcon.colcon_installed_package_information.package_discovery:Found 18 installed packages in /workspace/cartographer_ws/install
[2.661s] DEBUG:colcon.colcon_installed_package_information.package_discovery:Found 289 installed packages in /opt/ros/humble
[2.662s] Level 1:colcon.colcon_core.package_discovery:discover_packages(prefix_path) using defaults
[2.743s] Level 5:colcon.colcon_core.verb:set package 'qcar2_interfaces' build argument 'cmake_args' from command line to 'None'
[2.743s] Level 5:colcon.colcon_core.verb:set package 'qcar2_interfaces' build argument 'cmake_target' from command line to 'None'
[2.743s] Level 5:colcon.colcon_core.verb:set package 'qcar2_interfaces' build argument 'cmake_target_skip_unavailable' from command line to 'False'
[2.743s] Level 5:colcon.colcon_core.verb:set package 'qcar2_interfaces' build argument 'cmake_clean_cache' from command line to 'False'
[2.743s] Level 5:colcon.colcon_core.verb:set package 'qcar2_interfaces' build argument 'cmake_clean_first' from command line to 'False'
[2.743s] Level 5:colcon.colcon_core.verb:set package 'qcar2_interfaces' build argument 'cmake_force_configure' from command line to 'False'
[2.743s] Level 5:colcon.colcon_core.verb:set package 'qcar2_interfaces' build argument 'ament_cmake_args' from command line to 'None'
[2.743s] Level 5:colcon.colcon_core.verb:set package 'qcar2_interfaces' build argument 'catkin_cmake_args' from command line to 'None'
[2.743s] Level 5:colcon.colcon_core.verb:set package 'qcar2_interfaces' build argument 'catkin_skip_building_tests' from command line to 'False'
[2.743s] DEBUG:colcon.colcon_core.verb:Building package 'qcar2_interfaces' with the following arguments: {'ament_cmake_args': None, 'build_base': '/workspaces/isaac_ros-dev/build/qcar2_interfaces', 'catkin_cmake_args': None, 'catkin_skip_building_tests': False, 'cmake_args': None, 'cmake_clean_cache': False, 'cmake_clean_first': False, 'cmake_force_configure': False, 'cmake_target': None, 'cmake_target_skip_unavailable': False, 'install_base': '/workspaces/isaac_ros-dev/install/qcar2_interfaces', 'merge_install': False, 'path': '/workspaces/isaac_ros-dev/ros2/src/qcar2_interfaces', 'symlink_install': False, 'test_result_base': None}
[2.757s] Level 5:colcon.colcon_core.verb:set package 'qcar2_autonomy' build argument 'cmake_args' from command line to 'None'
[2.757s] Level 5:colcon.colcon_core.verb:set package 'qcar2_autonomy' build argument 'cmake_target' from command line to 'None'
[2.757s] Level 5:colcon.colcon_core.verb:set package 'qcar2_autonomy' build argument 'cmake_target_skip_unavailable' from command line to 'False'
[2.757s] Level 5:colcon.colcon_core.verb:set package 'qcar2_autonomy' build argument 'cmake_clean_cache' from command line to 'False'
[2.757s] Level 5:colcon.colcon_core.verb:set package 'qcar2_autonomy' build argument 'cmake_clean_first' from command line to 'False'
[2.757s] Level 5:colcon.colcon_core.verb:set package 'qcar2_autonomy' build argument 'cmake_force_configure' from command line to 'False'
[2.757s] Level 5:colcon.colcon_core.verb:set package 'qcar2_autonomy' build argument 'ament_cmake_args' from command line to 'None'
[2.757s] Level 5:colcon.colcon_core.verb:set package 'qcar2_autonomy' build argument 'catkin_cmake_args' from command line to 'None'
[2.757s] Level 5:colcon.colcon_core.verb:set package 'qcar2_autonomy' build argument 'catkin_skip_building_tests' from command line to 'False'
[2.757s] DEBUG:colcon.colcon_core.verb:Building package 'qcar2_autonomy' with the following arguments: {'ament_cmake_args': None, 'build_base': '/workspaces/isaac_ros-dev/build/qcar2_autonomy', 'catkin_cmake_args': None, 'catkin_skip_building_tests': False, 'cmake_args': None, 'cmake_clean_cache': False, 'cmake_clean_first': False, 'cmake_force_configure': False, 'cmake_target': None, 'cmake_target_skip_unavailable': False, 'install_base': '/workspaces/isaac_ros-dev/install/qcar2_autonomy', 'merge_install': False, 'path': '/workspaces/isaac_ros-dev/ros2/src/qcar2_autonomy', 'symlink_install': False, 'test_result_base': None}
[2.768s] Level 5:colcon.colcon_core.verb:set package 'qcar2_nodes' build argument 'cmake_args' from command line to 'None'
[2.768s] Level 5:colcon.colcon_core.verb:set package 'qcar2_nodes' build argument 'cmake_target' from command line to 'None'
[2.768s] Level 5:colcon.colcon_core.verb:set package 'qcar2_nodes' build argument 'cmake_target_skip_unavailable' from command line to 'False'
[2.768s] Level 5:colcon.colcon_core.verb:set package 'qcar2_nodes' build argument 'cmake_clean_cache' from command line to 'False'
[2.768s] Level 5:colcon.colcon_core.verb:set package 'qcar2_nodes' build argument 'cmake_clean_first' from command line to 'False'
[2.768s] Level 5:colcon.colcon_core.verb:set package 'qcar2_nodes' build argument 'cmake_force_configure' from command line to 'False'
[2.768s] Level 5:colcon.colcon_core.verb:set package 'qcar2_nodes' build argument 'ament_cmake_args' from command line to 'None'
[2.768s] Level 5:colcon.colcon_core.verb:set package 'qcar2_nodes' build argument 'catkin_cmake_args' from command line to 'None'
[2.768s] Level 5:colcon.colcon_core.verb:set package 'qcar2_nodes' build argument 'catkin_skip_building_tests' from command line to 'False'
[2.768s] DEBUG:colcon.colcon_core.verb:Building package 'qcar2_nodes' with the following arguments: {'ament_cmake_args': None, 'build_base': '/workspaces/isaac_ros-dev/build/qcar2_nodes', 'catkin_cmake_args': None, 'catkin_skip_building_tests': False, 'cmake_args': None, 'cmake_clean_cache': False, 'cmake_clean_first': False, 'cmake_force_configure': False, 'cmake_target': None, 'cmake_target_skip_unavailable': False, 'install_base': '/workspaces/isaac_ros-dev/install/qcar2_nodes', 'merge_install': False, 'path': '/workspaces/isaac_ros-dev/ros2/src/qcar2_nodes', 'symlink_install': False, 'test_result_base': None}
[2.776s] INFO:colcon.colcon_core.executor:Executing jobs using 'parallel' executor
[2.785s] DEBUG:colcon.colcon_parallel_executor.executor.parallel:run_until_complete
[2.785s] INFO:colcon.colcon_ros.task.ament_cmake.build:Building ROS package in '/workspaces/isaac_ros-dev/ros2/src/qcar2_interfaces' with build type 'ament_cmake'
[2.785s] INFO:colcon.colcon_cmake.task.cmake.build:Building CMake package in '/workspaces/isaac_ros-dev/ros2/src/qcar2_interfaces'
[2.792s] INFO:colcon.colcon_core.plugin_system:Skipping extension 'colcon_core.shell.bat': Not used on non-Windows systems
[2.793s] INFO:colcon.colcon_core.shell:Skip shell extension 'powershell' for command environment: Not usable outside of PowerShell
[2.793s] DEBUG:colcon.colcon_core.shell:Skip shell extension 'dsv' for command environment
[2.827s] DEBUG:colcon.colcon_core.event_handler.log_command:Invoking command in '/workspaces/isaac_ros-dev/build/qcar2_interfaces': CMAKE_PREFIX_PATH=${CMAKE_PREFIX_PATH}:/workspaces/isaac_ros-dev/install/qcar2_autonomy:/workspace/cartographer_ws/install/isaac_ros_test:/opt/ros/humble _=/usr/bin/env /usr/bin/cmake --build /workspaces/isaac_ros-dev/build/qcar2_interfaces -- -j24 -l24
[3.165s] DEBUG:colcon.colcon_core.event_handler.log_command:Invoked command in '/workspaces/isaac_ros-dev/build/qcar2_interfaces' returned '0': CMAKE_PREFIX_PATH=${CMAKE_PREFIX_PATH}:/workspaces/isaac_ros-dev/install/qcar2_autonomy:/workspace/cartographer_ws/install/isaac_ros_test:/opt/ros/humble _=/usr/bin/env /usr/bin/cmake --build /workspaces/isaac_ros-dev/build/qcar2_interfaces -- -j24 -l24
[3.726s] DEBUG:colcon.colcon_core.event_handler.log_command:Invoking command in '/workspaces/isaac_ros-dev/build/qcar2_interfaces': CMAKE_PREFIX_PATH=${CMAKE_PREFIX_PATH}:/workspaces/isaac_ros-dev/install/qcar2_autonomy:/workspace/cartographer_ws/install/isaac_ros_test:/opt/ros/humble _=/usr/bin/env /usr/bin/cmake --install /workspaces/isaac_ros-dev/build/qcar2_interfaces
[3.770s] Level 1:colcon.colcon_core.environment:create_environment_scripts_only(qcar2_interfaces)
[3.778s] DEBUG:colcon.colcon_core.event_handler.log_command:Invoked command in '/workspaces/isaac_ros-dev/build/qcar2_interfaces' returned '0': CMAKE_PREFIX_PATH=${CMAKE_PREFIX_PATH}:/workspaces/isaac_ros-dev/install/qcar2_autonomy:/workspace/cartographer_ws/install/isaac_ros_test:/opt/ros/humble _=/usr/bin/env /usr/bin/cmake --install /workspaces/isaac_ros-dev/build/qcar2_interfaces
[3.782s] Level 1:colcon.colcon_core.environment:checking '/workspaces/isaac_ros-dev/install/qcar2_interfaces' for CMake module files
[3.783s] Level 1:colcon.colcon_core.environment:checking '/workspaces/isaac_ros-dev/install/qcar2_interfaces' for CMake config files
[3.783s] Level 1:colcon.colcon_core.shell:create_environment_hook('qcar2_interfaces', 'cmake_prefix_path')
[3.791s] INFO:colcon.colcon_core.shell:Creating environment hook '/workspaces/isaac_ros-dev/install/qcar2_interfaces/share/qcar2_interfaces/hook/cmake_prefix_path.ps1'
[3.792s] INFO:colcon.colcon_core.shell:Creating environment descriptor '/workspaces/isaac_ros-dev/install/qcar2_interfaces/share/qcar2_interfaces/hook/cmake_prefix_path.dsv'
[3.792s] INFO:colcon.colcon_core.shell:Creating environment hook '/workspaces/isaac_ros-dev/install/qcar2_interfaces/share/qcar2_interfaces/hook/cmake_prefix_path.sh'
[3.793s] Level 1:colcon.colcon_core.environment:checking '/workspaces/isaac_ros-dev/install/qcar2_interfaces/lib'
[3.793s] Level 1:colcon.colcon_core.shell:create_environment_hook('qcar2_interfaces', 'ld_library_path_lib')
[3.803s] INFO:colcon.colcon_core.shell:Creating environment hook '/workspaces/isaac_ros-dev/install/qcar2_interfaces/share/qcar2_interfaces/hook/ld_library_path_lib.ps1'
[3.804s] INFO:colcon.colcon_core.shell:Creating environment descriptor '/workspaces/isaac_ros-dev/install/qcar2_interfaces/share/qcar2_interfaces/hook/ld_library_path_lib.dsv'
[3.804s] INFO:colcon.colcon_core.shell:Creating environment hook '/workspaces/isaac_ros-dev/install/qcar2_interfaces/share/qcar2_interfaces/hook/ld_library_path_lib.sh'
[3.804s] Level 1:colcon.colcon_core.environment:checking '/workspaces/isaac_ros-dev/install/qcar2_interfaces/bin'
[3.805s] Level 1:colcon.colcon_core.environment:checking '/workspaces/isaac_ros-dev/install/qcar2_interfaces/lib/pkgconfig/qcar2_interfaces.pc'
[3.805s] Level 1:colcon.colcon_core.environment:checking '/workspaces/isaac_ros-dev/install/qcar2_interfaces/lib/python3.8/site-packages'
[3.805s] Level 1:colcon.colcon_core.shell:create_environment_hook('qcar2_interfaces', 'pythonpath')
[3.814s] INFO:colcon.colcon_core.shell:Creating environment hook '/workspaces/isaac_ros-dev/install/qcar2_interfaces/share/qcar2_interfaces/hook/pythonpath.ps1'
[3.814s] INFO:colcon.colcon_core.shell:Creating environment descriptor '/workspaces/isaac_ros-dev/install/qcar2_interfaces/share/qcar2_interfaces/hook/pythonpath.dsv'
[3.814s] INFO:colcon.colcon_core.shell:Creating environment hook '/workspaces/isaac_ros-dev/install/qcar2_interfaces/share/qcar2_interfaces/hook/pythonpath.sh'
[3.815s] Level 1:colcon.colcon_core.environment:checking '/workspaces/isaac_ros-dev/install/qcar2_interfaces/bin'
[3.823s] INFO:colcon.colcon_core.shell:Creating package script '/workspaces/isaac_ros-dev/install/qcar2_interfaces/share/qcar2_interfaces/package.ps1'
[3.823s] INFO:colcon.colcon_core.shell:Creating package descriptor '/workspaces/isaac_ros-dev/install/qcar2_interfaces/share/qcar2_interfaces/package.dsv'
[3.824s] INFO:colcon.colcon_core.shell:Creating package script '/workspaces/isaac_ros-dev/install/qcar2_interfaces/share/qcar2_interfaces/package.sh'
[3.824s] INFO:colcon.colcon_core.shell:Creating package script '/workspaces/isaac_ros-dev/install/qcar2_interfaces/share/qcar2_interfaces/package.bash'
[3.825s] INFO:colcon.colcon_core.shell:Creating package script '/workspaces/isaac_ros-dev/install/qcar2_interfaces/share/qcar2_interfaces/package.zsh'
[3.825s] Level 1:colcon.colcon_core.environment:create_file_with_runtime_dependencies(/workspaces/isaac_ros-dev/install/qcar2_interfaces/share/colcon-core/packages/qcar2_interfaces)
[4.395s] Level 1:colcon.colcon_core.environment:create_environment_scripts_only(qcar2_interfaces)
[4.403s] Level 1:colcon.colcon_core.environment:checking '/workspaces/isaac_ros-dev/install/qcar2_interfaces' for CMake module files
[4.403s] Level 1:colcon.colcon_core.environment:checking '/workspaces/isaac_ros-dev/install/qcar2_interfaces' for CMake config files
[4.404s] Level 1:colcon.colcon_core.shell:create_environment_hook('qcar2_interfaces', 'cmake_prefix_path')
[4.411s] INFO:colcon.colcon_core.shell:Creating environment hook '/workspaces/isaac_ros-dev/install/qcar2_interfaces/share/qcar2_interfaces/hook/cmake_prefix_path.ps1'
[4.412s] INFO:colcon.colcon_core.shell:Creating environment descriptor '/workspaces/isaac_ros-dev/install/qcar2_interfaces/share/qcar2_interfaces/hook/cmake_prefix_path.dsv'
[4.412s] INFO:colcon.colcon_core.shell:Creating environment hook '/workspaces/isaac_ros-dev/install/qcar2_interfaces/share/qcar2_interfaces/hook/cmake_prefix_path.sh'
[4.412s] Level 1:colcon.colcon_core.environment:checking '/workspaces/isaac_ros-dev/install/qcar2_interfaces/lib'
[4.412s] Level 1:colcon.colcon_core.shell:create_environment_hook('qcar2_interfaces', 'ld_library_path_lib')
[4.421s] INFO:colcon.colcon_core.shell:Creating environment hook '/workspaces/isaac_ros-dev/install/qcar2_interfaces/share/qcar2_interfaces/hook/ld_library_path_lib.ps1'
[4.422s] INFO:colcon.colcon_core.shell:Creating environment descriptor '/workspaces/isaac_ros-dev/install/qcar2_interfaces/share/qcar2_interfaces/hook/ld_library_path_lib.dsv'
[4.422s] INFO:colcon.colcon_core.shell:Creating environment hook '/workspaces/isaac_ros-dev/install/qcar2_interfaces/share/qcar2_interfaces/hook/ld_library_path_lib.sh'
[4.422s] Level 1:colcon.colcon_core.environment:checking '/workspaces/isaac_ros-dev/install/qcar2_interfaces/bin'
[4.422s] Level 1:colcon.colcon_core.environment:checking '/workspaces/isaac_ros-dev/install/qcar2_interfaces/lib/pkgconfig/qcar2_interfaces.pc'
[4.423s] Level 1:colcon.colcon_core.environment:checking '/workspaces/isaac_ros-dev/install/qcar2_interfaces/lib/python3.8/site-packages'
[4.423s] Level 1:colcon.colcon_core.shell:create_environment_hook('qcar2_interfaces', 'pythonpath')
[4.432s] INFO:colcon.colcon_core.shell:Creating environment hook '/workspaces/isaac_ros-dev/install/qcar2_interfaces/share/qcar2_interfaces/hook/pythonpath.ps1'
[4.432s] INFO:colcon.colcon_core.shell:Creating environment descriptor '/workspaces/isaac_ros-dev/install/qcar2_interfaces/share/qcar2_interfaces/hook/pythonpath.dsv'
[4.432s] INFO:colcon.colcon_core.shell:Creating environment hook '/workspaces/isaac_ros-dev/install/qcar2_interfaces/share/qcar2_interfaces/hook/pythonpath.sh'
[4.433s] Level 1:colcon.colcon_core.environment:checking '/workspaces/isaac_ros-dev/install/qcar2_interfaces/bin'
[4.441s] INFO:colcon.colcon_core.shell:Creating package script '/workspaces/isaac_ros-dev/install/qcar2_interfaces/share/qcar2_interfaces/package.ps1'
[4.442s] INFO:colcon.colcon_core.shell:Creating package descriptor '/workspaces/isaac_ros-dev/install/qcar2_interfaces/share/qcar2_interfaces/package.dsv'
[4.442s] INFO:colcon.colcon_core.shell:Creating package script '/workspaces/isaac_ros-dev/install/qcar2_interfaces/share/qcar2_interfaces/package.sh'
[4.442s] INFO:colcon.colcon_core.shell:Creating package script '/workspaces/isaac_ros-dev/install/qcar2_interfaces/share/qcar2_interfaces/package.bash'
[4.443s] INFO:colcon.colcon_core.shell:Creating package script '/workspaces/isaac_ros-dev/install/qcar2_interfaces/share/qcar2_interfaces/package.zsh'
[4.443s] Level 1:colcon.colcon_core.environment:create_file_with_runtime_dependencies(/workspaces/isaac_ros-dev/install/qcar2_interfaces/share/colcon-core/packages/qcar2_interfaces)
[4.443s] INFO:colcon.colcon_ros.task.ament_python.build:Building ROS package in '/workspaces/isaac_ros-dev/ros2/src/qcar2_autonomy' with build type 'ament_python'
[4.444s] Level 1:colcon.colcon_core.shell:create_environment_hook('qcar2_autonomy', 'ament_prefix_path')
[4.452s] INFO:colcon.colcon_core.shell:Creating environment hook '/workspaces/isaac_ros-dev/install/qcar2_autonomy/share/qcar2_autonomy/hook/ament_prefix_path.ps1'
[4.453s] INFO:colcon.colcon_core.shell:Creating environment descriptor '/workspaces/isaac_ros-dev/install/qcar2_autonomy/share/qcar2_autonomy/hook/ament_prefix_path.dsv'
[4.453s] INFO:colcon.colcon_core.shell:Creating environment hook '/workspaces/isaac_ros-dev/install/qcar2_autonomy/share/qcar2_autonomy/hook/ament_prefix_path.sh'
[4.462s] INFO:colcon.colcon_core.shell:Skip shell extension 'powershell' for command environment: Not usable outside of PowerShell
[4.462s] DEBUG:colcon.colcon_core.shell:Skip shell extension 'dsv' for command environment
[4.503s] INFO:colcon.colcon_ros.task.ament_cmake.build:Building ROS package in '/workspaces/isaac_ros-dev/ros2/src/qcar2_nodes' with build type 'ament_cmake'
[4.503s] INFO:colcon.colcon_cmake.task.cmake.build:Building CMake package in '/workspaces/isaac_ros-dev/ros2/src/qcar2_nodes'
[4.512s] INFO:colcon.colcon_core.shell:Skip shell extension 'powershell' for command environment: Not usable outside of PowerShell
[4.512s] DEBUG:colcon.colcon_core.shell:Skip shell extension 'dsv' for command environment
[4.840s] INFO:colcon.colcon_core.task.python.build:Building Python package in '/workspaces/isaac_ros-dev/ros2/src/qcar2_autonomy'
[4.849s] INFO:colcon.colcon_core.shell:Skip shell extension 'powershell' for command environment: Not usable outside of PowerShell
[4.849s] DEBUG:colcon.colcon_core.shell:Skip shell extension 'dsv' for command environment
[4.916s] DEBUG:colcon.colcon_core.event_handler.log_command:Invoking command in '/workspaces/isaac_ros-dev/build/qcar2_nodes': CMAKE_PREFIX_PATH=/workspaces/isaac_ros-dev/install/qcar2_interfaces:/workspaces/isaac_ros-dev/install/qcar2_nodes:/workspace/cartographer_ws/install/perception_pcl:/workspace/cartographer_ws/install/pcl_ros:/workspace/cartographer_ws/install/cartographer_rviz:/workspace/cartographer_ws/install/cartographer_ros:/workspace/cartographer_ws/install/pcl_conversions:/workspace/cartographer_ws/install/pcl_msgs:/workspace/cartographer_ws/install/isaac_ros_tensor_list_interfaces:/workspace/cartographer_ws/install/isaac_ros_pointcloud_interfaces:/workspace/cartographer_ws/install/isaac_ros_nova_interfaces:/workspace/cartographer_ws/install/isaac_ros_nitros_bridge_interfaces:/workspace/cartographer_ws/install/isaac_ros_common:/workspace/cartographer_ws/install/isaac_ros_bi3d_interfaces:/workspace/cartographer_ws/install/isaac_ros_apriltag_interfaces:/workspace/cartographer_ws/install/control_msgs:/workspace/cartographer_ws/install/cartographer_ros_msgs:/workspace/cartographer_ws/install/cartographer:/workspace/cartographer_ws/install/absl:/workspaces/isaac_ros-dev/install/qcar2_autonomy:/workspace/cartographer_ws/install/isaac_ros_test:/opt/ros/humble PYTHONPATH=/workspaces/isaac_ros-dev/install/qcar2_interfaces/lib/python3.8/site-packages:/workspaces/isaac_ros-dev/install/qcar2_nodes/lib/python3.8/site-packages:/workspaces/isaac_ros-dev/install/qcar2_autonomy/lib/python3.8/site-packages:/workspace/cartographer_ws/install/pcl_msgs/lib/python3.8/site-packages:/workspace/cartographer_ws/build/isaac_ros_test:/workspace/cartographer_ws/install/isaac_ros_test/lib/python3.8/site-packages:/workspace/cartographer_ws/install/isaac_ros_tensor_list_interfaces/lib/python3.8/site-packages:/workspace/cartographer_ws/install/isaac_ros_pointcloud_interfaces/lib/python3.8/site-packages:/workspace/cartographer_ws/install/isaac_ros_nova_interfaces/lib/python3.8/site-packages:/workspace/cartographer_ws/install/isaac_ros_nitros_bridge_interfaces/lib/python3.8/site-packages:/workspace/cartographer_ws/install/isaac_ros_bi3d_interfaces/lib/python3.8/site-packages:/workspace/cartographer_ws/install/isaac_ros_apriltag_interfaces/lib/python3.8/site-packages:/workspace/cartographer_ws/install/control_msgs/lib/python3.8/site-packages:/workspace/cartographer_ws/install/cartographer_ros_msgs/lib/python3.8/site-packages:/opt/ros/humble/lib/python3.8/site-packages:/home/Quanser/0_libraries/python _=/usr/bin/env /usr/bin/cmake --build /workspaces/isaac_ros-dev/build/qcar2_nodes -- -j24 -l24
[5.326s] DEBUG:colcon.colcon_core.event_handler.log_command:Invoked command in '/workspaces/isaac_ros-dev/build/qcar2_nodes' returned '0': CMAKE_PREFIX_PATH=/workspaces/isaac_ros-dev/install/qcar2_interfaces:/workspaces/isaac_ros-dev/install/qcar2_nodes:/workspace/cartographer_ws/install/perception_pcl:/workspace/cartographer_ws/install/pcl_ros:/workspace/cartographer_ws/install/cartographer_rviz:/workspace/cartographer_ws/install/cartographer_ros:/workspace/cartographer_ws/install/pcl_conversions:/workspace/cartographer_ws/install/pcl_msgs:/workspace/cartographer_ws/install/isaac_ros_tensor_list_interfaces:/workspace/cartographer_ws/install/isaac_ros_pointcloud_interfaces:/workspace/cartographer_ws/install/isaac_ros_nova_interfaces:/workspace/cartographer_ws/install/isaac_ros_nitros_bridge_interfaces:/workspace/cartographer_ws/install/isaac_ros_common:/workspace/cartographer_ws/install/isaac_ros_bi3d_interfaces:/workspace/cartographer_ws/install/isaac_ros_apriltag_interfaces:/workspace/cartographer_ws/install/control_msgs:/workspace/cartographer_ws/install/cartographer_ros_msgs:/workspace/cartographer_ws/install/cartographer:/workspace/cartographer_ws/install/absl:/workspaces/isaac_ros-dev/install/qcar2_autonomy:/workspace/cartographer_ws/install/isaac_ros_test:/opt/ros/humble PYTHONPATH=/workspaces/isaac_ros-dev/install/qcar2_interfaces/lib/python3.8/site-packages:/workspaces/isaac_ros-dev/install/qcar2_nodes/lib/python3.8/site-packages:/workspaces/isaac_ros-dev/install/qcar2_autonomy/lib/python3.8/site-packages:/workspace/cartographer_ws/install/pcl_msgs/lib/python3.8/site-packages:/workspace/cartographer_ws/build/isaac_ros_test:/workspace/cartographer_ws/install/isaac_ros_test/lib/python3.8/site-packages:/workspace/cartographer_ws/install/isaac_ros_tensor_list_interfaces/lib/python3.8/site-packages:/workspace/cartographer_ws/install/isaac_ros_pointcloud_interfaces/lib/python3.8/site-packages:/workspace/cartographer_ws/install/isaac_ros_nova_interfaces/lib/python3.8/site-packages:/workspace/cartographer_ws/install/isaac_ros_nitros_bridge_interfaces/lib/python3.8/site-packages:/workspace/cartographer_ws/install/isaac_ros_bi3d_interfaces/lib/python3.8/site-packages:/workspace/cartographer_ws/install/isaac_ros_apriltag_interfaces/lib/python3.8/site-packages:/workspace/cartographer_ws/install/control_msgs/lib/python3.8/site-packages:/workspace/cartographer_ws/install/cartographer_ros_msgs/lib/python3.8/site-packages:/opt/ros/humble/lib/python3.8/site-packages:/home/Quanser/0_libraries/python _=/usr/bin/env /usr/bin/cmake --build /workspaces/isaac_ros-dev/build/qcar2_nodes -- -j24 -l24
[5.451s] DEBUG:colcon.colcon_core.event_handler.log_command:Invoking command in '/workspaces/isaac_ros-dev/build/qcar2_autonomy': CMAKE_PREFIX_PATH=/workspaces/isaac_ros-dev/install/qcar2_interfaces:/workspaces/isaac_ros-dev/install/qcar2_nodes:/workspace/cartographer_ws/install/perception_pcl:/workspace/cartographer_ws/install/pcl_ros:/workspace/cartographer_ws/install/cartographer_rviz:/workspace/cartographer_ws/install/cartographer_ros:/workspace/cartographer_ws/install/pcl_conversions:/workspace/cartographer_ws/install/pcl_msgs:/workspace/cartographer_ws/install/isaac_ros_tensor_list_interfaces:/workspace/cartographer_ws/install/isaac_ros_pointcloud_interfaces:/workspace/cartographer_ws/install/isaac_ros_nova_interfaces:/workspace/cartographer_ws/install/isaac_ros_nitros_bridge_interfaces:/workspace/cartographer_ws/install/isaac_ros_common:/workspace/cartographer_ws/install/isaac_ros_bi3d_interfaces:/workspace/cartographer_ws/install/isaac_ros_apriltag_interfaces:/workspace/cartographer_ws/install/control_msgs:/workspace/cartographer_ws/install/cartographer_ros_msgs:/workspace/cartographer_ws/install/cartographer:/workspace/cartographer_ws/install/absl PYTHONPATH=/workspaces/isaac_ros-dev/build/qcar2_autonomy/prefix_override:/workspaces/isaac_ros-dev/install/qcar2_autonomy/lib/python3.8/site-packages:/workspaces/isaac_ros-dev/install/qcar2_interfaces/lib/python3.8/site-packages:/workspaces/isaac_ros-dev/install/qcar2_nodes/lib/python3.8/site-packages:/workspaces/isaac_ros-dev/install/qcar2_autonomy/lib/python3.8/site-packages:/workspace/cartographer_ws/install/pcl_msgs/lib/python3.8/site-packages:/workspace/cartographer_ws/build/isaac_ros_test:/workspace/cartographer_ws/install/isaac_ros_test/lib/python3.8/site-packages:/workspace/cartographer_ws/install/isaac_ros_tensor_list_interfaces/lib/python3.8/site-packages:/workspace/cartographer_ws/install/isaac_ros_pointcloud_interfaces/lib/python3.8/site-packages:/workspace/cartographer_ws/install/isaac_ros_nova_interfaces/lib/python3.8/site-packages:/workspace/cartographer_ws/install/isaac_ros_nitros_bridge_interfaces/lib/python3.8/site-packages:/workspace/cartographer_ws/install/isaac_ros_bi3d_interfaces/lib/python3.8/site-packages:/workspace/cartographer_ws/install/isaac_ros_apriltag_interfaces/lib/python3.8/site-packages:/workspace/cartographer_ws/install/control_msgs/lib/python3.8/site-packages:/workspace/cartographer_ws/install/cartographer_ros_msgs/lib/python3.8/site-packages:/opt/ros/humble/lib/python3.8/site-packages:/home/Quanser/0_libraries/python _=/usr/bin/env /usr/bin/python3 setup.py develop --uninstall --editable --build-directory /workspaces/isaac_ros-dev/build/qcar2_autonomy/build
[5.667s] DEBUG:colcon.colcon_core.event_handler.log_command:Invoking command in '/workspaces/isaac_ros-dev/build/qcar2_nodes': CMAKE_PREFIX_PATH=/workspaces/isaac_ros-dev/install/qcar2_interfaces:/workspaces/isaac_ros-dev/install/qcar2_nodes:/workspace/cartographer_ws/install/perception_pcl:/workspace/cartographer_ws/install/pcl_ros:/workspace/cartographer_ws/install/cartographer_rviz:/workspace/cartographer_ws/install/cartographer_ros:/workspace/cartographer_ws/install/pcl_conversions:/workspace/cartographer_ws/install/pcl_msgs:/workspace/cartographer_ws/install/isaac_ros_tensor_list_interfaces:/workspace/cartographer_ws/install/isaac_ros_pointcloud_interfaces:/workspace/cartographer_ws/install/isaac_ros_nova_interfaces:/workspace/cartographer_ws/install/isaac_ros_nitros_bridge_interfaces:/workspace/cartographer_ws/install/isaac_ros_common:/workspace/cartographer_ws/install/isaac_ros_bi3d_interfaces:/workspace/cartographer_ws/install/isaac_ros_apriltag_interfaces:/workspace/cartographer_ws/install/control_msgs:/workspace/cartographer_ws/install/cartographer_ros_msgs:/workspace/cartographer_ws/install/cartographer:/workspace/cartographer_ws/install/absl:/workspaces/isaac_ros-dev/install/qcar2_autonomy:/workspace/cartographer_ws/install/isaac_ros_test:/opt/ros/humble PYTHONPATH=/workspaces/isaac_ros-dev/install/qcar2_interfaces/lib/python3.8/site-packages:/workspaces/isaac_ros-dev/install/qcar2_nodes/lib/python3.8/site-packages:/workspaces/isaac_ros-dev/install/qcar2_autonomy/lib/python3.8/site-packages:/workspace/cartographer_ws/install/pcl_msgs/lib/python3.8/site-packages:/workspace/cartographer_ws/build/isaac_ros_test:/workspace/cartographer_ws/install/isaac_ros_test/lib/python3.8/site-packages:/workspace/cartographer_ws/install/isaac_ros_tensor_list_interfaces/lib/python3.8/site-packages:/workspace/cartographer_ws/install/isaac_ros_pointcloud_interfaces/lib/python3.8/site-packages:/workspace/cartographer_ws/install/isaac_ros_nova_interfaces/lib/python3.8/site-packages:/workspace/cartographer_ws/install/isaac_ros_nitros_bridge_interfaces/lib/python3.8/site-packages:/workspace/cartographer_ws/install/isaac_ros_bi3d_interfaces/lib/python3.8/site-packages:/workspace/cartographer_ws/install/isaac_ros_apriltag_interfaces/lib/python3.8/site-packages:/workspace/cartographer_ws/install/control_msgs/lib/python3.8/site-packages:/workspace/cartographer_ws/install/cartographer_ros_msgs/lib/python3.8/site-packages:/opt/ros/humble/lib/python3.8/site-packages:/home/Quanser/0_libraries/python _=/usr/bin/env /usr/bin/cmake --install /workspaces/isaac_ros-dev/build/qcar2_nodes
[5.708s] Level 1:colcon.colcon_core.environment:create_environment_scripts_only(qcar2_nodes)
[5.709s] DEBUG:colcon.colcon_core.event_handler.log_command:Invoked command in '/workspaces/isaac_ros-dev/build/qcar2_nodes' returned '0': CMAKE_PREFIX_PATH=/workspaces/isaac_ros-dev/install/qcar2_interfaces:/workspaces/isaac_ros-dev/install/qcar2_nodes:/workspace/cartographer_ws/install/perception_pcl:/workspace/cartographer_ws/install/pcl_ros:/workspace/cartographer_ws/install/cartographer_rviz:/workspace/cartographer_ws/install/cartographer_ros:/workspace/cartographer_ws/install/pcl_conversions:/workspace/cartographer_ws/install/pcl_msgs:/workspace/cartographer_ws/install/isaac_ros_tensor_list_interfaces:/workspace/cartographer_ws/install/isaac_ros_pointcloud_interfaces:/workspace/cartographer_ws/install/isaac_ros_nova_interfaces:/workspace/cartographer_ws/install/isaac_ros_nitros_bridge_interfaces:/workspace/cartographer_ws/install/isaac_ros_common:/workspace/cartographer_ws/install/isaac_ros_bi3d_interfaces:/workspace/cartographer_ws/install/isaac_ros_apriltag_interfaces:/workspace/cartographer_ws/install/control_msgs:/workspace/cartographer_ws/install/cartographer_ros_msgs:/workspace/cartographer_ws/install/cartographer:/workspace/cartographer_ws/install/absl:/workspaces/isaac_ros-dev/install/qcar2_autonomy:/workspace/cartographer_ws/install/isaac_ros_test:/opt/ros/humble PYTHONPATH=/workspaces/isaac_ros-dev/install/qcar2_interfaces/lib/python3.8/site-packages:/workspaces/isaac_ros-dev/install/qcar2_nodes/lib/python3.8/site-packages:/workspaces/isaac_ros-dev/install/qcar2_autonomy/lib/python3.8/site-packages:/workspace/cartographer_ws/install/pcl_msgs/lib/python3.8/site-packages:/workspace/cartographer_ws/build/isaac_ros_test:/workspace/cartographer_ws/install/isaac_ros_test/lib/python3.8/site-packages:/workspace/cartographer_ws/install/isaac_ros_tensor_list_interfaces/lib/python3.8/site-packages:/workspace/cartographer_ws/install/isaac_ros_pointcloud_interfaces/lib/python3.8/site-packages:/workspace/cartographer_ws/install/isaac_ros_nova_interfaces/lib/python3.8/site-packages:/workspace/cartographer_ws/install/isaac_ros_nitros_bridge_interfaces/lib/python3.8/site-packages:/workspace/cartographer_ws/install/isaac_ros_bi3d_interfaces/lib/python3.8/site-packages:/workspace/cartographer_ws/install/isaac_ros_apriltag_interfaces/lib/python3.8/site-packages:/workspace/cartographer_ws/install/control_msgs/lib/python3.8/site-packages:/workspace/cartographer_ws/install/cartographer_ros_msgs/lib/python3.8/site-packages:/opt/ros/humble/lib/python3.8/site-packages:/home/Quanser/0_libraries/python _=/usr/bin/env /usr/bin/cmake --install /workspaces/isaac_ros-dev/build/qcar2_nodes
[5.717s] Level 1:colcon.colcon_core.environment:checking '/workspaces/isaac_ros-dev/install/qcar2_nodes' for CMake module files
[5.717s] Level 1:colcon.colcon_core.environment:checking '/workspaces/isaac_ros-dev/install/qcar2_nodes' for CMake config files
[5.718s] Level 1:colcon.colcon_core.shell:create_environment_hook('qcar2_nodes', 'cmake_prefix_path')
[5.726s] INFO:colcon.colcon_core.shell:Creating environment hook '/workspaces/isaac_ros-dev/install/qcar2_nodes/share/qcar2_nodes/hook/cmake_prefix_path.ps1'
[5.726s] INFO:colcon.colcon_core.shell:Creating environment descriptor '/workspaces/isaac_ros-dev/install/qcar2_nodes/share/qcar2_nodes/hook/cmake_prefix_path.dsv'
[5.726s] INFO:colcon.colcon_core.shell:Creating environment hook '/workspaces/isaac_ros-dev/install/qcar2_nodes/share/qcar2_nodes/hook/cmake_prefix_path.sh'
[5.727s] Level 1:colcon.colcon_core.environment:checking '/workspaces/isaac_ros-dev/install/qcar2_nodes/lib'
[5.727s] Level 1:colcon.colcon_core.environment:checking '/workspaces/isaac_ros-dev/install/qcar2_nodes/bin'
[5.727s] Level 1:colcon.colcon_core.environment:checking '/workspaces/isaac_ros-dev/install/qcar2_nodes/lib/pkgconfig/qcar2_nodes.pc'
[5.727s] Level 1:colcon.colcon_core.environment:checking '/workspaces/isaac_ros-dev/install/qcar2_nodes/lib/python3.8/site-packages'
[5.727s] Level 1:colcon.colcon_core.shell:create_environment_hook('qcar2_nodes', 'pythonpath')
[5.735s] INFO:colcon.colcon_core.shell:Creating environment hook '/workspaces/isaac_ros-dev/install/qcar2_nodes/share/qcar2_nodes/hook/pythonpath.ps1'
[5.735s] INFO:colcon.colcon_core.shell:Creating environment descriptor '/workspaces/isaac_ros-dev/install/qcar2_nodes/share/qcar2_nodes/hook/pythonpath.dsv'
[5.736s] INFO:colcon.colcon_core.shell:Creating environment hook '/workspaces/isaac_ros-dev/install/qcar2_nodes/share/qcar2_nodes/hook/pythonpath.sh'
[5.736s] Level 1:colcon.colcon_core.environment:checking '/workspaces/isaac_ros-dev/install/qcar2_nodes/bin'
[5.744s] INFO:colcon.colcon_core.shell:Creating package script '/workspaces/isaac_ros-dev/install/qcar2_nodes/share/qcar2_nodes/package.ps1'
[5.744s] INFO:colcon.colcon_core.shell:Creating package descriptor '/workspaces/isaac_ros-dev/install/qcar2_nodes/share/qcar2_nodes/package.dsv'
[5.745s] INFO:colcon.colcon_core.shell:Creating package script '/workspaces/isaac_ros-dev/install/qcar2_nodes/share/qcar2_nodes/package.sh'
[5.745s] INFO:colcon.colcon_core.shell:Creating package script '/workspaces/isaac_ros-dev/install/qcar2_nodes/share/qcar2_nodes/package.bash'
[5.745s] INFO:colcon.colcon_core.shell:Creating package script '/workspaces/isaac_ros-dev/install/qcar2_nodes/share/qcar2_nodes/package.zsh'
[5.745s] Level 1:colcon.colcon_core.environment:create_file_with_runtime_dependencies(/workspaces/isaac_ros-dev/install/qcar2_nodes/share/colcon-core/packages/qcar2_nodes)
[5.861s] DEBUG:colcon.colcon_core.event_handler.log_command:Invoked command in '/workspaces/isaac_ros-dev/build/qcar2_autonomy' returned '0': CMAKE_PREFIX_PATH=/workspaces/isaac_ros-dev/install/qcar2_interfaces:/workspaces/isaac_ros-dev/install/qcar2_nodes:/workspace/cartographer_ws/install/perception_pcl:/workspace/cartographer_ws/install/pcl_ros:/workspace/cartographer_ws/install/cartographer_rviz:/workspace/cartographer_ws/install/cartographer_ros:/workspace/cartographer_ws/install/pcl_conversions:/workspace/cartographer_ws/install/pcl_msgs:/workspace/cartographer_ws/install/isaac_ros_tensor_list_interfaces:/workspace/cartographer_ws/install/isaac_ros_pointcloud_interfaces:/workspace/cartographer_ws/install/isaac_ros_nova_interfaces:/workspace/cartographer_ws/install/isaac_ros_nitros_bridge_interfaces:/workspace/cartographer_ws/install/isaac_ros_common:/workspace/cartographer_ws/install/isaac_ros_bi3d_interfaces:/workspace/cartographer_ws/install/isaac_ros_apriltag_interfaces:/workspace/cartographer_ws/install/control_msgs:/workspace/cartographer_ws/install/cartographer_ros_msgs:/workspace/cartographer_ws/install/cartographer:/workspace/cartographer_ws/install/absl PYTHONPATH=/workspaces/isaac_ros-dev/build/qcar2_autonomy/prefix_override:/workspaces/isaac_ros-dev/install/qcar2_autonomy/lib/python3.8/site-packages:/workspaces/isaac_ros-dev/install/qcar2_interfaces/lib/python3.8/site-packages:/workspaces/isaac_ros-dev/install/qcar2_nodes/lib/python3.8/site-packages:/workspaces/isaac_ros-dev/install/qcar2_autonomy/lib/python3.8/site-packages:/workspace/cartographer_ws/install/pcl_msgs/lib/python3.8/site-packages:/workspace/cartographer_ws/build/isaac_ros_test:/workspace/cartographer_ws/install/isaac_ros_test/lib/python3.8/site-packages:/workspace/cartographer_ws/install/isaac_ros_tensor_list_interfaces/lib/python3.8/site-packages:/workspace/cartographer_ws/install/isaac_ros_pointcloud_interfaces/lib/python3.8/site-packages:/workspace/cartographer_ws/install/isaac_ros_nova_interfaces/lib/python3.8/site-packages:/workspace/cartographer_ws/install/isaac_ros_nitros_bridge_interfaces/lib/python3.8/site-packages:/workspace/cartographer_ws/install/isaac_ros_bi3d_interfaces/lib/python3.8/site-packages:/workspace/cartographer_ws/install/isaac_ros_apriltag_interfaces/lib/python3.8/site-packages:/workspace/cartographer_ws/install/control_msgs/lib/python3.8/site-packages:/workspace/cartographer_ws/install/cartographer_ros_msgs/lib/python3.8/site-packages:/opt/ros/humble/lib/python3.8/site-packages:/home/Quanser/0_libraries/python _=/usr/bin/env /usr/bin/python3 setup.py develop --uninstall --editable --build-directory /workspaces/isaac_ros-dev/build/qcar2_autonomy/build
[5.864s] DEBUG:colcon.colcon_core.event_handler.log_command:Invoking command in '/workspaces/isaac_ros-dev/ros2/src/qcar2_autonomy': CMAKE_PREFIX_PATH=/workspaces/isaac_ros-dev/install/qcar2_interfaces:/workspaces/isaac_ros-dev/install/qcar2_nodes:/workspace/cartographer_ws/install/perception_pcl:/workspace/cartographer_ws/install/pcl_ros:/workspace/cartographer_ws/install/cartographer_rviz:/workspace/cartographer_ws/install/cartographer_ros:/workspace/cartographer_ws/install/pcl_conversions:/workspace/cartographer_ws/install/pcl_msgs:/workspace/cartographer_ws/install/isaac_ros_tensor_list_interfaces:/workspace/cartographer_ws/install/isaac_ros_pointcloud_interfaces:/workspace/cartographer_ws/install/isaac_ros_nova_interfaces:/workspace/cartographer_ws/install/isaac_ros_nitros_bridge_interfaces:/workspace/cartographer_ws/install/isaac_ros_common:/workspace/cartographer_ws/install/isaac_ros_bi3d_interfaces:/workspace/cartographer_ws/install/isaac_ros_apriltag_interfaces:/workspace/cartographer_ws/install/control_msgs:/workspace/cartographer_ws/install/cartographer_ros_msgs:/workspace/cartographer_ws/install/cartographer:/workspace/cartographer_ws/install/absl PYTHONPATH=/workspaces/isaac_ros-dev/build/qcar2_autonomy/prefix_override:/workspaces/isaac_ros-dev/install/qcar2_autonomy/lib/python3.8/site-packages:/workspaces/isaac_ros-dev/install/qcar2_interfaces/lib/python3.8/site-packages:/workspaces/isaac_ros-dev/install/qcar2_nodes/lib/python3.8/site-packages:/workspaces/isaac_ros-dev/install/qcar2_autonomy/lib/python3.8/site-packages:/workspace/cartographer_ws/install/pcl_msgs/lib/python3.8/site-packages:/workspace/cartographer_ws/build/isaac_ros_test:/workspace/cartographer_ws/install/isaac_ros_test/lib/python3.8/site-packages:/workspace/cartographer_ws/install/isaac_ros_tensor_list_interfaces/lib/python3.8/site-packages:/workspace/cartographer_ws/install/isaac_ros_pointcloud_interfaces/lib/python3.8/site-packages:/workspace/cartographer_ws/install/isaac_ros_nova_interfaces/lib/python3.8/site-packages:/workspace/cartographer_ws/install/isaac_ros_nitros_bridge_interfaces/lib/python3.8/site-packages:/workspace/cartographer_ws/install/isaac_ros_bi3d_interfaces/lib/python3.8/site-packages:/workspace/cartographer_ws/install/isaac_ros_apriltag_interfaces/lib/python3.8/site-packages:/workspace/cartographer_ws/install/control_msgs/lib/python3.8/site-packages:/workspace/cartographer_ws/install/cartographer_ros_msgs/lib/python3.8/site-packages:/opt/ros/humble/lib/python3.8/site-packages:/home/Quanser/0_libraries/python _=/usr/bin/env /usr/bin/python3 setup.py egg_info --egg-base ../../../build/qcar2_autonomy build --build-base /workspaces/isaac_ros-dev/build/qcar2_autonomy/build install --record /workspaces/isaac_ros-dev/build/qcar2_autonomy/install.log --single-version-externally-managed
[6.080s] Level 1:colcon.colcon_core.environment:create_environment_scripts_only(qcar2_nodes)
[6.088s] Level 1:colcon.colcon_core.environment:checking '/workspaces/isaac_ros-dev/install/qcar2_nodes' for CMake module files
[6.088s] Level 1:colcon.colcon_core.environment:checking '/workspaces/isaac_ros-dev/install/qcar2_nodes' for CMake config files
[6.089s] Level 1:colcon.colcon_core.shell:create_environment_hook('qcar2_nodes', 'cmake_prefix_path')
[6.097s] INFO:colcon.colcon_core.shell:Creating environment hook '/workspaces/isaac_ros-dev/install/qcar2_nodes/share/qcar2_nodes/hook/cmake_prefix_path.ps1'
[6.098s] INFO:colcon.colcon_core.shell:Creating environment descriptor '/workspaces/isaac_ros-dev/install/qcar2_nodes/share/qcar2_nodes/hook/cmake_prefix_path.dsv'
[6.098s] INFO:colcon.colcon_core.shell:Creating environment hook '/workspaces/isaac_ros-dev/install/qcar2_nodes/share/qcar2_nodes/hook/cmake_prefix_path.sh'
[6.098s] Level 1:colcon.colcon_core.environment:checking '/workspaces/isaac_ros-dev/install/qcar2_nodes/lib'
[6.098s] Level 1:colcon.colcon_core.environment:checking '/workspaces/isaac_ros-dev/install/qcar2_nodes/bin'
[6.098s] Level 1:colcon.colcon_core.environment:checking '/workspaces/isaac_ros-dev/install/qcar2_nodes/lib/pkgconfig/qcar2_nodes.pc'
[6.099s] Level 1:colcon.colcon_core.environment:checking '/workspaces/isaac_ros-dev/install/qcar2_nodes/lib/python3.8/site-packages'
[6.099s] Level 1:colcon.colcon_core.shell:create_environment_hook('qcar2_nodes', 'pythonpath')
[6.106s] INFO:colcon.colcon_core.shell:Creating environment hook '/workspaces/isaac_ros-dev/install/qcar2_nodes/share/qcar2_nodes/hook/pythonpath.ps1'
[6.106s] INFO:colcon.colcon_core.shell:Creating environment descriptor '/workspaces/isaac_ros-dev/install/qcar2_nodes/share/qcar2_nodes/hook/pythonpath.dsv'
[6.107s] INFO:colcon.colcon_core.shell:Creating environment hook '/workspaces/isaac_ros-dev/install/qcar2_nodes/share/qcar2_nodes/hook/pythonpath.sh'
[6.107s] Level 1:colcon.colcon_core.environment:checking '/workspaces/isaac_ros-dev/install/qcar2_nodes/bin'
[6.115s] INFO:colcon.colcon_core.shell:Creating package script '/workspaces/isaac_ros-dev/install/qcar2_nodes/share/qcar2_nodes/package.ps1'
[6.116s] INFO:colcon.colcon_core.shell:Creating package descriptor '/workspaces/isaac_ros-dev/install/qcar2_nodes/share/qcar2_nodes/package.dsv'
[6.116s] INFO:colcon.colcon_core.shell:Creating package script '/workspaces/isaac_ros-dev/install/qcar2_nodes/share/qcar2_nodes/package.sh'
[6.117s] INFO:colcon.colcon_core.shell:Creating package script '/workspaces/isaac_ros-dev/install/qcar2_nodes/share/qcar2_nodes/package.bash'
[6.117s] INFO:colcon.colcon_core.shell:Creating package script '/workspaces/isaac_ros-dev/install/qcar2_nodes/share/qcar2_nodes/package.zsh'
[6.117s] Level 1:colcon.colcon_core.environment:create_file_with_runtime_dependencies(/workspaces/isaac_ros-dev/install/qcar2_nodes/share/colcon-core/packages/qcar2_nodes)
[6.240s] DEBUG:colcon.colcon_core.event_handler.log_command:Invoked command in '/workspaces/isaac_ros-dev/ros2/src/qcar2_autonomy' returned '0': CMAKE_PREFIX_PATH=/workspaces/isaac_ros-dev/install/qcar2_interfaces:/workspaces/isaac_ros-dev/install/qcar2_nodes:/workspace/cartographer_ws/install/perception_pcl:/workspace/cartographer_ws/install/pcl_ros:/workspace/cartographer_ws/install/cartographer_rviz:/workspace/cartographer_ws/install/cartographer_ros:/workspace/cartographer_ws/install/pcl_conversions:/workspace/cartographer_ws/install/pcl_msgs:/workspace/cartographer_ws/install/isaac_ros_tensor_list_interfaces:/workspace/cartographer_ws/install/isaac_ros_pointcloud_interfaces:/workspace/cartographer_ws/install/isaac_ros_nova_interfaces:/workspace/cartographer_ws/install/isaac_ros_nitros_bridge_interfaces:/workspace/cartographer_ws/install/isaac_ros_common:/workspace/cartographer_ws/install/isaac_ros_bi3d_interfaces:/workspace/cartographer_ws/install/isaac_ros_apriltag_interfaces:/workspace/cartographer_ws/install/control_msgs:/workspace/cartographer_ws/install/cartographer_ros_msgs:/workspace/cartographer_ws/install/cartographer:/workspace/cartographer_ws/install/absl PYTHONPATH=/workspaces/isaac_ros-dev/build/qcar2_autonomy/prefix_override:/workspaces/isaac_ros-dev/install/qcar2_autonomy/lib/python3.8/site-packages:/workspaces/isaac_ros-dev/install/qcar2_interfaces/lib/python3.8/site-packages:/workspaces/isaac_ros-dev/install/qcar2_nodes/lib/python3.8/site-packages:/workspaces/isaac_ros-dev/install/qcar2_autonomy/lib/python3.8/site-packages:/workspace/cartographer_ws/install/pcl_msgs/lib/python3.8/site-packages:/workspace/cartographer_ws/build/isaac_ros_test:/workspace/cartographer_ws/install/isaac_ros_test/lib/python3.8/site-packages:/workspace/cartographer_ws/install/isaac_ros_tensor_list_interfaces/lib/python3.8/site-packages:/workspace/cartographer_ws/install/isaac_ros_pointcloud_interfaces/lib/python3.8/site-packages:/workspace/cartographer_ws/install/isaac_ros_nova_interfaces/lib/python3.8/site-packages:/workspace/cartographer_ws/install/isaac_ros_nitros_bridge_interfaces/lib/python3.8/site-packages:/workspace/cartographer_ws/install/isaac_ros_bi3d_interfaces/lib/python3.8/site-packages:/workspace/cartographer_ws/install/isaac_ros_apriltag_interfaces/lib/python3.8/site-packages:/workspace/cartographer_ws/install/control_msgs/lib/python3.8/site-packages:/workspace/cartographer_ws/install/cartographer_ros_msgs/lib/python3.8/site-packages:/opt/ros/humble/lib/python3.8/site-packages:/home/Quanser/0_libraries/python _=/usr/bin/env /usr/bin/python3 setup.py egg_info --egg-base ../../../build/qcar2_autonomy build --build-base /workspaces/isaac_ros-dev/build/qcar2_autonomy/build install --record /workspaces/isaac_ros-dev/build/qcar2_autonomy/install.log --single-version-externally-managed
[6.246s] Level 1:colcon.colcon_core.environment:checking '/workspaces/isaac_ros-dev/install/qcar2_autonomy' for CMake module files
[6.246s] Level 1:colcon.colcon_core.environment:checking '/workspaces/isaac_ros-dev/install/qcar2_autonomy' for CMake config files
[6.247s] Level 1:colcon.colcon_core.environment:checking '/workspaces/isaac_ros-dev/install/qcar2_autonomy/lib'
[6.247s] Level 1:colcon.colcon_core.environment:checking '/workspaces/isaac_ros-dev/install/qcar2_autonomy/bin'
[6.247s] Level 1:colcon.colcon_core.environment:checking '/workspaces/isaac_ros-dev/install/qcar2_autonomy/lib/pkgconfig/qcar2_autonomy.pc'
[6.247s] Level 1:colcon.colcon_core.environment:checking '/workspaces/isaac_ros-dev/install/qcar2_autonomy/lib/python3.8/site-packages'
[6.247s] Level 1:colcon.colcon_core.shell:create_environment_hook('qcar2_autonomy', 'pythonpath')
[6.252s] INFO:colcon.colcon_core.shell:Creating environment hook '/workspaces/isaac_ros-dev/install/qcar2_autonomy/share/qcar2_autonomy/hook/pythonpath.ps1'
[6.253s] INFO:colcon.colcon_core.shell:Creating environment descriptor '/workspaces/isaac_ros-dev/install/qcar2_autonomy/share/qcar2_autonomy/hook/pythonpath.dsv'
[6.253s] INFO:colcon.colcon_core.shell:Creating environment hook '/workspaces/isaac_ros-dev/install/qcar2_autonomy/share/qcar2_autonomy/hook/pythonpath.sh'
[6.253s] Level 1:colcon.colcon_core.environment:checking '/workspaces/isaac_ros-dev/install/qcar2_autonomy/bin'
[6.253s] Level 1:colcon.colcon_core.environment:create_environment_scripts_only(qcar2_autonomy)
[6.259s] INFO:colcon.colcon_core.shell:Creating package script '/workspaces/isaac_ros-dev/install/qcar2_autonomy/share/qcar2_autonomy/package.ps1'
[6.259s] INFO:colcon.colcon_core.shell:Creating package descriptor '/workspaces/isaac_ros-dev/install/qcar2_autonomy/share/qcar2_autonomy/package.dsv'
[6.260s] INFO:colcon.colcon_core.shell:Creating package script '/workspaces/isaac_ros-dev/install/qcar2_autonomy/share/qcar2_autonomy/package.sh'
[6.260s] INFO:colcon.colcon_core.shell:Creating package script '/workspaces/isaac_ros-dev/install/qcar2_autonomy/share/qcar2_autonomy/package.bash'
[6.260s] INFO:colcon.colcon_core.shell:Creating package script '/workspaces/isaac_ros-dev/install/qcar2_autonomy/share/qcar2_autonomy/package.zsh'
[6.260s] Level 1:colcon.colcon_core.environment:create_file_with_runtime_dependencies(/workspaces/isaac_ros-dev/install/qcar2_autonomy/share/colcon-core/packages/qcar2_autonomy)
[6.260s] DEBUG:colcon.colcon_parallel_executor.executor.parallel:closing loop
[6.261s] DEBUG:colcon.colcon_parallel_executor.executor.parallel:loop closed
[6.261s] DEBUG:colcon.colcon_parallel_executor.executor.parallel:run_until_complete finished with '0'
[6.261s] DEBUG:colcon.colcon_core.event_reactor:joining thread
[6.273s] INFO:colcon.colcon_core.plugin_system:Skipping extension 'colcon_notification.desktop_notification.notify_send': Could not find 'notify-send'
[6.273s] INFO:colcon.colcon_core.plugin_system:Skipping extension 'colcon_notification.desktop_notification.terminal_notifier': Not used on non-Darwin systems
[6.273s] INFO:colcon.colcon_core.plugin_system:Skipping extension 'colcon_notification.desktop_notification.win32': Not used on non-Windows systems
[6.273s] INFO:colcon.colcon_notification.desktop_notification:Sending desktop notification using 'notify2'
[6.275s] DEBUG:colcon.colcon_notification.desktop_notification.notify2:Failed to initialize notify2: org.freedesktop.DBus.Error.Spawn.ExecFailed: /usr/bin/dbus-launch terminated abnormally without any error message
[6.276s] DEBUG:colcon.colcon_core.event_reactor:joined thread
[6.285s] INFO:colcon.colcon_core.shell:Creating prefix script '/workspaces/isaac_ros-dev/install/local_setup.ps1'
[6.286s] INFO:colcon.colcon_core.shell:Creating prefix util module '/workspaces/isaac_ros-dev/install/_local_setup_util_ps1.py'
[6.286s] INFO:colcon.colcon_core.shell:Creating prefix chain script '/workspaces/isaac_ros-dev/install/setup.ps1'
[6.296s] INFO:colcon.colcon_core.shell:Creating prefix script '/workspaces/isaac_ros-dev/install/local_setup.sh'
[6.296s] INFO:colcon.colcon_core.shell:Creating prefix util module '/workspaces/isaac_ros-dev/install/_local_setup_util_sh.py'
[6.296s] INFO:colcon.colcon_core.shell:Creating prefix chain script '/workspaces/isaac_ros-dev/install/setup.sh'
[6.305s] INFO:colcon.colcon_core.shell:Creating prefix script '/workspaces/isaac_ros-dev/install/local_setup.bash'
[6.306s] INFO:colcon.colcon_core.shell:Creating prefix chain script '/workspaces/isaac_ros-dev/install/setup.bash'
[6.316s] INFO:colcon.colcon_core.shell:Creating prefix script '/workspaces/isaac_ros-dev/install/local_setup.zsh'
[6.317s] INFO:colcon.colcon_core.shell:Creating prefix chain script '/workspaces/isaac_ros-dev/install/setup.zsh'
