[1.629s] DEBUG:colcon:Command line arguments: ['/usr/bin/colcon', 'build', '--packages-select', 'qcar2_nodes']
[1.629s] DEBUG:colcon:Parsed command line arguments: Namespace(allow_overriding=[], ament_cmake_args=None, base_paths=['.'], build_base='build', catkin_cmake_args=None, catkin_skip_building_tests=False, cmake_args=None, cmake_clean_cache=False, cmake_clean_first=False, cmake_force_configure=False, cmake_target=None, cmake_target_skip_unavailable=False, continue_on_error=False, event_handlers=None, executor='parallel', ignore_user_meta=False, install_base='install', log_base=None, log_level=None, main=<bound method BuildVerb.main of <colcon_core.verb.build.BuildVerb object at 0x7c000b17e640>>, merge_install=False, metas=['./colcon.meta'], packages_above=None, packages_above_and_dependencies=None, packages_above_depth=None, packages_end=None, packages_ignore=None, packages_ignore_regex=None, packages_select=['qcar2_nodes'], packages_select_build_failed=False, packages_select_by_dep=None, packages_select_regex=None, packages_select_test_failures=False, packages_skip=None, packages_skip_build_finished=False, packages_skip_by_dep=None, packages_skip_regex=None, packages_skip_test_passed=False, packages_skip_up_to=None, packages_start=None, packages_up_to=None, packages_up_to_regex=None, parallel_workers=24, paths=None, symlink_install=False, test_result_base=None, verb_extension=<colcon_core.verb.build.BuildVerb object at 0x7c000b17e640>, verb_name='build', verb_parser=<colcon_defaults.argument_parser.defaults.DefaultArgumentsDecorator object at 0x7c000ab36cd0>)
[1.705s] Level 1:colcon.colcon_core.package_discovery:discover_packages(colcon_meta) check parameters
[1.706s] Level 1:colcon.colcon_core.package_discovery:discover_packages(recursive) check parameters
[1.706s] Level 1:colcon.colcon_core.package_discovery:discover_packages(ignore) check parameters
[1.706s] Level 1:colcon.colcon_core.package_discovery:discover_packages(path) check parameters
[1.706s] Level 1:colcon.colcon_core.package_discovery:discover_packages(colcon_meta) discover
[1.706s] Level 1:colcon.colcon_core.package_discovery:discover_packages(recursive) discover
[1.706s] INFO:colcon.colcon_core.package_discovery:Crawling recursively for packages in '/workspaces/isaac_ros-dev'
[1.706s] Level 1:colcon.colcon_core.package_identification:_identify(.) by extensions ['ignore', 'ignore_ament_install']
[1.706s] Level 1:colcon.colcon_core.package_identification:_identify(.) by extension 'ignore'
[1.706s] Level 1:colcon.colcon_core.package_identification:_identify(.) by extension 'ignore_ament_install'
[1.706s] Level 1:colcon.colcon_core.package_identification:_identify(.) by extensions ['colcon_pkg']
[1.706s] Level 1:colcon.colcon_core.package_identification:_identify(.) by extension 'colcon_pkg'
[1.706s] Level 1:colcon.colcon_core.package_identification:_identify(.) by extensions ['colcon_meta']
[1.706s] Level 1:colcon.colcon_core.package_identification:_identify(.) by extension 'colcon_meta'
[1.706s] Level 1:colcon.colcon_core.package_identification:_identify(.) by extensions ['ros']
[1.706s] Level 1:colcon.colcon_core.package_identification:_identify(.) by extension 'ros'
[1.717s] Level 1:colcon.colcon_core.package_identification:_identify(.) by extensions ['cmake', 'python']
[1.717s] Level 1:colcon.colcon_core.package_identification:_identify(.) by extension 'cmake'
[1.717s] Level 1:colcon.colcon_core.package_identification:_identify(.) by extension 'python'
[1.717s] Level 1:colcon.colcon_core.package_identification:_identify(.) by extensions ['python_setup_py']
[1.717s] Level 1:colcon.colcon_core.package_identification:_identify(.) by extension 'python_setup_py'
[1.717s] Level 1:colcon.colcon_core.package_identification:_identify(build) by extensions ['ignore', 'ignore_ament_install']
[1.717s] Level 1:colcon.colcon_core.package_identification:_identify(build) by extension 'ignore'
[1.717s] Level 1:colcon.colcon_core.package_identification:_identify(build) ignored
[1.717s] Level 1:colcon.colcon_core.package_identification:_identify(install) by extensions ['ignore', 'ignore_ament_install']
[1.717s] Level 1:colcon.colcon_core.package_identification:_identify(install) by extension 'ignore'
[1.717s] Level 1:colcon.colcon_core.package_identification:_identify(install) ignored
[1.717s] Level 1:colcon.colcon_core.package_identification:_identify(log) by extensions ['ignore', 'ignore_ament_install']
[1.717s] Level 1:colcon.colcon_core.package_identification:_identify(log) by extension 'ignore'
[1.717s] Level 1:colcon.colcon_core.package_identification:_identify(log) ignored
[1.718s] Level 1:colcon.colcon_core.package_identification:_identify(python_resources) by extensions ['ignore', 'ignore_ament_install']
[1.718s] Level 1:colcon.colcon_core.package_identification:_identify(python_resources) by extension 'ignore'
[1.718s] Level 1:colcon.colcon_core.package_identification:_identify(python_resources) by extension 'ignore_ament_install'
[1.718s] Level 1:colcon.colcon_core.package_identification:_identify(python_resources) by extensions ['colcon_pkg']
[1.718s] Level 1:colcon.colcon_core.package_identification:_identify(python_resources) by extension 'colcon_pkg'
[1.718s] Level 1:colcon.colcon_core.package_identification:_identify(python_resources) by extensions ['colcon_meta']
[1.718s] Level 1:colcon.colcon_core.package_identification:_identify(python_resources) by extension 'colcon_meta'
[1.718s] Level 1:colcon.colcon_core.package_identification:_identify(python_resources) by extensions ['ros']
[1.718s] Level 1:colcon.colcon_core.package_identification:_identify(python_resources) by extension 'ros'
[1.718s] Level 1:colcon.colcon_core.package_identification:_identify(python_resources) by extensions ['cmake', 'python']
[1.718s] Level 1:colcon.colcon_core.package_identification:_identify(python_resources) by extension 'cmake'
[1.718s] Level 1:colcon.colcon_core.package_identification:_identify(python_resources) by extension 'python'
[1.718s] Level 1:colcon.colcon_core.package_identification:_identify(python_resources) by extensions ['python_setup_py']
[1.718s] Level 1:colcon.colcon_core.package_identification:_identify(python_resources) by extension 'python_setup_py'
[1.718s] Level 1:colcon.colcon_core.package_identification:_identify(python_resources/qcar) by extensions ['ignore', 'ignore_ament_install']
[1.718s] Level 1:colcon.colcon_core.package_identification:_identify(python_resources/qcar) by extension 'ignore'
[1.718s] Level 1:colcon.colcon_core.package_identification:_identify(python_resources/qcar) by extension 'ignore_ament_install'
[1.718s] Level 1:colcon.colcon_core.package_identification:_identify(python_resources/qcar) by extensions ['colcon_pkg']
[1.718s] Level 1:colcon.colcon_core.package_identification:_identify(python_resources/qcar) by extension 'colcon_pkg'
[1.718s] Level 1:colcon.colcon_core.package_identification:_identify(python_resources/qcar) by extensions ['colcon_meta']
[1.718s] Level 1:colcon.colcon_core.package_identification:_identify(python_resources/qcar) by extension 'colcon_meta'
[1.718s] Level 1:colcon.colcon_core.package_identification:_identify(python_resources/qcar) by extensions ['ros']
[1.718s] Level 1:colcon.colcon_core.package_identification:_identify(python_resources/qcar) by extension 'ros'
[1.718s] Level 1:colcon.colcon_core.package_identification:_identify(python_resources/qcar) by extensions ['cmake', 'python']
[1.718s] Level 1:colcon.colcon_core.package_identification:_identify(python_resources/qcar) by extension 'cmake'
[1.718s] Level 1:colcon.colcon_core.package_identification:_identify(python_resources/qcar) by extension 'python'
[1.718s] Level 1:colcon.colcon_core.package_identification:_identify(python_resources/qcar) by extensions ['python_setup_py']
[1.718s] Level 1:colcon.colcon_core.package_identification:_identify(python_resources/qcar) by extension 'python_setup_py'
[1.718s] Level 1:colcon.colcon_core.package_identification:_identify(python_resources/qcar/hardware) by extensions ['ignore', 'ignore_ament_install']
[1.719s] Level 1:colcon.colcon_core.package_identification:_identify(python_resources/qcar/hardware) by extension 'ignore'
[1.719s] Level 1:colcon.colcon_core.package_identification:_identify(python_resources/qcar/hardware) by extension 'ignore_ament_install'
[1.719s] Level 1:colcon.colcon_core.package_identification:_identify(python_resources/qcar/hardware) by extensions ['colcon_pkg']
[1.719s] Level 1:colcon.colcon_core.package_identification:_identify(python_resources/qcar/hardware) by extension 'colcon_pkg'
[1.719s] Level 1:colcon.colcon_core.package_identification:_identify(python_resources/qcar/hardware) by extensions ['colcon_meta']
[1.719s] Level 1:colcon.colcon_core.package_identification:_identify(python_resources/qcar/hardware) by extension 'colcon_meta'
[1.719s] Level 1:colcon.colcon_core.package_identification:_identify(python_resources/qcar/hardware) by extensions ['ros']
[1.719s] Level 1:colcon.colcon_core.package_identification:_identify(python_resources/qcar/hardware) by extension 'ros'
[1.719s] Level 1:colcon.colcon_core.package_identification:_identify(python_resources/qcar/hardware) by extensions ['cmake', 'python']
[1.719s] Level 1:colcon.colcon_core.package_identification:_identify(python_resources/qcar/hardware) by extension 'cmake'
[1.719s] Level 1:colcon.colcon_core.package_identification:_identify(python_resources/qcar/hardware) by extension 'python'
[1.719s] Level 1:colcon.colcon_core.package_identification:_identify(python_resources/qcar/hardware) by extensions ['python_setup_py']
[1.719s] Level 1:colcon.colcon_core.package_identification:_identify(python_resources/qcar/hardware) by extension 'python_setup_py'
[1.719s] Level 1:colcon.colcon_core.package_identification:_identify(python_resources/qcar/hardware/applications) by extensions ['ignore', 'ignore_ament_install']
[1.719s] Level 1:colcon.colcon_core.package_identification:_identify(python_resources/qcar/hardware/applications) by extension 'ignore'
[1.719s] Level 1:colcon.colcon_core.package_identification:_identify(python_resources/qcar/hardware/applications) by extension 'ignore_ament_install'
[1.719s] Level 1:colcon.colcon_core.package_identification:_identify(python_resources/qcar/hardware/applications) by extensions ['colcon_pkg']
[1.719s] Level 1:colcon.colcon_core.package_identification:_identify(python_resources/qcar/hardware/applications) by extension 'colcon_pkg'
[1.719s] Level 1:colcon.colcon_core.package_identification:_identify(python_resources/qcar/hardware/applications) by extensions ['colcon_meta']
[1.719s] Level 1:colcon.colcon_core.package_identification:_identify(python_resources/qcar/hardware/applications) by extension 'colcon_meta'
[1.719s] Level 1:colcon.colcon_core.package_identification:_identify(python_resources/qcar/hardware/applications) by extensions ['ros']
[1.719s] Level 1:colcon.colcon_core.package_identification:_identify(python_resources/qcar/hardware/applications) by extension 'ros'
[1.719s] Level 1:colcon.colcon_core.package_identification:_identify(python_resources/qcar/hardware/applications) by extensions ['cmake', 'python']
[1.719s] Level 1:colcon.colcon_core.package_identification:_identify(python_resources/qcar/hardware/applications) by extension 'cmake'
[1.719s] Level 1:colcon.colcon_core.package_identification:_identify(python_resources/qcar/hardware/applications) by extension 'python'
[1.719s] Level 1:colcon.colcon_core.package_identification:_identify(python_resources/qcar/hardware/applications) by extensions ['python_setup_py']
[1.719s] Level 1:colcon.colcon_core.package_identification:_identify(python_resources/qcar/hardware/applications) by extension 'python_setup_py'
[1.719s] Level 1:colcon.colcon_core.package_identification:_identify(python_resources/qcar/hardware/applications/360_vision) by extensions ['ignore', 'ignore_ament_install']
[1.719s] Level 1:colcon.colcon_core.package_identification:_identify(python_resources/qcar/hardware/applications/360_vision) by extension 'ignore'
[1.720s] Level 1:colcon.colcon_core.package_identification:_identify(python_resources/qcar/hardware/applications/360_vision) by extension 'ignore_ament_install'
[1.720s] Level 1:colcon.colcon_core.package_identification:_identify(python_resources/qcar/hardware/applications/360_vision) by extensions ['colcon_pkg']
[1.720s] Level 1:colcon.colcon_core.package_identification:_identify(python_resources/qcar/hardware/applications/360_vision) by extension 'colcon_pkg'
[1.720s] Level 1:colcon.colcon_core.package_identification:_identify(python_resources/qcar/hardware/applications/360_vision) by extensions ['colcon_meta']
[1.720s] Level 1:colcon.colcon_core.package_identification:_identify(python_resources/qcar/hardware/applications/360_vision) by extension 'colcon_meta'
[1.720s] Level 1:colcon.colcon_core.package_identification:_identify(python_resources/qcar/hardware/applications/360_vision) by extensions ['ros']
[1.720s] Level 1:colcon.colcon_core.package_identification:_identify(python_resources/qcar/hardware/applications/360_vision) by extension 'ros'
[1.720s] Level 1:colcon.colcon_core.package_identification:_identify(python_resources/qcar/hardware/applications/360_vision) by extensions ['cmake', 'python']
[1.720s] Level 1:colcon.colcon_core.package_identification:_identify(python_resources/qcar/hardware/applications/360_vision) by extension 'cmake'
[1.720s] Level 1:colcon.colcon_core.package_identification:_identify(python_resources/qcar/hardware/applications/360_vision) by extension 'python'
[1.720s] Level 1:colcon.colcon_core.package_identification:_identify(python_resources/qcar/hardware/applications/360_vision) by extensions ['python_setup_py']
[1.720s] Level 1:colcon.colcon_core.package_identification:_identify(python_resources/qcar/hardware/applications/360_vision) by extension 'python_setup_py'
[1.720s] Level 1:colcon.colcon_core.package_identification:_identify(python_resources/qcar/hardware/applications/lane_following) by extensions ['ignore', 'ignore_ament_install']
[1.720s] Level 1:colcon.colcon_core.package_identification:_identify(python_resources/qcar/hardware/applications/lane_following) by extension 'ignore'
[1.720s] Level 1:colcon.colcon_core.package_identification:_identify(python_resources/qcar/hardware/applications/lane_following) by extension 'ignore_ament_install'
[1.720s] Level 1:colcon.colcon_core.package_identification:_identify(python_resources/qcar/hardware/applications/lane_following) by extensions ['colcon_pkg']
[1.720s] Level 1:colcon.colcon_core.package_identification:_identify(python_resources/qcar/hardware/applications/lane_following) by extension 'colcon_pkg'
[1.720s] Level 1:colcon.colcon_core.package_identification:_identify(python_resources/qcar/hardware/applications/lane_following) by extensions ['colcon_meta']
[1.720s] Level 1:colcon.colcon_core.package_identification:_identify(python_resources/qcar/hardware/applications/lane_following) by extension 'colcon_meta'
[1.720s] Level 1:colcon.colcon_core.package_identification:_identify(python_resources/qcar/hardware/applications/lane_following) by extensions ['ros']
[1.720s] Level 1:colcon.colcon_core.package_identification:_identify(python_resources/qcar/hardware/applications/lane_following) by extension 'ros'
[1.720s] Level 1:colcon.colcon_core.package_identification:_identify(python_resources/qcar/hardware/applications/lane_following) by extensions ['cmake', 'python']
[1.720s] Level 1:colcon.colcon_core.package_identification:_identify(python_resources/qcar/hardware/applications/lane_following) by extension 'cmake'
[1.720s] Level 1:colcon.colcon_core.package_identification:_identify(python_resources/qcar/hardware/applications/lane_following) by extension 'python'
[1.720s] Level 1:colcon.colcon_core.package_identification:_identify(python_resources/qcar/hardware/applications/lane_following) by extensions ['python_setup_py']
[1.720s] Level 1:colcon.colcon_core.package_identification:_identify(python_resources/qcar/hardware/applications/lane_following) by extension 'python_setup_py'
[1.720s] Level 1:colcon.colcon_core.package_identification:_identify(python_resources/qcar/hardware/applications/manual_drive) by extensions ['ignore', 'ignore_ament_install']
[1.720s] Level 1:colcon.colcon_core.package_identification:_identify(python_resources/qcar/hardware/applications/manual_drive) by extension 'ignore'
[1.720s] Level 1:colcon.colcon_core.package_identification:_identify(python_resources/qcar/hardware/applications/manual_drive) by extension 'ignore_ament_install'
[1.720s] Level 1:colcon.colcon_core.package_identification:_identify(python_resources/qcar/hardware/applications/manual_drive) by extensions ['colcon_pkg']
[1.721s] Level 1:colcon.colcon_core.package_identification:_identify(python_resources/qcar/hardware/applications/manual_drive) by extension 'colcon_pkg'
[1.721s] Level 1:colcon.colcon_core.package_identification:_identify(python_resources/qcar/hardware/applications/manual_drive) by extensions ['colcon_meta']
[1.721s] Level 1:colcon.colcon_core.package_identification:_identify(python_resources/qcar/hardware/applications/manual_drive) by extension 'colcon_meta'
[1.721s] Level 1:colcon.colcon_core.package_identification:_identify(python_resources/qcar/hardware/applications/manual_drive) by extensions ['ros']
[1.721s] Level 1:colcon.colcon_core.package_identification:_identify(python_resources/qcar/hardware/applications/manual_drive) by extension 'ros'
[1.721s] Level 1:colcon.colcon_core.package_identification:_identify(python_resources/qcar/hardware/applications/manual_drive) by extensions ['cmake', 'python']
[1.721s] Level 1:colcon.colcon_core.package_identification:_identify(python_resources/qcar/hardware/applications/manual_drive) by extension 'cmake'
[1.721s] Level 1:colcon.colcon_core.package_identification:_identify(python_resources/qcar/hardware/applications/manual_drive) by extension 'python'
[1.721s] Level 1:colcon.colcon_core.package_identification:_identify(python_resources/qcar/hardware/applications/manual_drive) by extensions ['python_setup_py']
[1.721s] Level 1:colcon.colcon_core.package_identification:_identify(python_resources/qcar/hardware/applications/manual_drive) by extension 'python_setup_py'
[1.721s] Level 1:colcon.colcon_core.package_identification:_identify(python_resources/qcar/hardware/applications/point_cloud_generation) by extensions ['ignore', 'ignore_ament_install']
[1.721s] Level 1:colcon.colcon_core.package_identification:_identify(python_resources/qcar/hardware/applications/point_cloud_generation) by extension 'ignore'
[1.721s] Level 1:colcon.colcon_core.package_identification:_identify(python_resources/qcar/hardware/applications/point_cloud_generation) by extension 'ignore_ament_install'
[1.721s] Level 1:colcon.colcon_core.package_identification:_identify(python_resources/qcar/hardware/applications/point_cloud_generation) by extensions ['colcon_pkg']
[1.721s] Level 1:colcon.colcon_core.package_identification:_identify(python_resources/qcar/hardware/applications/point_cloud_generation) by extension 'colcon_pkg'
[1.721s] Level 1:colcon.colcon_core.package_identification:_identify(python_resources/qcar/hardware/applications/point_cloud_generation) by extensions ['colcon_meta']
[1.721s] Level 1:colcon.colcon_core.package_identification:_identify(python_resources/qcar/hardware/applications/point_cloud_generation) by extension 'colcon_meta'
[1.721s] Level 1:colcon.colcon_core.package_identification:_identify(python_resources/qcar/hardware/applications/point_cloud_generation) by extensions ['ros']
[1.721s] Level 1:colcon.colcon_core.package_identification:_identify(python_resources/qcar/hardware/applications/point_cloud_generation) by extension 'ros'
[1.721s] Level 1:colcon.colcon_core.package_identification:_identify(python_resources/qcar/hardware/applications/point_cloud_generation) by extensions ['cmake', 'python']
[1.721s] Level 1:colcon.colcon_core.package_identification:_identify(python_resources/qcar/hardware/applications/point_cloud_generation) by extension 'cmake'
[1.721s] Level 1:colcon.colcon_core.package_identification:_identify(python_resources/qcar/hardware/applications/point_cloud_generation) by extension 'python'
[1.721s] Level 1:colcon.colcon_core.package_identification:_identify(python_resources/qcar/hardware/applications/point_cloud_generation) by extensions ['python_setup_py']
[1.721s] Level 1:colcon.colcon_core.package_identification:_identify(python_resources/qcar/hardware/applications/point_cloud_generation) by extension 'python_setup_py'
[1.721s] Level 1:colcon.colcon_core.package_identification:_identify(python_resources/qcar/hardware/applications/rgbd_imaging) by extensions ['ignore', 'ignore_ament_install']
[1.721s] Level 1:colcon.colcon_core.package_identification:_identify(python_resources/qcar/hardware/applications/rgbd_imaging) by extension 'ignore'
[1.721s] Level 1:colcon.colcon_core.package_identification:_identify(python_resources/qcar/hardware/applications/rgbd_imaging) by extension 'ignore_ament_install'
[1.721s] Level 1:colcon.colcon_core.package_identification:_identify(python_resources/qcar/hardware/applications/rgbd_imaging) by extensions ['colcon_pkg']
[1.721s] Level 1:colcon.colcon_core.package_identification:_identify(python_resources/qcar/hardware/applications/rgbd_imaging) by extension 'colcon_pkg'
[1.721s] Level 1:colcon.colcon_core.package_identification:_identify(python_resources/qcar/hardware/applications/rgbd_imaging) by extensions ['colcon_meta']
[1.721s] Level 1:colcon.colcon_core.package_identification:_identify(python_resources/qcar/hardware/applications/rgbd_imaging) by extension 'colcon_meta'
[1.722s] Level 1:colcon.colcon_core.package_identification:_identify(python_resources/qcar/hardware/applications/rgbd_imaging) by extensions ['ros']
[1.722s] Level 1:colcon.colcon_core.package_identification:_identify(python_resources/qcar/hardware/applications/rgbd_imaging) by extension 'ros'
[1.722s] Level 1:colcon.colcon_core.package_identification:_identify(python_resources/qcar/hardware/applications/rgbd_imaging) by extensions ['cmake', 'python']
[1.722s] Level 1:colcon.colcon_core.package_identification:_identify(python_resources/qcar/hardware/applications/rgbd_imaging) by extension 'cmake'
[1.722s] Level 1:colcon.colcon_core.package_identification:_identify(python_resources/qcar/hardware/applications/rgbd_imaging) by extension 'python'
[1.722s] Level 1:colcon.colcon_core.package_identification:_identify(python_resources/qcar/hardware/applications/rgbd_imaging) by extensions ['python_setup_py']
[1.722s] Level 1:colcon.colcon_core.package_identification:_identify(python_resources/qcar/hardware/applications/rgbd_imaging) by extension 'python_setup_py'
[1.722s] Level 1:colcon.colcon_core.package_identification:_identify(python_resources/qcar/hardware/hardware_tests) by extensions ['ignore', 'ignore_ament_install']
[1.722s] Level 1:colcon.colcon_core.package_identification:_identify(python_resources/qcar/hardware/hardware_tests) by extension 'ignore'
[1.722s] Level 1:colcon.colcon_core.package_identification:_identify(python_resources/qcar/hardware/hardware_tests) by extension 'ignore_ament_install'
[1.722s] Level 1:colcon.colcon_core.package_identification:_identify(python_resources/qcar/hardware/hardware_tests) by extensions ['colcon_pkg']
[1.722s] Level 1:colcon.colcon_core.package_identification:_identify(python_resources/qcar/hardware/hardware_tests) by extension 'colcon_pkg'
[1.722s] Level 1:colcon.colcon_core.package_identification:_identify(python_resources/qcar/hardware/hardware_tests) by extensions ['colcon_meta']
[1.722s] Level 1:colcon.colcon_core.package_identification:_identify(python_resources/qcar/hardware/hardware_tests) by extension 'colcon_meta'
[1.722s] Level 1:colcon.colcon_core.package_identification:_identify(python_resources/qcar/hardware/hardware_tests) by extensions ['ros']
[1.722s] Level 1:colcon.colcon_core.package_identification:_identify(python_resources/qcar/hardware/hardware_tests) by extension 'ros'
[1.722s] Level 1:colcon.colcon_core.package_identification:_identify(python_resources/qcar/hardware/hardware_tests) by extensions ['cmake', 'python']
[1.722s] Level 1:colcon.colcon_core.package_identification:_identify(python_resources/qcar/hardware/hardware_tests) by extension 'cmake'
[1.722s] Level 1:colcon.colcon_core.package_identification:_identify(python_resources/qcar/hardware/hardware_tests) by extension 'python'
[1.722s] Level 1:colcon.colcon_core.package_identification:_identify(python_resources/qcar/hardware/hardware_tests) by extensions ['python_setup_py']
[1.722s] Level 1:colcon.colcon_core.package_identification:_identify(python_resources/qcar/hardware/hardware_tests) by extension 'python_setup_py'
[1.722s] Level 1:colcon.colcon_core.package_identification:_identify(python_resources/qcar/virtual) by extensions ['ignore', 'ignore_ament_install']
[1.722s] Level 1:colcon.colcon_core.package_identification:_identify(python_resources/qcar/virtual) by extension 'ignore'
[1.722s] Level 1:colcon.colcon_core.package_identification:_identify(python_resources/qcar/virtual) by extension 'ignore_ament_install'
[1.722s] Level 1:colcon.colcon_core.package_identification:_identify(python_resources/qcar/virtual) by extensions ['colcon_pkg']
[1.722s] Level 1:colcon.colcon_core.package_identification:_identify(python_resources/qcar/virtual) by extension 'colcon_pkg'
[1.722s] Level 1:colcon.colcon_core.package_identification:_identify(python_resources/qcar/virtual) by extensions ['colcon_meta']
[1.722s] Level 1:colcon.colcon_core.package_identification:_identify(python_resources/qcar/virtual) by extension 'colcon_meta'
[1.722s] Level 1:colcon.colcon_core.package_identification:_identify(python_resources/qcar/virtual) by extensions ['ros']
[1.722s] Level 1:colcon.colcon_core.package_identification:_identify(python_resources/qcar/virtual) by extension 'ros'
[1.722s] Level 1:colcon.colcon_core.package_identification:_identify(python_resources/qcar/virtual) by extensions ['cmake', 'python']
[1.722s] Level 1:colcon.colcon_core.package_identification:_identify(python_resources/qcar/virtual) by extension 'cmake'
[1.723s] Level 1:colcon.colcon_core.package_identification:_identify(python_resources/qcar/virtual) by extension 'python'
[1.723s] Level 1:colcon.colcon_core.package_identification:_identify(python_resources/qcar/virtual) by extensions ['python_setup_py']
[1.723s] Level 1:colcon.colcon_core.package_identification:_identify(python_resources/qcar/virtual) by extension 'python_setup_py'
[1.723s] Level 1:colcon.colcon_core.package_identification:_identify(python_resources/qcar/virtual/applications) by extensions ['ignore', 'ignore_ament_install']
[1.723s] Level 1:colcon.colcon_core.package_identification:_identify(python_resources/qcar/virtual/applications) by extension 'ignore'
[1.723s] Level 1:colcon.colcon_core.package_identification:_identify(python_resources/qcar/virtual/applications) by extension 'ignore_ament_install'
[1.723s] Level 1:colcon.colcon_core.package_identification:_identify(python_resources/qcar/virtual/applications) by extensions ['colcon_pkg']
[1.723s] Level 1:colcon.colcon_core.package_identification:_identify(python_resources/qcar/virtual/applications) by extension 'colcon_pkg'
[1.723s] Level 1:colcon.colcon_core.package_identification:_identify(python_resources/qcar/virtual/applications) by extensions ['colcon_meta']
[1.723s] Level 1:colcon.colcon_core.package_identification:_identify(python_resources/qcar/virtual/applications) by extension 'colcon_meta'
[1.723s] Level 1:colcon.colcon_core.package_identification:_identify(python_resources/qcar/virtual/applications) by extensions ['ros']
[1.723s] Level 1:colcon.colcon_core.package_identification:_identify(python_resources/qcar/virtual/applications) by extension 'ros'
[1.723s] Level 1:colcon.colcon_core.package_identification:_identify(python_resources/qcar/virtual/applications) by extensions ['cmake', 'python']
[1.723s] Level 1:colcon.colcon_core.package_identification:_identify(python_resources/qcar/virtual/applications) by extension 'cmake'
[1.723s] Level 1:colcon.colcon_core.package_identification:_identify(python_resources/qcar/virtual/applications) by extension 'python'
[1.723s] Level 1:colcon.colcon_core.package_identification:_identify(python_resources/qcar/virtual/applications) by extensions ['python_setup_py']
[1.723s] Level 1:colcon.colcon_core.package_identification:_identify(python_resources/qcar/virtual/applications) by extension 'python_setup_py'
[1.723s] Level 1:colcon.colcon_core.package_identification:_identify(python_resources/qcar/virtual/applications/360_vision) by extensions ['ignore', 'ignore_ament_install']
[1.723s] Level 1:colcon.colcon_core.package_identification:_identify(python_resources/qcar/virtual/applications/360_vision) by extension 'ignore'
[1.723s] Level 1:colcon.colcon_core.package_identification:_identify(python_resources/qcar/virtual/applications/360_vision) by extension 'ignore_ament_install'
[1.723s] Level 1:colcon.colcon_core.package_identification:_identify(python_resources/qcar/virtual/applications/360_vision) by extensions ['colcon_pkg']
[1.723s] Level 1:colcon.colcon_core.package_identification:_identify(python_resources/qcar/virtual/applications/360_vision) by extension 'colcon_pkg'
[1.723s] Level 1:colcon.colcon_core.package_identification:_identify(python_resources/qcar/virtual/applications/360_vision) by extensions ['colcon_meta']
[1.723s] Level 1:colcon.colcon_core.package_identification:_identify(python_resources/qcar/virtual/applications/360_vision) by extension 'colcon_meta'
[1.723s] Level 1:colcon.colcon_core.package_identification:_identify(python_resources/qcar/virtual/applications/360_vision) by extensions ['ros']
[1.723s] Level 1:colcon.colcon_core.package_identification:_identify(python_resources/qcar/virtual/applications/360_vision) by extension 'ros'
[1.723s] Level 1:colcon.colcon_core.package_identification:_identify(python_resources/qcar/virtual/applications/360_vision) by extensions ['cmake', 'python']
[1.723s] Level 1:colcon.colcon_core.package_identification:_identify(python_resources/qcar/virtual/applications/360_vision) by extension 'cmake'
[1.723s] Level 1:colcon.colcon_core.package_identification:_identify(python_resources/qcar/virtual/applications/360_vision) by extension 'python'
[1.723s] Level 1:colcon.colcon_core.package_identification:_identify(python_resources/qcar/virtual/applications/360_vision) by extensions ['python_setup_py']
[1.723s] Level 1:colcon.colcon_core.package_identification:_identify(python_resources/qcar/virtual/applications/360_vision) by extension 'python_setup_py'
[1.724s] Level 1:colcon.colcon_core.package_identification:_identify(python_resources/qcar/virtual/applications/lane_following) by extensions ['ignore', 'ignore_ament_install']
[1.724s] Level 1:colcon.colcon_core.package_identification:_identify(python_resources/qcar/virtual/applications/lane_following) by extension 'ignore'
[1.724s] Level 1:colcon.colcon_core.package_identification:_identify(python_resources/qcar/virtual/applications/lane_following) by extension 'ignore_ament_install'
[1.724s] Level 1:colcon.colcon_core.package_identification:_identify(python_resources/qcar/virtual/applications/lane_following) by extensions ['colcon_pkg']
[1.724s] Level 1:colcon.colcon_core.package_identification:_identify(python_resources/qcar/virtual/applications/lane_following) by extension 'colcon_pkg'
[1.724s] Level 1:colcon.colcon_core.package_identification:_identify(python_resources/qcar/virtual/applications/lane_following) by extensions ['colcon_meta']
[1.724s] Level 1:colcon.colcon_core.package_identification:_identify(python_resources/qcar/virtual/applications/lane_following) by extension 'colcon_meta'
[1.724s] Level 1:colcon.colcon_core.package_identification:_identify(python_resources/qcar/virtual/applications/lane_following) by extensions ['ros']
[1.724s] Level 1:colcon.colcon_core.package_identification:_identify(python_resources/qcar/virtual/applications/lane_following) by extension 'ros'
[1.724s] Level 1:colcon.colcon_core.package_identification:_identify(python_resources/qcar/virtual/applications/lane_following) by extensions ['cmake', 'python']
[1.724s] Level 1:colcon.colcon_core.package_identification:_identify(python_resources/qcar/virtual/applications/lane_following) by extension 'cmake'
[1.724s] Level 1:colcon.colcon_core.package_identification:_identify(python_resources/qcar/virtual/applications/lane_following) by extension 'python'
[1.724s] Level 1:colcon.colcon_core.package_identification:_identify(python_resources/qcar/virtual/applications/lane_following) by extensions ['python_setup_py']
[1.724s] Level 1:colcon.colcon_core.package_identification:_identify(python_resources/qcar/virtual/applications/lane_following) by extension 'python_setup_py'
[1.724s] Level 1:colcon.colcon_core.package_identification:_identify(python_resources/qcar/virtual/applications/manual_drive) by extensions ['ignore', 'ignore_ament_install']
[1.724s] Level 1:colcon.colcon_core.package_identification:_identify(python_resources/qcar/virtual/applications/manual_drive) by extension 'ignore'
[1.724s] Level 1:colcon.colcon_core.package_identification:_identify(python_resources/qcar/virtual/applications/manual_drive) by extension 'ignore_ament_install'
[1.724s] Level 1:colcon.colcon_core.package_identification:_identify(python_resources/qcar/virtual/applications/manual_drive) by extensions ['colcon_pkg']
[1.724s] Level 1:colcon.colcon_core.package_identification:_identify(python_resources/qcar/virtual/applications/manual_drive) by extension 'colcon_pkg'
[1.724s] Level 1:colcon.colcon_core.package_identification:_identify(python_resources/qcar/virtual/applications/manual_drive) by extensions ['colcon_meta']
[1.724s] Level 1:colcon.colcon_core.package_identification:_identify(python_resources/qcar/virtual/applications/manual_drive) by extension 'colcon_meta'
[1.724s] Level 1:colcon.colcon_core.package_identification:_identify(python_resources/qcar/virtual/applications/manual_drive) by extensions ['ros']
[1.724s] Level 1:colcon.colcon_core.package_identification:_identify(python_resources/qcar/virtual/applications/manual_drive) by extension 'ros'
[1.724s] Level 1:colcon.colcon_core.package_identification:_identify(python_resources/qcar/virtual/applications/manual_drive) by extensions ['cmake', 'python']
[1.724s] Level 1:colcon.colcon_core.package_identification:_identify(python_resources/qcar/virtual/applications/manual_drive) by extension 'cmake'
[1.724s] Level 1:colcon.colcon_core.package_identification:_identify(python_resources/qcar/virtual/applications/manual_drive) by extension 'python'
[1.724s] Level 1:colcon.colcon_core.package_identification:_identify(python_resources/qcar/virtual/applications/manual_drive) by extensions ['python_setup_py']
[1.724s] Level 1:colcon.colcon_core.package_identification:_identify(python_resources/qcar/virtual/applications/manual_drive) by extension 'python_setup_py'
[1.724s] Level 1:colcon.colcon_core.package_identification:_identify(python_resources/qcar/virtual/applications/point_cloud_generation) by extensions ['ignore', 'ignore_ament_install']
[1.724s] Level 1:colcon.colcon_core.package_identification:_identify(python_resources/qcar/virtual/applications/point_cloud_generation) by extension 'ignore'
[1.724s] Level 1:colcon.colcon_core.package_identification:_identify(python_resources/qcar/virtual/applications/point_cloud_generation) by extension 'ignore_ament_install'
[1.725s] Level 1:colcon.colcon_core.package_identification:_identify(python_resources/qcar/virtual/applications/point_cloud_generation) by extensions ['colcon_pkg']
[1.725s] Level 1:colcon.colcon_core.package_identification:_identify(python_resources/qcar/virtual/applications/point_cloud_generation) by extension 'colcon_pkg'
[1.725s] Level 1:colcon.colcon_core.package_identification:_identify(python_resources/qcar/virtual/applications/point_cloud_generation) by extensions ['colcon_meta']
[1.725s] Level 1:colcon.colcon_core.package_identification:_identify(python_resources/qcar/virtual/applications/point_cloud_generation) by extension 'colcon_meta'
[1.725s] Level 1:colcon.colcon_core.package_identification:_identify(python_resources/qcar/virtual/applications/point_cloud_generation) by extensions ['ros']
[1.725s] Level 1:colcon.colcon_core.package_identification:_identify(python_resources/qcar/virtual/applications/point_cloud_generation) by extension 'ros'
[1.725s] Level 1:colcon.colcon_core.package_identification:_identify(python_resources/qcar/virtual/applications/point_cloud_generation) by extensions ['cmake', 'python']
[1.725s] Level 1:colcon.colcon_core.package_identification:_identify(python_resources/qcar/virtual/applications/point_cloud_generation) by extension 'cmake'
[1.725s] Level 1:colcon.colcon_core.package_identification:_identify(python_resources/qcar/virtual/applications/point_cloud_generation) by extension 'python'
[1.725s] Level 1:colcon.colcon_core.package_identification:_identify(python_resources/qcar/virtual/applications/point_cloud_generation) by extensions ['python_setup_py']
[1.725s] Level 1:colcon.colcon_core.package_identification:_identify(python_resources/qcar/virtual/applications/point_cloud_generation) by extension 'python_setup_py'
[1.725s] Level 1:colcon.colcon_core.package_identification:_identify(python_resources/qcar/virtual/applications/rgbd_imaging) by extensions ['ignore', 'ignore_ament_install']
[1.725s] Level 1:colcon.colcon_core.package_identification:_identify(python_resources/qcar/virtual/applications/rgbd_imaging) by extension 'ignore'
[1.725s] Level 1:colcon.colcon_core.package_identification:_identify(python_resources/qcar/virtual/applications/rgbd_imaging) by extension 'ignore_ament_install'
[1.725s] Level 1:colcon.colcon_core.package_identification:_identify(python_resources/qcar/virtual/applications/rgbd_imaging) by extensions ['colcon_pkg']
[1.725s] Level 1:colcon.colcon_core.package_identification:_identify(python_resources/qcar/virtual/applications/rgbd_imaging) by extension 'colcon_pkg'
[1.725s] Level 1:colcon.colcon_core.package_identification:_identify(python_resources/qcar/virtual/applications/rgbd_imaging) by extensions ['colcon_meta']
[1.725s] Level 1:colcon.colcon_core.package_identification:_identify(python_resources/qcar/virtual/applications/rgbd_imaging) by extension 'colcon_meta'
[1.725s] Level 1:colcon.colcon_core.package_identification:_identify(python_resources/qcar/virtual/applications/rgbd_imaging) by extensions ['ros']
[1.725s] Level 1:colcon.colcon_core.package_identification:_identify(python_resources/qcar/virtual/applications/rgbd_imaging) by extension 'ros'
[1.725s] Level 1:colcon.colcon_core.package_identification:_identify(python_resources/qcar/virtual/applications/rgbd_imaging) by extensions ['cmake', 'python']
[1.725s] Level 1:colcon.colcon_core.package_identification:_identify(python_resources/qcar/virtual/applications/rgbd_imaging) by extension 'cmake'
[1.725s] Level 1:colcon.colcon_core.package_identification:_identify(python_resources/qcar/virtual/applications/rgbd_imaging) by extension 'python'
[1.725s] Level 1:colcon.colcon_core.package_identification:_identify(python_resources/qcar/virtual/applications/rgbd_imaging) by extensions ['python_setup_py']
[1.725s] Level 1:colcon.colcon_core.package_identification:_identify(python_resources/qcar/virtual/applications/rgbd_imaging) by extension 'python_setup_py'
[1.725s] Level 1:colcon.colcon_core.package_identification:_identify(python_resources/qcar/virtual/hardware_tests) by extensions ['ignore', 'ignore_ament_install']
[1.725s] Level 1:colcon.colcon_core.package_identification:_identify(python_resources/qcar/virtual/hardware_tests) by extension 'ignore'
[1.725s] Level 1:colcon.colcon_core.package_identification:_identify(python_resources/qcar/virtual/hardware_tests) by extension 'ignore_ament_install'
[1.725s] Level 1:colcon.colcon_core.package_identification:_identify(python_resources/qcar/virtual/hardware_tests) by extensions ['colcon_pkg']
[1.725s] Level 1:colcon.colcon_core.package_identification:_identify(python_resources/qcar/virtual/hardware_tests) by extension 'colcon_pkg'
[1.725s] Level 1:colcon.colcon_core.package_identification:_identify(python_resources/qcar/virtual/hardware_tests) by extensions ['colcon_meta']
[1.725s] Level 1:colcon.colcon_core.package_identification:_identify(python_resources/qcar/virtual/hardware_tests) by extension 'colcon_meta'
[1.725s] Level 1:colcon.colcon_core.package_identification:_identify(python_resources/qcar/virtual/hardware_tests) by extensions ['ros']
[1.725s] Level 1:colcon.colcon_core.package_identification:_identify(python_resources/qcar/virtual/hardware_tests) by extension 'ros'
[1.726s] Level 1:colcon.colcon_core.package_identification:_identify(python_resources/qcar/virtual/hardware_tests) by extensions ['cmake', 'python']
[1.726s] Level 1:colcon.colcon_core.package_identification:_identify(python_resources/qcar/virtual/hardware_tests) by extension 'cmake'
[1.726s] Level 1:colcon.colcon_core.package_identification:_identify(python_resources/qcar/virtual/hardware_tests) by extension 'python'
[1.726s] Level 1:colcon.colcon_core.package_identification:_identify(python_resources/qcar/virtual/hardware_tests) by extensions ['python_setup_py']
[1.726s] Level 1:colcon.colcon_core.package_identification:_identify(python_resources/qcar/virtual/hardware_tests) by extension 'python_setup_py'
[1.726s] Level 1:colcon.colcon_core.package_identification:_identify(python_resources/qcar2) by extensions ['ignore', 'ignore_ament_install']
[1.726s] Level 1:colcon.colcon_core.package_identification:_identify(python_resources/qcar2) by extension 'ignore'
[1.726s] Level 1:colcon.colcon_core.package_identification:_identify(python_resources/qcar2) by extension 'ignore_ament_install'
[1.726s] Level 1:colcon.colcon_core.package_identification:_identify(python_resources/qcar2) by extensions ['colcon_pkg']
[1.726s] Level 1:colcon.colcon_core.package_identification:_identify(python_resources/qcar2) by extension 'colcon_pkg'
[1.726s] Level 1:colcon.colcon_core.package_identification:_identify(python_resources/qcar2) by extensions ['colcon_meta']
[1.726s] Level 1:colcon.colcon_core.package_identification:_identify(python_resources/qcar2) by extension 'colcon_meta'
[1.726s] Level 1:colcon.colcon_core.package_identification:_identify(python_resources/qcar2) by extensions ['ros']
[1.726s] Level 1:colcon.colcon_core.package_identification:_identify(python_resources/qcar2) by extension 'ros'
[1.726s] Level 1:colcon.colcon_core.package_identification:_identify(python_resources/qcar2) by extensions ['cmake', 'python']
[1.726s] Level 1:colcon.colcon_core.package_identification:_identify(python_resources/qcar2) by extension 'cmake'
[1.726s] Level 1:colcon.colcon_core.package_identification:_identify(python_resources/qcar2) by extension 'python'
[1.726s] Level 1:colcon.colcon_core.package_identification:_identify(python_resources/qcar2) by extensions ['python_setup_py']
[1.726s] Level 1:colcon.colcon_core.package_identification:_identify(python_resources/qcar2) by extension 'python_setup_py'
[1.726s] Level 1:colcon.colcon_core.package_identification:_identify(python_resources/qcar2/autoware) by extensions ['ignore', 'ignore_ament_install']
[1.726s] Level 1:colcon.colcon_core.package_identification:_identify(python_resources/qcar2/autoware) by extension 'ignore'
[1.726s] Level 1:colcon.colcon_core.package_identification:_identify(python_resources/qcar2/autoware) by extension 'ignore_ament_install'
[1.726s] Level 1:colcon.colcon_core.package_identification:_identify(python_resources/qcar2/autoware) by extensions ['colcon_pkg']
[1.726s] Level 1:colcon.colcon_core.package_identification:_identify(python_resources/qcar2/autoware) by extension 'colcon_pkg'
[1.726s] Level 1:colcon.colcon_core.package_identification:_identify(python_resources/qcar2/autoware) by extensions ['colcon_meta']
[1.726s] Level 1:colcon.colcon_core.package_identification:_identify(python_resources/qcar2/autoware) by extension 'colcon_meta'
[1.726s] Level 1:colcon.colcon_core.package_identification:_identify(python_resources/qcar2/autoware) by extensions ['ros']
[1.726s] Level 1:colcon.colcon_core.package_identification:_identify(python_resources/qcar2/autoware) by extension 'ros'
[1.726s] Level 1:colcon.colcon_core.package_identification:_identify(python_resources/qcar2/autoware) by extensions ['cmake', 'python']
[1.726s] Level 1:colcon.colcon_core.package_identification:_identify(python_resources/qcar2/autoware) by extension 'cmake'
[1.726s] Level 1:colcon.colcon_core.package_identification:_identify(python_resources/qcar2/autoware) by extension 'python'
[1.726s] Level 1:colcon.colcon_core.package_identification:_identify(python_resources/qcar2/autoware) by extensions ['python_setup_py']
[1.726s] Level 1:colcon.colcon_core.package_identification:_identify(python_resources/qcar2/autoware) by extension 'python_setup_py'
[1.727s] Level 1:colcon.colcon_core.package_identification:_identify(python_resources/qcar2/hardware) by extensions ['ignore', 'ignore_ament_install']
[1.727s] Level 1:colcon.colcon_core.package_identification:_identify(python_resources/qcar2/hardware) by extension 'ignore'
[1.727s] Level 1:colcon.colcon_core.package_identification:_identify(python_resources/qcar2/hardware) by extension 'ignore_ament_install'
[1.727s] Level 1:colcon.colcon_core.package_identification:_identify(python_resources/qcar2/hardware) by extensions ['colcon_pkg']
[1.727s] Level 1:colcon.colcon_core.package_identification:_identify(python_resources/qcar2/hardware) by extension 'colcon_pkg'
[1.727s] Level 1:colcon.colcon_core.package_identification:_identify(python_resources/qcar2/hardware) by extensions ['colcon_meta']
[1.727s] Level 1:colcon.colcon_core.package_identification:_identify(python_resources/qcar2/hardware) by extension 'colcon_meta'
[1.727s] Level 1:colcon.colcon_core.package_identification:_identify(python_resources/qcar2/hardware) by extensions ['ros']
[1.727s] Level 1:colcon.colcon_core.package_identification:_identify(python_resources/qcar2/hardware) by extension 'ros'
[1.727s] Level 1:colcon.colcon_core.package_identification:_identify(python_resources/qcar2/hardware) by extensions ['cmake', 'python']
[1.727s] Level 1:colcon.colcon_core.package_identification:_identify(python_resources/qcar2/hardware) by extension 'cmake'
[1.727s] Level 1:colcon.colcon_core.package_identification:_identify(python_resources/qcar2/hardware) by extension 'python'
[1.727s] Level 1:colcon.colcon_core.package_identification:_identify(python_resources/qcar2/hardware) by extensions ['python_setup_py']
[1.727s] Level 1:colcon.colcon_core.package_identification:_identify(python_resources/qcar2/hardware) by extension 'python_setup_py'
[1.727s] Level 1:colcon.colcon_core.package_identification:_identify(python_resources/qcar2/hardware/applications) by extensions ['ignore', 'ignore_ament_install']
[1.727s] Level 1:colcon.colcon_core.package_identification:_identify(python_resources/qcar2/hardware/applications) by extension 'ignore'
[1.727s] Level 1:colcon.colcon_core.package_identification:_identify(python_resources/qcar2/hardware/applications) by extension 'ignore_ament_install'
[1.727s] Level 1:colcon.colcon_core.package_identification:_identify(python_resources/qcar2/hardware/applications) by extensions ['colcon_pkg']
[1.727s] Level 1:colcon.colcon_core.package_identification:_identify(python_resources/qcar2/hardware/applications) by extension 'colcon_pkg'
[1.727s] Level 1:colcon.colcon_core.package_identification:_identify(python_resources/qcar2/hardware/applications) by extensions ['colcon_meta']
[1.727s] Level 1:colcon.colcon_core.package_identification:_identify(python_resources/qcar2/hardware/applications) by extension 'colcon_meta'
[1.727s] Level 1:colcon.colcon_core.package_identification:_identify(python_resources/qcar2/hardware/applications) by extensions ['ros']
[1.727s] Level 1:colcon.colcon_core.package_identification:_identify(python_resources/qcar2/hardware/applications) by extension 'ros'
[1.727s] Level 1:colcon.colcon_core.package_identification:_identify(python_resources/qcar2/hardware/applications) by extensions ['cmake', 'python']
[1.727s] Level 1:colcon.colcon_core.package_identification:_identify(python_resources/qcar2/hardware/applications) by extension 'cmake'
[1.727s] Level 1:colcon.colcon_core.package_identification:_identify(python_resources/qcar2/hardware/applications) by extension 'python'
[1.727s] Level 1:colcon.colcon_core.package_identification:_identify(python_resources/qcar2/hardware/applications) by extensions ['python_setup_py']
[1.727s] Level 1:colcon.colcon_core.package_identification:_identify(python_resources/qcar2/hardware/applications) by extension 'python_setup_py'
[1.727s] Level 1:colcon.colcon_core.package_identification:_identify(python_resources/qcar2/hardware/applications/360_vision) by extensions ['ignore', 'ignore_ament_install']
[1.727s] Level 1:colcon.colcon_core.package_identification:_identify(python_resources/qcar2/hardware/applications/360_vision) by extension 'ignore'
[1.727s] Level 1:colcon.colcon_core.package_identification:_identify(python_resources/qcar2/hardware/applications/360_vision) by extension 'ignore_ament_install'
[1.727s] Level 1:colcon.colcon_core.package_identification:_identify(python_resources/qcar2/hardware/applications/360_vision) by extensions ['colcon_pkg']
[1.727s] Level 1:colcon.colcon_core.package_identification:_identify(python_resources/qcar2/hardware/applications/360_vision) by extension 'colcon_pkg'
[1.728s] Level 1:colcon.colcon_core.package_identification:_identify(python_resources/qcar2/hardware/applications/360_vision) by extensions ['colcon_meta']
[1.728s] Level 1:colcon.colcon_core.package_identification:_identify(python_resources/qcar2/hardware/applications/360_vision) by extension 'colcon_meta'
[1.728s] Level 1:colcon.colcon_core.package_identification:_identify(python_resources/qcar2/hardware/applications/360_vision) by extensions ['ros']
[1.728s] Level 1:colcon.colcon_core.package_identification:_identify(python_resources/qcar2/hardware/applications/360_vision) by extension 'ros'
[1.728s] Level 1:colcon.colcon_core.package_identification:_identify(python_resources/qcar2/hardware/applications/360_vision) by extensions ['cmake', 'python']
[1.728s] Level 1:colcon.colcon_core.package_identification:_identify(python_resources/qcar2/hardware/applications/360_vision) by extension 'cmake'
[1.728s] Level 1:colcon.colcon_core.package_identification:_identify(python_resources/qcar2/hardware/applications/360_vision) by extension 'python'
[1.728s] Level 1:colcon.colcon_core.package_identification:_identify(python_resources/qcar2/hardware/applications/360_vision) by extensions ['python_setup_py']
[1.728s] Level 1:colcon.colcon_core.package_identification:_identify(python_resources/qcar2/hardware/applications/360_vision) by extension 'python_setup_py'
[1.728s] Level 1:colcon.colcon_core.package_identification:_identify(python_resources/qcar2/hardware/applications/lane_following) by extensions ['ignore', 'ignore_ament_install']
[1.728s] Level 1:colcon.colcon_core.package_identification:_identify(python_resources/qcar2/hardware/applications/lane_following) by extension 'ignore'
[1.728s] Level 1:colcon.colcon_core.package_identification:_identify(python_resources/qcar2/hardware/applications/lane_following) by extension 'ignore_ament_install'
[1.728s] Level 1:colcon.colcon_core.package_identification:_identify(python_resources/qcar2/hardware/applications/lane_following) by extensions ['colcon_pkg']
[1.728s] Level 1:colcon.colcon_core.package_identification:_identify(python_resources/qcar2/hardware/applications/lane_following) by extension 'colcon_pkg'
[1.728s] Level 1:colcon.colcon_core.package_identification:_identify(python_resources/qcar2/hardware/applications/lane_following) by extensions ['colcon_meta']
[1.728s] Level 1:colcon.colcon_core.package_identification:_identify(python_resources/qcar2/hardware/applications/lane_following) by extension 'colcon_meta'
[1.728s] Level 1:colcon.colcon_core.package_identification:_identify(python_resources/qcar2/hardware/applications/lane_following) by extensions ['ros']
[1.728s] Level 1:colcon.colcon_core.package_identification:_identify(python_resources/qcar2/hardware/applications/lane_following) by extension 'ros'
[1.728s] Level 1:colcon.colcon_core.package_identification:_identify(python_resources/qcar2/hardware/applications/lane_following) by extensions ['cmake', 'python']
[1.728s] Level 1:colcon.colcon_core.package_identification:_identify(python_resources/qcar2/hardware/applications/lane_following) by extension 'cmake'
[1.728s] Level 1:colcon.colcon_core.package_identification:_identify(python_resources/qcar2/hardware/applications/lane_following) by extension 'python'
[1.728s] Level 1:colcon.colcon_core.package_identification:_identify(python_resources/qcar2/hardware/applications/lane_following) by extensions ['python_setup_py']
[1.728s] Level 1:colcon.colcon_core.package_identification:_identify(python_resources/qcar2/hardware/applications/lane_following) by extension 'python_setup_py'
[1.728s] Level 1:colcon.colcon_core.package_identification:_identify(python_resources/qcar2/hardware/applications/lanenet) by extensions ['ignore', 'ignore_ament_install']
[1.728s] Level 1:colcon.colcon_core.package_identification:_identify(python_resources/qcar2/hardware/applications/lanenet) by extension 'ignore'
[1.728s] Level 1:colcon.colcon_core.package_identification:_identify(python_resources/qcar2/hardware/applications/lanenet) by extension 'ignore_ament_install'
[1.728s] Level 1:colcon.colcon_core.package_identification:_identify(python_resources/qcar2/hardware/applications/lanenet) by extensions ['colcon_pkg']
[1.728s] Level 1:colcon.colcon_core.package_identification:_identify(python_resources/qcar2/hardware/applications/lanenet) by extension 'colcon_pkg'
[1.728s] Level 1:colcon.colcon_core.package_identification:_identify(python_resources/qcar2/hardware/applications/lanenet) by extensions ['colcon_meta']
[1.728s] Level 1:colcon.colcon_core.package_identification:_identify(python_resources/qcar2/hardware/applications/lanenet) by extension 'colcon_meta'
[1.728s] Level 1:colcon.colcon_core.package_identification:_identify(python_resources/qcar2/hardware/applications/lanenet) by extensions ['ros']
[1.728s] Level 1:colcon.colcon_core.package_identification:_identify(python_resources/qcar2/hardware/applications/lanenet) by extension 'ros'
[1.728s] Level 1:colcon.colcon_core.package_identification:_identify(python_resources/qcar2/hardware/applications/lanenet) by extensions ['cmake', 'python']
[1.728s] Level 1:colcon.colcon_core.package_identification:_identify(python_resources/qcar2/hardware/applications/lanenet) by extension 'cmake'
[1.728s] Level 1:colcon.colcon_core.package_identification:_identify(python_resources/qcar2/hardware/applications/lanenet) by extension 'python'
[1.729s] Level 1:colcon.colcon_core.package_identification:_identify(python_resources/qcar2/hardware/applications/lanenet) by extensions ['python_setup_py']
[1.729s] Level 1:colcon.colcon_core.package_identification:_identify(python_resources/qcar2/hardware/applications/lanenet) by extension 'python_setup_py'
[1.729s] Level 1:colcon.colcon_core.package_identification:_identify(python_resources/qcar2/hardware/applications/manual_drive) by extensions ['ignore', 'ignore_ament_install']
[1.729s] Level 1:colcon.colcon_core.package_identification:_identify(python_resources/qcar2/hardware/applications/manual_drive) by extension 'ignore'
[1.729s] Level 1:colcon.colcon_core.package_identification:_identify(python_resources/qcar2/hardware/applications/manual_drive) by extension 'ignore_ament_install'
[1.729s] Level 1:colcon.colcon_core.package_identification:_identify(python_resources/qcar2/hardware/applications/manual_drive) by extensions ['colcon_pkg']
[1.729s] Level 1:colcon.colcon_core.package_identification:_identify(python_resources/qcar2/hardware/applications/manual_drive) by extension 'colcon_pkg'
[1.729s] Level 1:colcon.colcon_core.package_identification:_identify(python_resources/qcar2/hardware/applications/manual_drive) by extensions ['colcon_meta']
[1.729s] Level 1:colcon.colcon_core.package_identification:_identify(python_resources/qcar2/hardware/applications/manual_drive) by extension 'colcon_meta'
[1.729s] Level 1:colcon.colcon_core.package_identification:_identify(python_resources/qcar2/hardware/applications/manual_drive) by extensions ['ros']
[1.729s] Level 1:colcon.colcon_core.package_identification:_identify(python_resources/qcar2/hardware/applications/manual_drive) by extension 'ros'
[1.729s] Level 1:colcon.colcon_core.package_identification:_identify(python_resources/qcar2/hardware/applications/manual_drive) by extensions ['cmake', 'python']
[1.729s] Level 1:colcon.colcon_core.package_identification:_identify(python_resources/qcar2/hardware/applications/manual_drive) by extension 'cmake'
[1.729s] Level 1:colcon.colcon_core.package_identification:_identify(python_resources/qcar2/hardware/applications/manual_drive) by extension 'python'
[1.729s] Level 1:colcon.colcon_core.package_identification:_identify(python_resources/qcar2/hardware/applications/manual_drive) by extensions ['python_setup_py']
[1.729s] Level 1:colcon.colcon_core.package_identification:_identify(python_resources/qcar2/hardware/applications/manual_drive) by extension 'python_setup_py'
[1.729s] Level 1:colcon.colcon_core.package_identification:_identify(python_resources/qcar2/hardware/applications/multi_vehicle_self_driving) by extensions ['ignore', 'ignore_ament_install']
[1.729s] Level 1:colcon.colcon_core.package_identification:_identify(python_resources/qcar2/hardware/applications/multi_vehicle_self_driving) by extension 'ignore'
[1.729s] Level 1:colcon.colcon_core.package_identification:_identify(python_resources/qcar2/hardware/applications/multi_vehicle_self_driving) by extension 'ignore_ament_install'
[1.729s] Level 1:colcon.colcon_core.package_identification:_identify(python_resources/qcar2/hardware/applications/multi_vehicle_self_driving) by extensions ['colcon_pkg']
[1.729s] Level 1:colcon.colcon_core.package_identification:_identify(python_resources/qcar2/hardware/applications/multi_vehicle_self_driving) by extension 'colcon_pkg'
[1.729s] Level 1:colcon.colcon_core.package_identification:_identify(python_resources/qcar2/hardware/applications/multi_vehicle_self_driving) by extensions ['colcon_meta']
[1.729s] Level 1:colcon.colcon_core.package_identification:_identify(python_resources/qcar2/hardware/applications/multi_vehicle_self_driving) by extension 'colcon_meta'
[1.729s] Level 1:colcon.colcon_core.package_identification:_identify(python_resources/qcar2/hardware/applications/multi_vehicle_self_driving) by extensions ['ros']
[1.729s] Level 1:colcon.colcon_core.package_identification:_identify(python_resources/qcar2/hardware/applications/multi_vehicle_self_driving) by extension 'ros'
[1.729s] Level 1:colcon.colcon_core.package_identification:_identify(python_resources/qcar2/hardware/applications/multi_vehicle_self_driving) by extensions ['cmake', 'python']
[1.729s] Level 1:colcon.colcon_core.package_identification:_identify(python_resources/qcar2/hardware/applications/multi_vehicle_self_driving) by extension 'cmake'
[1.729s] Level 1:colcon.colcon_core.package_identification:_identify(python_resources/qcar2/hardware/applications/multi_vehicle_self_driving) by extension 'python'
[1.729s] Level 1:colcon.colcon_core.package_identification:_identify(python_resources/qcar2/hardware/applications/multi_vehicle_self_driving) by extensions ['python_setup_py']
[1.729s] Level 1:colcon.colcon_core.package_identification:_identify(python_resources/qcar2/hardware/applications/multi_vehicle_self_driving) by extension 'python_setup_py'
[1.729s] Level 1:colcon.colcon_core.package_identification:_identify(python_resources/qcar2/hardware/applications/multi_vehicle_self_driving/python) by extensions ['ignore', 'ignore_ament_install']
[1.730s] Level 1:colcon.colcon_core.package_identification:_identify(python_resources/qcar2/hardware/applications/multi_vehicle_self_driving/python) by extension 'ignore'
[1.730s] Level 1:colcon.colcon_core.package_identification:_identify(python_resources/qcar2/hardware/applications/multi_vehicle_self_driving/python) by extension 'ignore_ament_install'
[1.730s] Level 1:colcon.colcon_core.package_identification:_identify(python_resources/qcar2/hardware/applications/multi_vehicle_self_driving/python) by extensions ['colcon_pkg']
[1.730s] Level 1:colcon.colcon_core.package_identification:_identify(python_resources/qcar2/hardware/applications/multi_vehicle_self_driving/python) by extension 'colcon_pkg'
[1.730s] Level 1:colcon.colcon_core.package_identification:_identify(python_resources/qcar2/hardware/applications/multi_vehicle_self_driving/python) by extensions ['colcon_meta']
[1.730s] Level 1:colcon.colcon_core.package_identification:_identify(python_resources/qcar2/hardware/applications/multi_vehicle_self_driving/python) by extension 'colcon_meta'
[1.730s] Level 1:colcon.colcon_core.package_identification:_identify(python_resources/qcar2/hardware/applications/multi_vehicle_self_driving/python) by extensions ['ros']
[1.730s] Level 1:colcon.colcon_core.package_identification:_identify(python_resources/qcar2/hardware/applications/multi_vehicle_self_driving/python) by extension 'ros'
[1.730s] Level 1:colcon.colcon_core.package_identification:_identify(python_resources/qcar2/hardware/applications/multi_vehicle_self_driving/python) by extensions ['cmake', 'python']
[1.730s] Level 1:colcon.colcon_core.package_identification:_identify(python_resources/qcar2/hardware/applications/multi_vehicle_self_driving/python) by extension 'cmake'
[1.730s] Level 1:colcon.colcon_core.package_identification:_identify(python_resources/qcar2/hardware/applications/multi_vehicle_self_driving/python) by extension 'python'
[1.730s] Level 1:colcon.colcon_core.package_identification:_identify(python_resources/qcar2/hardware/applications/multi_vehicle_self_driving/python) by extensions ['python_setup_py']
[1.730s] Level 1:colcon.colcon_core.package_identification:_identify(python_resources/qcar2/hardware/applications/multi_vehicle_self_driving/python) by extension 'python_setup_py'
[1.730s] Level 1:colcon.colcon_core.package_identification:_identify(python_resources/qcar2/hardware/applications/multi_vehicle_self_driving/qcar) by extensions ['ignore', 'ignore_ament_install']
[1.730s] Level 1:colcon.colcon_core.package_identification:_identify(python_resources/qcar2/hardware/applications/multi_vehicle_self_driving/qcar) by extension 'ignore'
[1.730s] Level 1:colcon.colcon_core.package_identification:_identify(python_resources/qcar2/hardware/applications/multi_vehicle_self_driving/qcar) by extension 'ignore_ament_install'
[1.730s] Level 1:colcon.colcon_core.package_identification:_identify(python_resources/qcar2/hardware/applications/multi_vehicle_self_driving/qcar) by extensions ['colcon_pkg']
[1.730s] Level 1:colcon.colcon_core.package_identification:_identify(python_resources/qcar2/hardware/applications/multi_vehicle_self_driving/qcar) by extension 'colcon_pkg'
[1.730s] Level 1:colcon.colcon_core.package_identification:_identify(python_resources/qcar2/hardware/applications/multi_vehicle_self_driving/qcar) by extensions ['colcon_meta']
[1.730s] Level 1:colcon.colcon_core.package_identification:_identify(python_resources/qcar2/hardware/applications/multi_vehicle_self_driving/qcar) by extension 'colcon_meta'
[1.730s] Level 1:colcon.colcon_core.package_identification:_identify(python_resources/qcar2/hardware/applications/multi_vehicle_self_driving/qcar) by extensions ['ros']
[1.730s] Level 1:colcon.colcon_core.package_identification:_identify(python_resources/qcar2/hardware/applications/multi_vehicle_self_driving/qcar) by extension 'ros'
[1.730s] Level 1:colcon.colcon_core.package_identification:_identify(python_resources/qcar2/hardware/applications/multi_vehicle_self_driving/qcar) by extensions ['cmake', 'python']
[1.730s] Level 1:colcon.colcon_core.package_identification:_identify(python_resources/qcar2/hardware/applications/multi_vehicle_self_driving/qcar) by extension 'cmake'
[1.730s] Level 1:colcon.colcon_core.package_identification:_identify(python_resources/qcar2/hardware/applications/multi_vehicle_self_driving/qcar) by extension 'python'
[1.730s] Level 1:colcon.colcon_core.package_identification:_identify(python_resources/qcar2/hardware/applications/multi_vehicle_self_driving/qcar) by extensions ['python_setup_py']
[1.730s] Level 1:colcon.colcon_core.package_identification:_identify(python_resources/qcar2/hardware/applications/multi_vehicle_self_driving/qcar) by extension 'python_setup_py'
[1.730s] Level 1:colcon.colcon_core.package_identification:_identify(python_resources/qcar2/hardware/applications/multi_vehicle_self_driving/reference_scan) by extensions ['ignore', 'ignore_ament_install']
[1.730s] Level 1:colcon.colcon_core.package_identification:_identify(python_resources/qcar2/hardware/applications/multi_vehicle_self_driving/reference_scan) by extension 'ignore'
[1.730s] Level 1:colcon.colcon_core.package_identification:_identify(python_resources/qcar2/hardware/applications/multi_vehicle_self_driving/reference_scan) by extension 'ignore_ament_install'
[1.730s] Level 1:colcon.colcon_core.package_identification:_identify(python_resources/qcar2/hardware/applications/multi_vehicle_self_driving/reference_scan) by extensions ['colcon_pkg']
[1.730s] Level 1:colcon.colcon_core.package_identification:_identify(python_resources/qcar2/hardware/applications/multi_vehicle_self_driving/reference_scan) by extension 'colcon_pkg'
[1.730s] Level 1:colcon.colcon_core.package_identification:_identify(python_resources/qcar2/hardware/applications/multi_vehicle_self_driving/reference_scan) by extensions ['colcon_meta']
[1.730s] Level 1:colcon.colcon_core.package_identification:_identify(python_resources/qcar2/hardware/applications/multi_vehicle_self_driving/reference_scan) by extension 'colcon_meta'
[1.731s] Level 1:colcon.colcon_core.package_identification:_identify(python_resources/qcar2/hardware/applications/multi_vehicle_self_driving/reference_scan) by extensions ['ros']
[1.731s] Level 1:colcon.colcon_core.package_identification:_identify(python_resources/qcar2/hardware/applications/multi_vehicle_self_driving/reference_scan) by extension 'ros'
[1.731s] Level 1:colcon.colcon_core.package_identification:_identify(python_resources/qcar2/hardware/applications/multi_vehicle_self_driving/reference_scan) by extensions ['cmake', 'python']
[1.731s] Level 1:colcon.colcon_core.package_identification:_identify(python_resources/qcar2/hardware/applications/multi_vehicle_self_driving/reference_scan) by extension 'cmake'
[1.731s] Level 1:colcon.colcon_core.package_identification:_identify(python_resources/qcar2/hardware/applications/multi_vehicle_self_driving/reference_scan) by extension 'python'
[1.731s] Level 1:colcon.colcon_core.package_identification:_identify(python_resources/qcar2/hardware/applications/multi_vehicle_self_driving/reference_scan) by extensions ['python_setup_py']
[1.731s] Level 1:colcon.colcon_core.package_identification:_identify(python_resources/qcar2/hardware/applications/multi_vehicle_self_driving/reference_scan) by extension 'python_setup_py'
[1.731s] Level 1:colcon.colcon_core.package_identification:_identify(python_resources/qcar2/hardware/applications/point_cloud_generation) by extensions ['ignore', 'ignore_ament_install']
[1.731s] Level 1:colcon.colcon_core.package_identification:_identify(python_resources/qcar2/hardware/applications/point_cloud_generation) by extension 'ignore'
[1.731s] Level 1:colcon.colcon_core.package_identification:_identify(python_resources/qcar2/hardware/applications/point_cloud_generation) by extension 'ignore_ament_install'
[1.731s] Level 1:colcon.colcon_core.package_identification:_identify(python_resources/qcar2/hardware/applications/point_cloud_generation) by extensions ['colcon_pkg']
[1.731s] Level 1:colcon.colcon_core.package_identification:_identify(python_resources/qcar2/hardware/applications/point_cloud_generation) by extension 'colcon_pkg'
[1.731s] Level 1:colcon.colcon_core.package_identification:_identify(python_resources/qcar2/hardware/applications/point_cloud_generation) by extensions ['colcon_meta']
[1.731s] Level 1:colcon.colcon_core.package_identification:_identify(python_resources/qcar2/hardware/applications/point_cloud_generation) by extension 'colcon_meta'
[1.731s] Level 1:colcon.colcon_core.package_identification:_identify(python_resources/qcar2/hardware/applications/point_cloud_generation) by extensions ['ros']
[1.731s] Level 1:colcon.colcon_core.package_identification:_identify(python_resources/qcar2/hardware/applications/point_cloud_generation) by extension 'ros'
[1.731s] Level 1:colcon.colcon_core.package_identification:_identify(python_resources/qcar2/hardware/applications/point_cloud_generation) by extensions ['cmake', 'python']
[1.731s] Level 1:colcon.colcon_core.package_identification:_identify(python_resources/qcar2/hardware/applications/point_cloud_generation) by extension 'cmake'
[1.731s] Level 1:colcon.colcon_core.package_identification:_identify(python_resources/qcar2/hardware/applications/point_cloud_generation) by extension 'python'
[1.731s] Level 1:colcon.colcon_core.package_identification:_identify(python_resources/qcar2/hardware/applications/point_cloud_generation) by extensions ['python_setup_py']
[1.731s] Level 1:colcon.colcon_core.package_identification:_identify(python_resources/qcar2/hardware/applications/point_cloud_generation) by extension 'python_setup_py'
[1.731s] Level 1:colcon.colcon_core.package_identification:_identify(python_resources/qcar2/hardware/applications/rgbd_imaging) by extensions ['ignore', 'ignore_ament_install']
[1.731s] Level 1:colcon.colcon_core.package_identification:_identify(python_resources/qcar2/hardware/applications/rgbd_imaging) by extension 'ignore'
[1.731s] Level 1:colcon.colcon_core.package_identification:_identify(python_resources/qcar2/hardware/applications/rgbd_imaging) by extension 'ignore_ament_install'
[1.731s] Level 1:colcon.colcon_core.package_identification:_identify(python_resources/qcar2/hardware/applications/rgbd_imaging) by extensions ['colcon_pkg']
[1.731s] Level 1:colcon.colcon_core.package_identification:_identify(python_resources/qcar2/hardware/applications/rgbd_imaging) by extension 'colcon_pkg'
[1.731s] Level 1:colcon.colcon_core.package_identification:_identify(python_resources/qcar2/hardware/applications/rgbd_imaging) by extensions ['colcon_meta']
[1.731s] Level 1:colcon.colcon_core.package_identification:_identify(python_resources/qcar2/hardware/applications/rgbd_imaging) by extension 'colcon_meta'
[1.731s] Level 1:colcon.colcon_core.package_identification:_identify(python_resources/qcar2/hardware/applications/rgbd_imaging) by extensions ['ros']
[1.731s] Level 1:colcon.colcon_core.package_identification:_identify(python_resources/qcar2/hardware/applications/rgbd_imaging) by extension 'ros'
[1.731s] Level 1:colcon.colcon_core.package_identification:_identify(python_resources/qcar2/hardware/applications/rgbd_imaging) by extensions ['cmake', 'python']
[1.731s] Level 1:colcon.colcon_core.package_identification:_identify(python_resources/qcar2/hardware/applications/rgbd_imaging) by extension 'cmake'
[1.731s] Level 1:colcon.colcon_core.package_identification:_identify(python_resources/qcar2/hardware/applications/rgbd_imaging) by extension 'python'
[1.731s] Level 1:colcon.colcon_core.package_identification:_identify(python_resources/qcar2/hardware/applications/rgbd_imaging) by extensions ['python_setup_py']
[1.731s] Level 1:colcon.colcon_core.package_identification:_identify(python_resources/qcar2/hardware/applications/rgbd_imaging) by extension 'python_setup_py'
[1.731s] Level 1:colcon.colcon_core.package_identification:_identify(python_resources/qcar2/hardware/applications/yolo) by extensions ['ignore', 'ignore_ament_install']
[1.732s] Level 1:colcon.colcon_core.package_identification:_identify(python_resources/qcar2/hardware/applications/yolo) by extension 'ignore'
[1.732s] Level 1:colcon.colcon_core.package_identification:_identify(python_resources/qcar2/hardware/applications/yolo) by extension 'ignore_ament_install'
[1.732s] Level 1:colcon.colcon_core.package_identification:_identify(python_resources/qcar2/hardware/applications/yolo) by extensions ['colcon_pkg']
[1.732s] Level 1:colcon.colcon_core.package_identification:_identify(python_resources/qcar2/hardware/applications/yolo) by extension 'colcon_pkg'
[1.732s] Level 1:colcon.colcon_core.package_identification:_identify(python_resources/qcar2/hardware/applications/yolo) by extensions ['colcon_meta']
[1.732s] Level 1:colcon.colcon_core.package_identification:_identify(python_resources/qcar2/hardware/applications/yolo) by extension 'colcon_meta'
[1.732s] Level 1:colcon.colcon_core.package_identification:_identify(python_resources/qcar2/hardware/applications/yolo) by extensions ['ros']
[1.732s] Level 1:colcon.colcon_core.package_identification:_identify(python_resources/qcar2/hardware/applications/yolo) by extension 'ros'
[1.732s] Level 1:colcon.colcon_core.package_identification:_identify(python_resources/qcar2/hardware/applications/yolo) by extensions ['cmake', 'python']
[1.732s] Level 1:colcon.colcon_core.package_identification:_identify(python_resources/qcar2/hardware/applications/yolo) by extension 'cmake'
[1.732s] Level 1:colcon.colcon_core.package_identification:_identify(python_resources/qcar2/hardware/applications/yolo) by extension 'python'
[1.732s] Level 1:colcon.colcon_core.package_identification:_identify(python_resources/qcar2/hardware/applications/yolo) by extensions ['python_setup_py']
[1.732s] Level 1:colcon.colcon_core.package_identification:_identify(python_resources/qcar2/hardware/applications/yolo) by extension 'python_setup_py'
[1.732s] Level 1:colcon.colcon_core.package_identification:_identify(python_resources/qcar2/hardware/hardware_tests) by extensions ['ignore', 'ignore_ament_install']
[1.732s] Level 1:colcon.colcon_core.package_identification:_identify(python_resources/qcar2/hardware/hardware_tests) by extension 'ignore'
[1.732s] Level 1:colcon.colcon_core.package_identification:_identify(python_resources/qcar2/hardware/hardware_tests) by extension 'ignore_ament_install'
[1.732s] Level 1:colcon.colcon_core.package_identification:_identify(python_resources/qcar2/hardware/hardware_tests) by extensions ['colcon_pkg']
[1.732s] Level 1:colcon.colcon_core.package_identification:_identify(python_resources/qcar2/hardware/hardware_tests) by extension 'colcon_pkg'
[1.732s] Level 1:colcon.colcon_core.package_identification:_identify(python_resources/qcar2/hardware/hardware_tests) by extensions ['colcon_meta']
[1.732s] Level 1:colcon.colcon_core.package_identification:_identify(python_resources/qcar2/hardware/hardware_tests) by extension 'colcon_meta'
[1.732s] Level 1:colcon.colcon_core.package_identification:_identify(python_resources/qcar2/hardware/hardware_tests) by extensions ['ros']
[1.732s] Level 1:colcon.colcon_core.package_identification:_identify(python_resources/qcar2/hardware/hardware_tests) by extension 'ros'
[1.732s] Level 1:colcon.colcon_core.package_identification:_identify(python_resources/qcar2/hardware/hardware_tests) by extensions ['cmake', 'python']
[1.732s] Level 1:colcon.colcon_core.package_identification:_identify(python_resources/qcar2/hardware/hardware_tests) by extension 'cmake'
[1.732s] Level 1:colcon.colcon_core.package_identification:_identify(python_resources/qcar2/hardware/hardware_tests) by extension 'python'
[1.732s] Level 1:colcon.colcon_core.package_identification:_identify(python_resources/qcar2/hardware/hardware_tests) by extensions ['python_setup_py']
[1.732s] Level 1:colcon.colcon_core.package_identification:_identify(python_resources/qcar2/hardware/hardware_tests) by extension 'python_setup_py'
[1.732s] Level 1:colcon.colcon_core.package_identification:_identify(python_resources/qcar2/virtual) by extensions ['ignore', 'ignore_ament_install']
[1.732s] Level 1:colcon.colcon_core.package_identification:_identify(python_resources/qcar2/virtual) by extension 'ignore'
[1.732s] Level 1:colcon.colcon_core.package_identification:_identify(python_resources/qcar2/virtual) by extension 'ignore_ament_install'
[1.732s] Level 1:colcon.colcon_core.package_identification:_identify(python_resources/qcar2/virtual) by extensions ['colcon_pkg']
[1.732s] Level 1:colcon.colcon_core.package_identification:_identify(python_resources/qcar2/virtual) by extension 'colcon_pkg'
[1.732s] Level 1:colcon.colcon_core.package_identification:_identify(python_resources/qcar2/virtual) by extensions ['colcon_meta']
[1.732s] Level 1:colcon.colcon_core.package_identification:_identify(python_resources/qcar2/virtual) by extension 'colcon_meta'
[1.732s] Level 1:colcon.colcon_core.package_identification:_identify(python_resources/qcar2/virtual) by extensions ['ros']
[1.732s] Level 1:colcon.colcon_core.package_identification:_identify(python_resources/qcar2/virtual) by extension 'ros'
[1.732s] Level 1:colcon.colcon_core.package_identification:_identify(python_resources/qcar2/virtual) by extensions ['cmake', 'python']
[1.732s] Level 1:colcon.colcon_core.package_identification:_identify(python_resources/qcar2/virtual) by extension 'cmake'
[1.733s] Level 1:colcon.colcon_core.package_identification:_identify(python_resources/qcar2/virtual) by extension 'python'
[1.733s] Level 1:colcon.colcon_core.package_identification:_identify(python_resources/qcar2/virtual) by extensions ['python_setup_py']
[1.733s] Level 1:colcon.colcon_core.package_identification:_identify(python_resources/qcar2/virtual) by extension 'python_setup_py'
[1.733s] Level 1:colcon.colcon_core.package_identification:_identify(python_resources/qcar2/virtual/applications) by extensions ['ignore', 'ignore_ament_install']
[1.733s] Level 1:colcon.colcon_core.package_identification:_identify(python_resources/qcar2/virtual/applications) by extension 'ignore'
[1.733s] Level 1:colcon.colcon_core.package_identification:_identify(python_resources/qcar2/virtual/applications) by extension 'ignore_ament_install'
[1.733s] Level 1:colcon.colcon_core.package_identification:_identify(python_resources/qcar2/virtual/applications) by extensions ['colcon_pkg']
[1.733s] Level 1:colcon.colcon_core.package_identification:_identify(python_resources/qcar2/virtual/applications) by extension 'colcon_pkg'
[1.733s] Level 1:colcon.colcon_core.package_identification:_identify(python_resources/qcar2/virtual/applications) by extensions ['colcon_meta']
[1.733s] Level 1:colcon.colcon_core.package_identification:_identify(python_resources/qcar2/virtual/applications) by extension 'colcon_meta'
[1.733s] Level 1:colcon.colcon_core.package_identification:_identify(python_resources/qcar2/virtual/applications) by extensions ['ros']
[1.733s] Level 1:colcon.colcon_core.package_identification:_identify(python_resources/qcar2/virtual/applications) by extension 'ros'
[1.733s] Level 1:colcon.colcon_core.package_identification:_identify(python_resources/qcar2/virtual/applications) by extensions ['cmake', 'python']
[1.733s] Level 1:colcon.colcon_core.package_identification:_identify(python_resources/qcar2/virtual/applications) by extension 'cmake'
[1.733s] Level 1:colcon.colcon_core.package_identification:_identify(python_resources/qcar2/virtual/applications) by extension 'python'
[1.733s] Level 1:colcon.colcon_core.package_identification:_identify(python_resources/qcar2/virtual/applications) by extensions ['python_setup_py']
[1.733s] Level 1:colcon.colcon_core.package_identification:_identify(python_resources/qcar2/virtual/applications) by extension 'python_setup_py'
[1.733s] Level 1:colcon.colcon_core.package_identification:_identify(python_resources/qcar2/virtual/applications/360_vision) by extensions ['ignore', 'ignore_ament_install']
[1.733s] Level 1:colcon.colcon_core.package_identification:_identify(python_resources/qcar2/virtual/applications/360_vision) by extension 'ignore'
[1.733s] Level 1:colcon.colcon_core.package_identification:_identify(python_resources/qcar2/virtual/applications/360_vision) by extension 'ignore_ament_install'
[1.733s] Level 1:colcon.colcon_core.package_identification:_identify(python_resources/qcar2/virtual/applications/360_vision) by extensions ['colcon_pkg']
[1.733s] Level 1:colcon.colcon_core.package_identification:_identify(python_resources/qcar2/virtual/applications/360_vision) by extension 'colcon_pkg'
[1.733s] Level 1:colcon.colcon_core.package_identification:_identify(python_resources/qcar2/virtual/applications/360_vision) by extensions ['colcon_meta']
[1.733s] Level 1:colcon.colcon_core.package_identification:_identify(python_resources/qcar2/virtual/applications/360_vision) by extension 'colcon_meta'
[1.733s] Level 1:colcon.colcon_core.package_identification:_identify(python_resources/qcar2/virtual/applications/360_vision) by extensions ['ros']
[1.733s] Level 1:colcon.colcon_core.package_identification:_identify(python_resources/qcar2/virtual/applications/360_vision) by extension 'ros'
[1.733s] Level 1:colcon.colcon_core.package_identification:_identify(python_resources/qcar2/virtual/applications/360_vision) by extensions ['cmake', 'python']
[1.733s] Level 1:colcon.colcon_core.package_identification:_identify(python_resources/qcar2/virtual/applications/360_vision) by extension 'cmake'
[1.733s] Level 1:colcon.colcon_core.package_identification:_identify(python_resources/qcar2/virtual/applications/360_vision) by extension 'python'
[1.733s] Level 1:colcon.colcon_core.package_identification:_identify(python_resources/qcar2/virtual/applications/360_vision) by extensions ['python_setup_py']
[1.733s] Level 1:colcon.colcon_core.package_identification:_identify(python_resources/qcar2/virtual/applications/360_vision) by extension 'python_setup_py'
[1.733s] Level 1:colcon.colcon_core.package_identification:_identify(python_resources/qcar2/virtual/applications/lane_following) by extensions ['ignore', 'ignore_ament_install']
[1.733s] Level 1:colcon.colcon_core.package_identification:_identify(python_resources/qcar2/virtual/applications/lane_following) by extension 'ignore'
[1.733s] Level 1:colcon.colcon_core.package_identification:_identify(python_resources/qcar2/virtual/applications/lane_following) by extension 'ignore_ament_install'
[1.733s] Level 1:colcon.colcon_core.package_identification:_identify(python_resources/qcar2/virtual/applications/lane_following) by extensions ['colcon_pkg']
[1.733s] Level 1:colcon.colcon_core.package_identification:_identify(python_resources/qcar2/virtual/applications/lane_following) by extension 'colcon_pkg'
[1.733s] Level 1:colcon.colcon_core.package_identification:_identify(python_resources/qcar2/virtual/applications/lane_following) by extensions ['colcon_meta']
[1.734s] Level 1:colcon.colcon_core.package_identification:_identify(python_resources/qcar2/virtual/applications/lane_following) by extension 'colcon_meta'
[1.734s] Level 1:colcon.colcon_core.package_identification:_identify(python_resources/qcar2/virtual/applications/lane_following) by extensions ['ros']
[1.734s] Level 1:colcon.colcon_core.package_identification:_identify(python_resources/qcar2/virtual/applications/lane_following) by extension 'ros'
[1.734s] Level 1:colcon.colcon_core.package_identification:_identify(python_resources/qcar2/virtual/applications/lane_following) by extensions ['cmake', 'python']
[1.734s] Level 1:colcon.colcon_core.package_identification:_identify(python_resources/qcar2/virtual/applications/lane_following) by extension 'cmake'
[1.734s] Level 1:colcon.colcon_core.package_identification:_identify(python_resources/qcar2/virtual/applications/lane_following) by extension 'python'
[1.734s] Level 1:colcon.colcon_core.package_identification:_identify(python_resources/qcar2/virtual/applications/lane_following) by extensions ['python_setup_py']
[1.734s] Level 1:colcon.colcon_core.package_identification:_identify(python_resources/qcar2/virtual/applications/lane_following) by extension 'python_setup_py'
[1.734s] Level 1:colcon.colcon_core.package_identification:_identify(python_resources/qcar2/virtual/applications/manual_drive) by extensions ['ignore', 'ignore_ament_install']
[1.734s] Level 1:colcon.colcon_core.package_identification:_identify(python_resources/qcar2/virtual/applications/manual_drive) by extension 'ignore'
[1.734s] Level 1:colcon.colcon_core.package_identification:_identify(python_resources/qcar2/virtual/applications/manual_drive) by extension 'ignore_ament_install'
[1.734s] Level 1:colcon.colcon_core.package_identification:_identify(python_resources/qcar2/virtual/applications/manual_drive) by extensions ['colcon_pkg']
[1.734s] Level 1:colcon.colcon_core.package_identification:_identify(python_resources/qcar2/virtual/applications/manual_drive) by extension 'colcon_pkg'
[1.734s] Level 1:colcon.colcon_core.package_identification:_identify(python_resources/qcar2/virtual/applications/manual_drive) by extensions ['colcon_meta']
[1.734s] Level 1:colcon.colcon_core.package_identification:_identify(python_resources/qcar2/virtual/applications/manual_drive) by extension 'colcon_meta'
[1.734s] Level 1:colcon.colcon_core.package_identification:_identify(python_resources/qcar2/virtual/applications/manual_drive) by extensions ['ros']
[1.734s] Level 1:colcon.colcon_core.package_identification:_identify(python_resources/qcar2/virtual/applications/manual_drive) by extension 'ros'
[1.734s] Level 1:colcon.colcon_core.package_identification:_identify(python_resources/qcar2/virtual/applications/manual_drive) by extensions ['cmake', 'python']
[1.734s] Level 1:colcon.colcon_core.package_identification:_identify(python_resources/qcar2/virtual/applications/manual_drive) by extension 'cmake'
[1.734s] Level 1:colcon.colcon_core.package_identification:_identify(python_resources/qcar2/virtual/applications/manual_drive) by extension 'python'
[1.734s] Level 1:colcon.colcon_core.package_identification:_identify(python_resources/qcar2/virtual/applications/manual_drive) by extensions ['python_setup_py']
[1.734s] Level 1:colcon.colcon_core.package_identification:_identify(python_resources/qcar2/virtual/applications/manual_drive) by extension 'python_setup_py'
[1.734s] Level 1:colcon.colcon_core.package_identification:_identify(python_resources/qcar2/virtual/applications/point_cloud_generation) by extensions ['ignore', 'ignore_ament_install']
[1.734s] Level 1:colcon.colcon_core.package_identification:_identify(python_resources/qcar2/virtual/applications/point_cloud_generation) by extension 'ignore'
[1.734s] Level 1:colcon.colcon_core.package_identification:_identify(python_resources/qcar2/virtual/applications/point_cloud_generation) by extension 'ignore_ament_install'
[1.734s] Level 1:colcon.colcon_core.package_identification:_identify(python_resources/qcar2/virtual/applications/point_cloud_generation) by extensions ['colcon_pkg']
[1.734s] Level 1:colcon.colcon_core.package_identification:_identify(python_resources/qcar2/virtual/applications/point_cloud_generation) by extension 'colcon_pkg'
[1.734s] Level 1:colcon.colcon_core.package_identification:_identify(python_resources/qcar2/virtual/applications/point_cloud_generation) by extensions ['colcon_meta']
[1.734s] Level 1:colcon.colcon_core.package_identification:_identify(python_resources/qcar2/virtual/applications/point_cloud_generation) by extension 'colcon_meta'
[1.734s] Level 1:colcon.colcon_core.package_identification:_identify(python_resources/qcar2/virtual/applications/point_cloud_generation) by extensions ['ros']
[1.734s] Level 1:colcon.colcon_core.package_identification:_identify(python_resources/qcar2/virtual/applications/point_cloud_generation) by extension 'ros'
[1.734s] Level 1:colcon.colcon_core.package_identification:_identify(python_resources/qcar2/virtual/applications/point_cloud_generation) by extensions ['cmake', 'python']
[1.734s] Level 1:colcon.colcon_core.package_identification:_identify(python_resources/qcar2/virtual/applications/point_cloud_generation) by extension 'cmake'
[1.734s] Level 1:colcon.colcon_core.package_identification:_identify(python_resources/qcar2/virtual/applications/point_cloud_generation) by extension 'python'
[1.734s] Level 1:colcon.colcon_core.package_identification:_identify(python_resources/qcar2/virtual/applications/point_cloud_generation) by extensions ['python_setup_py']
[1.734s] Level 1:colcon.colcon_core.package_identification:_identify(python_resources/qcar2/virtual/applications/point_cloud_generation) by extension 'python_setup_py'
[1.734s] Level 1:colcon.colcon_core.package_identification:_identify(python_resources/qcar2/virtual/applications/rgbd_imaging) by extensions ['ignore', 'ignore_ament_install']
[1.734s] Level 1:colcon.colcon_core.package_identification:_identify(python_resources/qcar2/virtual/applications/rgbd_imaging) by extension 'ignore'
[1.735s] Level 1:colcon.colcon_core.package_identification:_identify(python_resources/qcar2/virtual/applications/rgbd_imaging) by extension 'ignore_ament_install'
[1.735s] Level 1:colcon.colcon_core.package_identification:_identify(python_resources/qcar2/virtual/applications/rgbd_imaging) by extensions ['colcon_pkg']
[1.735s] Level 1:colcon.colcon_core.package_identification:_identify(python_resources/qcar2/virtual/applications/rgbd_imaging) by extension 'colcon_pkg'
[1.735s] Level 1:colcon.colcon_core.package_identification:_identify(python_resources/qcar2/virtual/applications/rgbd_imaging) by extensions ['colcon_meta']
[1.735s] Level 1:colcon.colcon_core.package_identification:_identify(python_resources/qcar2/virtual/applications/rgbd_imaging) by extension 'colcon_meta'
[1.735s] Level 1:colcon.colcon_core.package_identification:_identify(python_resources/qcar2/virtual/applications/rgbd_imaging) by extensions ['ros']
[1.735s] Level 1:colcon.colcon_core.package_identification:_identify(python_resources/qcar2/virtual/applications/rgbd_imaging) by extension 'ros'
[1.735s] Level 1:colcon.colcon_core.package_identification:_identify(python_resources/qcar2/virtual/applications/rgbd_imaging) by extensions ['cmake', 'python']
[1.735s] Level 1:colcon.colcon_core.package_identification:_identify(python_resources/qcar2/virtual/applications/rgbd_imaging) by extension 'cmake'
[1.735s] Level 1:colcon.colcon_core.package_identification:_identify(python_resources/qcar2/virtual/applications/rgbd_imaging) by extension 'python'
[1.735s] Level 1:colcon.colcon_core.package_identification:_identify(python_resources/qcar2/virtual/applications/rgbd_imaging) by extensions ['python_setup_py']
[1.735s] Level 1:colcon.colcon_core.package_identification:_identify(python_resources/qcar2/virtual/applications/rgbd_imaging) by extension 'python_setup_py'
[1.735s] Level 1:colcon.colcon_core.package_identification:_identify(python_resources/qcar2/virtual/hardware_tests) by extensions ['ignore', 'ignore_ament_install']
[1.735s] Level 1:colcon.colcon_core.package_identification:_identify(python_resources/qcar2/virtual/hardware_tests) by extension 'ignore'
[1.735s] Level 1:colcon.colcon_core.package_identification:_identify(python_resources/qcar2/virtual/hardware_tests) by extension 'ignore_ament_install'
[1.735s] Level 1:colcon.colcon_core.package_identification:_identify(python_resources/qcar2/virtual/hardware_tests) by extensions ['colcon_pkg']
[1.735s] Level 1:colcon.colcon_core.package_identification:_identify(python_resources/qcar2/virtual/hardware_tests) by extension 'colcon_pkg'
[1.735s] Level 1:colcon.colcon_core.package_identification:_identify(python_resources/qcar2/virtual/hardware_tests) by extensions ['colcon_meta']
[1.735s] Level 1:colcon.colcon_core.package_identification:_identify(python_resources/qcar2/virtual/hardware_tests) by extension 'colcon_meta'
[1.735s] Level 1:colcon.colcon_core.package_identification:_identify(python_resources/qcar2/virtual/hardware_tests) by extensions ['ros']
[1.735s] Level 1:colcon.colcon_core.package_identification:_identify(python_resources/qcar2/virtual/hardware_tests) by extension 'ros'
[1.735s] Level 1:colcon.colcon_core.package_identification:_identify(python_resources/qcar2/virtual/hardware_tests) by extensions ['cmake', 'python']
[1.735s] Level 1:colcon.colcon_core.package_identification:_identify(python_resources/qcar2/virtual/hardware_tests) by extension 'cmake'
[1.735s] Level 1:colcon.colcon_core.package_identification:_identify(python_resources/qcar2/virtual/hardware_tests) by extension 'python'
[1.735s] Level 1:colcon.colcon_core.package_identification:_identify(python_resources/qcar2/virtual/hardware_tests) by extensions ['python_setup_py']
[1.735s] Level 1:colcon.colcon_core.package_identification:_identify(python_resources/qcar2/virtual/hardware_tests) by extension 'python_setup_py'
[1.735s] Level 1:colcon.colcon_core.package_identification:_identify(python_resources/roadmap) by extensions ['ignore', 'ignore_ament_install']
[1.735s] Level 1:colcon.colcon_core.package_identification:_identify(python_resources/roadmap) by extension 'ignore'
[1.735s] Level 1:colcon.colcon_core.package_identification:_identify(python_resources/roadmap) by extension 'ignore_ament_install'
[1.735s] Level 1:colcon.colcon_core.package_identification:_identify(python_resources/roadmap) by extensions ['colcon_pkg']
[1.735s] Level 1:colcon.colcon_core.package_identification:_identify(python_resources/roadmap) by extension 'colcon_pkg'
[1.735s] Level 1:colcon.colcon_core.package_identification:_identify(python_resources/roadmap) by extensions ['colcon_meta']
[1.735s] Level 1:colcon.colcon_core.package_identification:_identify(python_resources/roadmap) by extension 'colcon_meta'
[1.735s] Level 1:colcon.colcon_core.package_identification:_identify(python_resources/roadmap) by extensions ['ros']
[1.735s] Level 1:colcon.colcon_core.package_identification:_identify(python_resources/roadmap) by extension 'ros'
[1.735s] Level 1:colcon.colcon_core.package_identification:_identify(python_resources/roadmap) by extensions ['cmake', 'python']
[1.735s] Level 1:colcon.colcon_core.package_identification:_identify(python_resources/roadmap) by extension 'cmake'
[1.735s] Level 1:colcon.colcon_core.package_identification:_identify(python_resources/roadmap) by extension 'python'
[1.735s] Level 1:colcon.colcon_core.package_identification:_identify(python_resources/roadmap) by extensions ['python_setup_py']
[1.735s] Level 1:colcon.colcon_core.package_identification:_identify(python_resources/roadmap) by extension 'python_setup_py'
[1.736s] Level 1:colcon.colcon_core.package_identification:_identify(python_resources/traffic_light) by extensions ['ignore', 'ignore_ament_install']
[1.736s] Level 1:colcon.colcon_core.package_identification:_identify(python_resources/traffic_light) by extension 'ignore'
[1.736s] Level 1:colcon.colcon_core.package_identification:_identify(python_resources/traffic_light) by extension 'ignore_ament_install'
[1.736s] Level 1:colcon.colcon_core.package_identification:_identify(python_resources/traffic_light) by extensions ['colcon_pkg']
[1.736s] Level 1:colcon.colcon_core.package_identification:_identify(python_resources/traffic_light) by extension 'colcon_pkg'
[1.736s] Level 1:colcon.colcon_core.package_identification:_identify(python_resources/traffic_light) by extensions ['colcon_meta']
[1.736s] Level 1:colcon.colcon_core.package_identification:_identify(python_resources/traffic_light) by extension 'colcon_meta'
[1.736s] Level 1:colcon.colcon_core.package_identification:_identify(python_resources/traffic_light) by extensions ['ros']
[1.736s] Level 1:colcon.colcon_core.package_identification:_identify(python_resources/traffic_light) by extension 'ros'
[1.736s] Level 1:colcon.colcon_core.package_identification:_identify(python_resources/traffic_light) by extensions ['cmake', 'python']
[1.736s] Level 1:colcon.colcon_core.package_identification:_identify(python_resources/traffic_light) by extension 'cmake'
[1.736s] Level 1:colcon.colcon_core.package_identification:_identify(python_resources/traffic_light) by extension 'python'
[1.736s] Level 1:colcon.colcon_core.package_identification:_identify(python_resources/traffic_light) by extensions ['python_setup_py']
[1.736s] Level 1:colcon.colcon_core.package_identification:_identify(python_resources/traffic_light) by extension 'python_setup_py'
[1.736s] Level 1:colcon.colcon_core.package_identification:_identify(ros2) by extensions ['ignore', 'ignore_ament_install']
[1.736s] Level 1:colcon.colcon_core.package_identification:_identify(ros2) by extension 'ignore'
[1.736s] Level 1:colcon.colcon_core.package_identification:_identify(ros2) by extension 'ignore_ament_install'
[1.736s] Level 1:colcon.colcon_core.package_identification:_identify(ros2) by extensions ['colcon_pkg']
[1.736s] Level 1:colcon.colcon_core.package_identification:_identify(ros2) by extension 'colcon_pkg'
[1.736s] Level 1:colcon.colcon_core.package_identification:_identify(ros2) by extensions ['colcon_meta']
[1.736s] Level 1:colcon.colcon_core.package_identification:_identify(ros2) by extension 'colcon_meta'
[1.736s] Level 1:colcon.colcon_core.package_identification:_identify(ros2) by extensions ['ros']
[1.736s] Level 1:colcon.colcon_core.package_identification:_identify(ros2) by extension 'ros'
[1.736s] Level 1:colcon.colcon_core.package_identification:_identify(ros2) by extensions ['cmake', 'python']
[1.736s] Level 1:colcon.colcon_core.package_identification:_identify(ros2) by extension 'cmake'
[1.736s] Level 1:colcon.colcon_core.package_identification:_identify(ros2) by extension 'python'
[1.736s] Level 1:colcon.colcon_core.package_identification:_identify(ros2) by extensions ['python_setup_py']
[1.736s] Level 1:colcon.colcon_core.package_identification:_identify(ros2) by extension 'python_setup_py'
[1.736s] Level 1:colcon.colcon_core.package_identification:_identify(ros2/src) by extensions ['ignore', 'ignore_ament_install']
[1.736s] Level 1:colcon.colcon_core.package_identification:_identify(ros2/src) by extension 'ignore'
[1.736s] Level 1:colcon.colcon_core.package_identification:_identify(ros2/src) by extension 'ignore_ament_install'
[1.736s] Level 1:colcon.colcon_core.package_identification:_identify(ros2/src) by extensions ['colcon_pkg']
[1.736s] Level 1:colcon.colcon_core.package_identification:_identify(ros2/src) by extension 'colcon_pkg'
[1.736s] Level 1:colcon.colcon_core.package_identification:_identify(ros2/src) by extensions ['colcon_meta']
[1.736s] Level 1:colcon.colcon_core.package_identification:_identify(ros2/src) by extension 'colcon_meta'
[1.736s] Level 1:colcon.colcon_core.package_identification:_identify(ros2/src) by extensions ['ros']
[1.736s] Level 1:colcon.colcon_core.package_identification:_identify(ros2/src) by extension 'ros'
[1.736s] Level 1:colcon.colcon_core.package_identification:_identify(ros2/src) by extensions ['cmake', 'python']
[1.736s] Level 1:colcon.colcon_core.package_identification:_identify(ros2/src) by extension 'cmake'
[1.736s] Level 1:colcon.colcon_core.package_identification:_identify(ros2/src) by extension 'python'
[1.736s] Level 1:colcon.colcon_core.package_identification:_identify(ros2/src) by extensions ['python_setup_py']
[1.737s] Level 1:colcon.colcon_core.package_identification:_identify(ros2/src) by extension 'python_setup_py'
[1.737s] Level 1:colcon.colcon_core.package_identification:_identify(ros2/src/build) by extensions ['ignore', 'ignore_ament_install']
[1.737s] Level 1:colcon.colcon_core.package_identification:_identify(ros2/src/build) by extension 'ignore'
[1.737s] Level 1:colcon.colcon_core.package_identification:_identify(ros2/src/build) ignored
[1.737s] Level 1:colcon.colcon_core.package_identification:_identify(ros2/src/install) by extensions ['ignore', 'ignore_ament_install']
[1.737s] Level 1:colcon.colcon_core.package_identification:_identify(ros2/src/install) by extension 'ignore'
[1.737s] Level 1:colcon.colcon_core.package_identification:_identify(ros2/src/install) ignored
[1.737s] Level 1:colcon.colcon_core.package_identification:_identify(ros2/src/log) by extensions ['ignore', 'ignore_ament_install']
[1.737s] Level 1:colcon.colcon_core.package_identification:_identify(ros2/src/log) by extension 'ignore'
[1.737s] Level 1:colcon.colcon_core.package_identification:_identify(ros2/src/log) ignored
[1.737s] Level 1:colcon.colcon_core.package_identification:_identify(ros2/src/qcar2_autonomy) by extensions ['ignore', 'ignore_ament_install']
[1.737s] Level 1:colcon.colcon_core.package_identification:_identify(ros2/src/qcar2_autonomy) by extension 'ignore'
[1.737s] Level 1:colcon.colcon_core.package_identification:_identify(ros2/src/qcar2_autonomy) by extension 'ignore_ament_install'
[1.737s] Level 1:colcon.colcon_core.package_identification:_identify(ros2/src/qcar2_autonomy) by extensions ['colcon_pkg']
[1.737s] Level 1:colcon.colcon_core.package_identification:_identify(ros2/src/qcar2_autonomy) by extension 'colcon_pkg'
[1.737s] Level 1:colcon.colcon_core.package_identification:_identify(ros2/src/qcar2_autonomy) by extensions ['colcon_meta']
[1.737s] Level 1:colcon.colcon_core.package_identification:_identify(ros2/src/qcar2_autonomy) by extension 'colcon_meta'
[1.737s] Level 1:colcon.colcon_core.package_identification:_identify(ros2/src/qcar2_autonomy) by extensions ['ros']
[1.737s] Level 1:colcon.colcon_core.package_identification:_identify(ros2/src/qcar2_autonomy) by extension 'ros'
[1.739s] DEBUG:colcon.colcon_core.package_identification:Package 'ros2/src/qcar2_autonomy' with type 'ros.ament_python' and name 'qcar2_autonomy'
[1.739s] Level 1:colcon.colcon_core.package_identification:_identify(ros2/src/qcar2_interfaces) by extensions ['ignore', 'ignore_ament_install']
[1.739s] Level 1:colcon.colcon_core.package_identification:_identify(ros2/src/qcar2_interfaces) by extension 'ignore'
[1.739s] Level 1:colcon.colcon_core.package_identification:_identify(ros2/src/qcar2_interfaces) by extension 'ignore_ament_install'
[1.739s] Level 1:colcon.colcon_core.package_identification:_identify(ros2/src/qcar2_interfaces) by extensions ['colcon_pkg']
[1.739s] Level 1:colcon.colcon_core.package_identification:_identify(ros2/src/qcar2_interfaces) by extension 'colcon_pkg'
[1.739s] Level 1:colcon.colcon_core.package_identification:_identify(ros2/src/qcar2_interfaces) by extensions ['colcon_meta']
[1.739s] Level 1:colcon.colcon_core.package_identification:_identify(ros2/src/qcar2_interfaces) by extension 'colcon_meta'
[1.739s] Level 1:colcon.colcon_core.package_identification:_identify(ros2/src/qcar2_interfaces) by extensions ['ros']
[1.739s] Level 1:colcon.colcon_core.package_identification:_identify(ros2/src/qcar2_interfaces) by extension 'ros'
[1.740s] DEBUG:colcon.colcon_core.package_identification:Package 'ros2/src/qcar2_interfaces' with type 'ros.ament_cmake' and name 'qcar2_interfaces'
[1.740s] Level 1:colcon.colcon_core.package_identification:_identify(ros2/src/qcar2_nodes) by extensions ['ignore', 'ignore_ament_install']
[1.740s] Level 1:colcon.colcon_core.package_identification:_identify(ros2/src/qcar2_nodes) by extension 'ignore'
[1.740s] Level 1:colcon.colcon_core.package_identification:_identify(ros2/src/qcar2_nodes) by extension 'ignore_ament_install'
[1.740s] Level 1:colcon.colcon_core.package_identification:_identify(ros2/src/qcar2_nodes) by extensions ['colcon_pkg']
[1.740s] Level 1:colcon.colcon_core.package_identification:_identify(ros2/src/qcar2_nodes) by extension 'colcon_pkg'
[1.740s] Level 1:colcon.colcon_core.package_identification:_identify(ros2/src/qcar2_nodes) by extensions ['colcon_meta']
[1.740s] Level 1:colcon.colcon_core.package_identification:_identify(ros2/src/qcar2_nodes) by extension 'colcon_meta'
[1.740s] Level 1:colcon.colcon_core.package_identification:_identify(ros2/src/qcar2_nodes) by extensions ['ros']
[1.740s] Level 1:colcon.colcon_core.package_identification:_identify(ros2/src/qcar2_nodes) by extension 'ros'
[1.741s] DEBUG:colcon.colcon_core.package_identification:Package 'ros2/src/qcar2_nodes' with type 'ros.ament_cmake' and name 'qcar2_nodes'
[1.741s] Level 1:colcon.colcon_core.package_discovery:discover_packages(recursive) using defaults
[1.741s] Level 1:colcon.colcon_core.package_discovery:discover_packages(ignore) discover
[1.741s] Level 1:colcon.colcon_core.package_discovery:discover_packages(ignore) using defaults
[1.741s] Level 1:colcon.colcon_core.package_discovery:discover_packages(path) discover
[1.741s] Level 1:colcon.colcon_core.package_discovery:discover_packages(path) using defaults
[1.773s] INFO:colcon.colcon_core.package_selection:Skipping not selected package 'qcar2_interfaces' in 'ros2/src/qcar2_interfaces'
[1.774s] INFO:colcon.colcon_core.package_selection:Skipping not selected package 'qcar2_autonomy' in 'ros2/src/qcar2_autonomy'
[1.786s] Level 1:colcon.colcon_core.package_discovery:discover_packages(prefix_path) check parameters
[1.786s] Level 1:colcon.colcon_core.package_discovery:discover_packages(prefix_path) discover
[1.798s] DEBUG:colcon.colcon_installed_package_information.package_discovery:Found 3 installed packages in /workspaces/isaac_ros-dev/install
[1.805s] DEBUG:colcon.colcon_installed_package_information.package_discovery:Found 18 installed packages in /workspace/cartographer_ws/install
[1.811s] DEBUG:colcon.colcon_installed_package_information.package_discovery:Found 289 installed packages in /opt/ros/humble
[1.812s] Level 1:colcon.colcon_core.package_discovery:discover_packages(prefix_path) using defaults
[1.868s] Level 5:colcon.colcon_core.verb:set package 'qcar2_nodes' build argument 'cmake_args' from command line to 'None'
[1.868s] Level 5:colcon.colcon_core.verb:set package 'qcar2_nodes' build argument 'cmake_target' from command line to 'None'
[1.868s] Level 5:colcon.colcon_core.verb:set package 'qcar2_nodes' build argument 'cmake_target_skip_unavailable' from command line to 'False'
[1.868s] Level 5:colcon.colcon_core.verb:set package 'qcar2_nodes' build argument 'cmake_clean_cache' from command line to 'False'
[1.868s] Level 5:colcon.colcon_core.verb:set package 'qcar2_nodes' build argument 'cmake_clean_first' from command line to 'False'
[1.868s] Level 5:colcon.colcon_core.verb:set package 'qcar2_nodes' build argument 'cmake_force_configure' from command line to 'False'
[1.868s] Level 5:colcon.colcon_core.verb:set package 'qcar2_nodes' build argument 'ament_cmake_args' from command line to 'None'
[1.868s] Level 5:colcon.colcon_core.verb:set package 'qcar2_nodes' build argument 'catkin_cmake_args' from command line to 'None'
[1.868s] Level 5:colcon.colcon_core.verb:set package 'qcar2_nodes' build argument 'catkin_skip_building_tests' from command line to 'False'
[1.868s] DEBUG:colcon.colcon_core.verb:Building package 'qcar2_nodes' with the following arguments: {'ament_cmake_args': None, 'build_base': '/workspaces/isaac_ros-dev/build/qcar2_nodes', 'catkin_cmake_args': None, 'catkin_skip_building_tests': False, 'cmake_args': None, 'cmake_clean_cache': False, 'cmake_clean_first': False, 'cmake_force_configure': False, 'cmake_target': None, 'cmake_target_skip_unavailable': False, 'install_base': '/workspaces/isaac_ros-dev/install/qcar2_nodes', 'merge_install': False, 'path': '/workspaces/isaac_ros-dev/ros2/src/qcar2_nodes', 'symlink_install': False, 'test_result_base': None}
[1.874s] INFO:colcon.colcon_core.executor:Executing jobs using 'parallel' executor
[1.881s] DEBUG:colcon.colcon_parallel_executor.executor.parallel:run_until_complete
[1.881s] INFO:colcon.colcon_ros.task.ament_cmake.build:Building ROS package in '/workspaces/isaac_ros-dev/ros2/src/qcar2_nodes' with build type 'ament_cmake'
[1.881s] INFO:colcon.colcon_cmake.task.cmake.build:Building CMake package in '/workspaces/isaac_ros-dev/ros2/src/qcar2_nodes'
[1.888s] INFO:colcon.colcon_core.plugin_system:Skipping extension 'colcon_core.shell.bat': Not used on non-Windows systems
[1.889s] INFO:colcon.colcon_core.shell:Skip shell extension 'powershell' for command environment: Not usable outside of PowerShell
[1.889s] DEBUG:colcon.colcon_core.shell:Skip shell extension 'dsv' for command environment
[1.935s] DEBUG:colcon.colcon_core.event_handler.log_command:Invoking command in '/workspaces/isaac_ros-dev/build/qcar2_nodes': CMAKE_PREFIX_PATH=/workspaces/isaac_ros-dev/install/qcar2_interfaces:/workspaces/isaac_ros-dev/install/qcar2_nodes:/workspace/cartographer_ws/install/perception_pcl:/workspace/cartographer_ws/install/pcl_ros:/workspace/cartographer_ws/install/cartographer_rviz:/workspace/cartographer_ws/install/cartographer_ros:/workspace/cartographer_ws/install/pcl_conversions:/workspace/cartographer_ws/install/pcl_msgs:/workspace/cartographer_ws/install/isaac_ros_tensor_list_interfaces:/workspace/cartographer_ws/install/isaac_ros_pointcloud_interfaces:/workspace/cartographer_ws/install/isaac_ros_nova_interfaces:/workspace/cartographer_ws/install/isaac_ros_nitros_bridge_interfaces:/workspace/cartographer_ws/install/isaac_ros_common:/workspace/cartographer_ws/install/isaac_ros_bi3d_interfaces:/workspace/cartographer_ws/install/isaac_ros_apriltag_interfaces:/workspace/cartographer_ws/install/control_msgs:/workspace/cartographer_ws/install/cartographer_ros_msgs:/workspace/cartographer_ws/install/cartographer:/workspace/cartographer_ws/install/absl:/workspaces/isaac_ros-dev/install/qcar2_autonomy:/workspace/cartographer_ws/install/isaac_ros_test:/opt/ros/humble PYTHONPATH=/workspaces/isaac_ros-dev/install/qcar2_interfaces/lib/python3.8/site-packages:/workspaces/isaac_ros-dev/install/qcar2_nodes/lib/python3.8/site-packages:/workspaces/isaac_ros-dev/install/qcar2_autonomy/lib/python3.8/site-packages:/workspace/cartographer_ws/install/pcl_msgs/lib/python3.8/site-packages:/workspace/cartographer_ws/build/isaac_ros_test:/workspace/cartographer_ws/install/isaac_ros_test/lib/python3.8/site-packages:/workspace/cartographer_ws/install/isaac_ros_tensor_list_interfaces/lib/python3.8/site-packages:/workspace/cartographer_ws/install/isaac_ros_pointcloud_interfaces/lib/python3.8/site-packages:/workspace/cartographer_ws/install/isaac_ros_nova_interfaces/lib/python3.8/site-packages:/workspace/cartographer_ws/install/isaac_ros_nitros_bridge_interfaces/lib/python3.8/site-packages:/workspace/cartographer_ws/install/isaac_ros_bi3d_interfaces/lib/python3.8/site-packages:/workspace/cartographer_ws/install/isaac_ros_apriltag_interfaces/lib/python3.8/site-packages:/workspace/cartographer_ws/install/control_msgs/lib/python3.8/site-packages:/workspace/cartographer_ws/install/cartographer_ros_msgs/lib/python3.8/site-packages:/opt/ros/humble/lib/python3.8/site-packages:/home/Quanser/0_libraries/python _=/usr/bin/env /usr/bin/cmake --build /workspaces/isaac_ros-dev/build/qcar2_nodes -- -j24 -l24
[4.573s] DEBUG:colcon.colcon_core.event_handler.log_command:Invoked command in '/workspaces/isaac_ros-dev/build/qcar2_nodes' returned '0': CMAKE_PREFIX_PATH=/workspaces/isaac_ros-dev/install/qcar2_interfaces:/workspaces/isaac_ros-dev/install/qcar2_nodes:/workspace/cartographer_ws/install/perception_pcl:/workspace/cartographer_ws/install/pcl_ros:/workspace/cartographer_ws/install/cartographer_rviz:/workspace/cartographer_ws/install/cartographer_ros:/workspace/cartographer_ws/install/pcl_conversions:/workspace/cartographer_ws/install/pcl_msgs:/workspace/cartographer_ws/install/isaac_ros_tensor_list_interfaces:/workspace/cartographer_ws/install/isaac_ros_pointcloud_interfaces:/workspace/cartographer_ws/install/isaac_ros_nova_interfaces:/workspace/cartographer_ws/install/isaac_ros_nitros_bridge_interfaces:/workspace/cartographer_ws/install/isaac_ros_common:/workspace/cartographer_ws/install/isaac_ros_bi3d_interfaces:/workspace/cartographer_ws/install/isaac_ros_apriltag_interfaces:/workspace/cartographer_ws/install/control_msgs:/workspace/cartographer_ws/install/cartographer_ros_msgs:/workspace/cartographer_ws/install/cartographer:/workspace/cartographer_ws/install/absl:/workspaces/isaac_ros-dev/install/qcar2_autonomy:/workspace/cartographer_ws/install/isaac_ros_test:/opt/ros/humble PYTHONPATH=/workspaces/isaac_ros-dev/install/qcar2_interfaces/lib/python3.8/site-packages:/workspaces/isaac_ros-dev/install/qcar2_nodes/lib/python3.8/site-packages:/workspaces/isaac_ros-dev/install/qcar2_autonomy/lib/python3.8/site-packages:/workspace/cartographer_ws/install/pcl_msgs/lib/python3.8/site-packages:/workspace/cartographer_ws/build/isaac_ros_test:/workspace/cartographer_ws/install/isaac_ros_test/lib/python3.8/site-packages:/workspace/cartographer_ws/install/isaac_ros_tensor_list_interfaces/lib/python3.8/site-packages:/workspace/cartographer_ws/install/isaac_ros_pointcloud_interfaces/lib/python3.8/site-packages:/workspace/cartographer_ws/install/isaac_ros_nova_interfaces/lib/python3.8/site-packages:/workspace/cartographer_ws/install/isaac_ros_nitros_bridge_interfaces/lib/python3.8/site-packages:/workspace/cartographer_ws/install/isaac_ros_bi3d_interfaces/lib/python3.8/site-packages:/workspace/cartographer_ws/install/isaac_ros_apriltag_interfaces/lib/python3.8/site-packages:/workspace/cartographer_ws/install/control_msgs/lib/python3.8/site-packages:/workspace/cartographer_ws/install/cartographer_ros_msgs/lib/python3.8/site-packages:/opt/ros/humble/lib/python3.8/site-packages:/home/Quanser/0_libraries/python _=/usr/bin/env /usr/bin/cmake --build /workspaces/isaac_ros-dev/build/qcar2_nodes -- -j24 -l24
[4.825s] DEBUG:colcon.colcon_core.event_handler.log_command:Invoking command in '/workspaces/isaac_ros-dev/build/qcar2_nodes': CMAKE_PREFIX_PATH=/workspaces/isaac_ros-dev/install/qcar2_interfaces:/workspaces/isaac_ros-dev/install/qcar2_nodes:/workspace/cartographer_ws/install/perception_pcl:/workspace/cartographer_ws/install/pcl_ros:/workspace/cartographer_ws/install/cartographer_rviz:/workspace/cartographer_ws/install/cartographer_ros:/workspace/cartographer_ws/install/pcl_conversions:/workspace/cartographer_ws/install/pcl_msgs:/workspace/cartographer_ws/install/isaac_ros_tensor_list_interfaces:/workspace/cartographer_ws/install/isaac_ros_pointcloud_interfaces:/workspace/cartographer_ws/install/isaac_ros_nova_interfaces:/workspace/cartographer_ws/install/isaac_ros_nitros_bridge_interfaces:/workspace/cartographer_ws/install/isaac_ros_common:/workspace/cartographer_ws/install/isaac_ros_bi3d_interfaces:/workspace/cartographer_ws/install/isaac_ros_apriltag_interfaces:/workspace/cartographer_ws/install/control_msgs:/workspace/cartographer_ws/install/cartographer_ros_msgs:/workspace/cartographer_ws/install/cartographer:/workspace/cartographer_ws/install/absl:/workspaces/isaac_ros-dev/install/qcar2_autonomy:/workspace/cartographer_ws/install/isaac_ros_test:/opt/ros/humble PYTHONPATH=/workspaces/isaac_ros-dev/install/qcar2_interfaces/lib/python3.8/site-packages:/workspaces/isaac_ros-dev/install/qcar2_nodes/lib/python3.8/site-packages:/workspaces/isaac_ros-dev/install/qcar2_autonomy/lib/python3.8/site-packages:/workspace/cartographer_ws/install/pcl_msgs/lib/python3.8/site-packages:/workspace/cartographer_ws/build/isaac_ros_test:/workspace/cartographer_ws/install/isaac_ros_test/lib/python3.8/site-packages:/workspace/cartographer_ws/install/isaac_ros_tensor_list_interfaces/lib/python3.8/site-packages:/workspace/cartographer_ws/install/isaac_ros_pointcloud_interfaces/lib/python3.8/site-packages:/workspace/cartographer_ws/install/isaac_ros_nova_interfaces/lib/python3.8/site-packages:/workspace/cartographer_ws/install/isaac_ros_nitros_bridge_interfaces/lib/python3.8/site-packages:/workspace/cartographer_ws/install/isaac_ros_bi3d_interfaces/lib/python3.8/site-packages:/workspace/cartographer_ws/install/isaac_ros_apriltag_interfaces/lib/python3.8/site-packages:/workspace/cartographer_ws/install/control_msgs/lib/python3.8/site-packages:/workspace/cartographer_ws/install/cartographer_ros_msgs/lib/python3.8/site-packages:/opt/ros/humble/lib/python3.8/site-packages:/home/Quanser/0_libraries/python _=/usr/bin/env /usr/bin/cmake --install /workspaces/isaac_ros-dev/build/qcar2_nodes
[4.857s] Level 1:colcon.colcon_core.environment:create_environment_scripts_only(qcar2_nodes)
[4.858s] DEBUG:colcon.colcon_core.event_handler.log_command:Invoked command in '/workspaces/isaac_ros-dev/build/qcar2_nodes' returned '0': CMAKE_PREFIX_PATH=/workspaces/isaac_ros-dev/install/qcar2_interfaces:/workspaces/isaac_ros-dev/install/qcar2_nodes:/workspace/cartographer_ws/install/perception_pcl:/workspace/cartographer_ws/install/pcl_ros:/workspace/cartographer_ws/install/cartographer_rviz:/workspace/cartographer_ws/install/cartographer_ros:/workspace/cartographer_ws/install/pcl_conversions:/workspace/cartographer_ws/install/pcl_msgs:/workspace/cartographer_ws/install/isaac_ros_tensor_list_interfaces:/workspace/cartographer_ws/install/isaac_ros_pointcloud_interfaces:/workspace/cartographer_ws/install/isaac_ros_nova_interfaces:/workspace/cartographer_ws/install/isaac_ros_nitros_bridge_interfaces:/workspace/cartographer_ws/install/isaac_ros_common:/workspace/cartographer_ws/install/isaac_ros_bi3d_interfaces:/workspace/cartographer_ws/install/isaac_ros_apriltag_interfaces:/workspace/cartographer_ws/install/control_msgs:/workspace/cartographer_ws/install/cartographer_ros_msgs:/workspace/cartographer_ws/install/cartographer:/workspace/cartographer_ws/install/absl:/workspaces/isaac_ros-dev/install/qcar2_autonomy:/workspace/cartographer_ws/install/isaac_ros_test:/opt/ros/humble PYTHONPATH=/workspaces/isaac_ros-dev/install/qcar2_interfaces/lib/python3.8/site-packages:/workspaces/isaac_ros-dev/install/qcar2_nodes/lib/python3.8/site-packages:/workspaces/isaac_ros-dev/install/qcar2_autonomy/lib/python3.8/site-packages:/workspace/cartographer_ws/install/pcl_msgs/lib/python3.8/site-packages:/workspace/cartographer_ws/build/isaac_ros_test:/workspace/cartographer_ws/install/isaac_ros_test/lib/python3.8/site-packages:/workspace/cartographer_ws/install/isaac_ros_tensor_list_interfaces/lib/python3.8/site-packages:/workspace/cartographer_ws/install/isaac_ros_pointcloud_interfaces/lib/python3.8/site-packages:/workspace/cartographer_ws/install/isaac_ros_nova_interfaces/lib/python3.8/site-packages:/workspace/cartographer_ws/install/isaac_ros_nitros_bridge_interfaces/lib/python3.8/site-packages:/workspace/cartographer_ws/install/isaac_ros_bi3d_interfaces/lib/python3.8/site-packages:/workspace/cartographer_ws/install/isaac_ros_apriltag_interfaces/lib/python3.8/site-packages:/workspace/cartographer_ws/install/control_msgs/lib/python3.8/site-packages:/workspace/cartographer_ws/install/cartographer_ros_msgs/lib/python3.8/site-packages:/opt/ros/humble/lib/python3.8/site-packages:/home/Quanser/0_libraries/python _=/usr/bin/env /usr/bin/cmake --install /workspaces/isaac_ros-dev/build/qcar2_nodes
[4.866s] Level 1:colcon.colcon_core.environment:checking '/workspaces/isaac_ros-dev/install/qcar2_nodes' for CMake module files
[4.866s] Level 1:colcon.colcon_core.environment:checking '/workspaces/isaac_ros-dev/install/qcar2_nodes' for CMake config files
[4.867s] Level 1:colcon.colcon_core.shell:create_environment_hook('qcar2_nodes', 'cmake_prefix_path')
[4.873s] INFO:colcon.colcon_core.shell:Creating environment hook '/workspaces/isaac_ros-dev/install/qcar2_nodes/share/qcar2_nodes/hook/cmake_prefix_path.ps1'
[4.873s] INFO:colcon.colcon_core.shell:Creating environment descriptor '/workspaces/isaac_ros-dev/install/qcar2_nodes/share/qcar2_nodes/hook/cmake_prefix_path.dsv'
[4.873s] INFO:colcon.colcon_core.shell:Creating environment hook '/workspaces/isaac_ros-dev/install/qcar2_nodes/share/qcar2_nodes/hook/cmake_prefix_path.sh'
[4.874s] Level 1:colcon.colcon_core.environment:checking '/workspaces/isaac_ros-dev/install/qcar2_nodes/lib'
[4.874s] Level 1:colcon.colcon_core.environment:checking '/workspaces/isaac_ros-dev/install/qcar2_nodes/bin'
[4.874s] Level 1:colcon.colcon_core.environment:checking '/workspaces/isaac_ros-dev/install/qcar2_nodes/lib/pkgconfig/qcar2_nodes.pc'
[4.874s] Level 1:colcon.colcon_core.environment:checking '/workspaces/isaac_ros-dev/install/qcar2_nodes/lib/python3.8/site-packages'
[4.874s] Level 1:colcon.colcon_core.shell:create_environment_hook('qcar2_nodes', 'pythonpath')
[4.881s] INFO:colcon.colcon_core.shell:Creating environment hook '/workspaces/isaac_ros-dev/install/qcar2_nodes/share/qcar2_nodes/hook/pythonpath.ps1'
[4.881s] INFO:colcon.colcon_core.shell:Creating environment descriptor '/workspaces/isaac_ros-dev/install/qcar2_nodes/share/qcar2_nodes/hook/pythonpath.dsv'
[4.881s] INFO:colcon.colcon_core.shell:Creating environment hook '/workspaces/isaac_ros-dev/install/qcar2_nodes/share/qcar2_nodes/hook/pythonpath.sh'
[4.881s] Level 1:colcon.colcon_core.environment:checking '/workspaces/isaac_ros-dev/install/qcar2_nodes/bin'
[4.887s] INFO:colcon.colcon_core.shell:Creating package script '/workspaces/isaac_ros-dev/install/qcar2_nodes/share/qcar2_nodes/package.ps1'
[4.889s] INFO:colcon.colcon_core.shell:Creating package descriptor '/workspaces/isaac_ros-dev/install/qcar2_nodes/share/qcar2_nodes/package.dsv'
[4.889s] INFO:colcon.colcon_core.shell:Creating package script '/workspaces/isaac_ros-dev/install/qcar2_nodes/share/qcar2_nodes/package.sh'
[4.889s] INFO:colcon.colcon_core.shell:Creating package script '/workspaces/isaac_ros-dev/install/qcar2_nodes/share/qcar2_nodes/package.bash'
[4.890s] INFO:colcon.colcon_core.shell:Creating package script '/workspaces/isaac_ros-dev/install/qcar2_nodes/share/qcar2_nodes/package.zsh'
[4.890s] Level 1:colcon.colcon_core.environment:create_file_with_runtime_dependencies(/workspaces/isaac_ros-dev/install/qcar2_nodes/share/colcon-core/packages/qcar2_nodes)
[5.151s] Level 1:colcon.colcon_core.environment:create_environment_scripts_only(qcar2_nodes)
[5.158s] Level 1:colcon.colcon_core.environment:checking '/workspaces/isaac_ros-dev/install/qcar2_nodes' for CMake module files
[5.158s] Level 1:colcon.colcon_core.environment:checking '/workspaces/isaac_ros-dev/install/qcar2_nodes' for CMake config files
[5.158s] Level 1:colcon.colcon_core.shell:create_environment_hook('qcar2_nodes', 'cmake_prefix_path')
[5.164s] INFO:colcon.colcon_core.shell:Creating environment hook '/workspaces/isaac_ros-dev/install/qcar2_nodes/share/qcar2_nodes/hook/cmake_prefix_path.ps1'
[5.164s] INFO:colcon.colcon_core.shell:Creating environment descriptor '/workspaces/isaac_ros-dev/install/qcar2_nodes/share/qcar2_nodes/hook/cmake_prefix_path.dsv'
[5.165s] INFO:colcon.colcon_core.shell:Creating environment hook '/workspaces/isaac_ros-dev/install/qcar2_nodes/share/qcar2_nodes/hook/cmake_prefix_path.sh'
[5.165s] Level 1:colcon.colcon_core.environment:checking '/workspaces/isaac_ros-dev/install/qcar2_nodes/lib'
[5.165s] Level 1:colcon.colcon_core.environment:checking '/workspaces/isaac_ros-dev/install/qcar2_nodes/bin'
[5.165s] Level 1:colcon.colcon_core.environment:checking '/workspaces/isaac_ros-dev/install/qcar2_nodes/lib/pkgconfig/qcar2_nodes.pc'
[5.165s] Level 1:colcon.colcon_core.environment:checking '/workspaces/isaac_ros-dev/install/qcar2_nodes/lib/python3.8/site-packages'
[5.165s] Level 1:colcon.colcon_core.shell:create_environment_hook('qcar2_nodes', 'pythonpath')
[5.171s] INFO:colcon.colcon_core.shell:Creating environment hook '/workspaces/isaac_ros-dev/install/qcar2_nodes/share/qcar2_nodes/hook/pythonpath.ps1'
[5.171s] INFO:colcon.colcon_core.shell:Creating environment descriptor '/workspaces/isaac_ros-dev/install/qcar2_nodes/share/qcar2_nodes/hook/pythonpath.dsv'
[5.171s] INFO:colcon.colcon_core.shell:Creating environment hook '/workspaces/isaac_ros-dev/install/qcar2_nodes/share/qcar2_nodes/hook/pythonpath.sh'
[5.172s] Level 1:colcon.colcon_core.environment:checking '/workspaces/isaac_ros-dev/install/qcar2_nodes/bin'
[5.195s] INFO:colcon.colcon_core.shell:Creating package script '/workspaces/isaac_ros-dev/install/qcar2_nodes/share/qcar2_nodes/package.ps1'
[5.195s] INFO:colcon.colcon_core.shell:Creating package descriptor '/workspaces/isaac_ros-dev/install/qcar2_nodes/share/qcar2_nodes/package.dsv'
[5.196s] INFO:colcon.colcon_core.shell:Creating package script '/workspaces/isaac_ros-dev/install/qcar2_nodes/share/qcar2_nodes/package.sh'
[5.196s] INFO:colcon.colcon_core.shell:Creating package script '/workspaces/isaac_ros-dev/install/qcar2_nodes/share/qcar2_nodes/package.bash'
[5.196s] INFO:colcon.colcon_core.shell:Creating package script '/workspaces/isaac_ros-dev/install/qcar2_nodes/share/qcar2_nodes/package.zsh'
[5.196s] Level 1:colcon.colcon_core.environment:create_file_with_runtime_dependencies(/workspaces/isaac_ros-dev/install/qcar2_nodes/share/colcon-core/packages/qcar2_nodes)
[5.196s] DEBUG:colcon.colcon_parallel_executor.executor.parallel:closing loop
[5.197s] DEBUG:colcon.colcon_parallel_executor.executor.parallel:loop closed
[5.197s] DEBUG:colcon.colcon_parallel_executor.executor.parallel:run_until_complete finished with '0'
[5.197s] DEBUG:colcon.colcon_core.event_reactor:joining thread
[5.207s] INFO:colcon.colcon_core.plugin_system:Skipping extension 'colcon_notification.desktop_notification.notify_send': Could not find 'notify-send'
[5.207s] INFO:colcon.colcon_core.plugin_system:Skipping extension 'colcon_notification.desktop_notification.terminal_notifier': Not used on non-Darwin systems
[5.207s] INFO:colcon.colcon_core.plugin_system:Skipping extension 'colcon_notification.desktop_notification.win32': Not used on non-Windows systems
[5.207s] INFO:colcon.colcon_notification.desktop_notification:Sending desktop notification using 'notify2'
[5.210s] DEBUG:colcon.colcon_notification.desktop_notification.notify2:Failed to initialize notify2: org.freedesktop.DBus.Error.Spawn.ExecFailed: /usr/bin/dbus-launch terminated abnormally without any error message
[5.210s] DEBUG:colcon.colcon_core.event_reactor:joined thread
[5.216s] INFO:colcon.colcon_core.shell:Creating prefix script '/workspaces/isaac_ros-dev/install/local_setup.ps1'
[5.217s] INFO:colcon.colcon_core.shell:Creating prefix util module '/workspaces/isaac_ros-dev/install/_local_setup_util_ps1.py'
[5.218s] INFO:colcon.colcon_core.shell:Creating prefix chain script '/workspaces/isaac_ros-dev/install/setup.ps1'
[5.225s] INFO:colcon.colcon_core.shell:Creating prefix script '/workspaces/isaac_ros-dev/install/local_setup.sh'
[5.225s] INFO:colcon.colcon_core.shell:Creating prefix util module '/workspaces/isaac_ros-dev/install/_local_setup_util_sh.py'
[5.225s] INFO:colcon.colcon_core.shell:Creating prefix chain script '/workspaces/isaac_ros-dev/install/setup.sh'
[5.233s] INFO:colcon.colcon_core.shell:Creating prefix script '/workspaces/isaac_ros-dev/install/local_setup.bash'
[5.233s] INFO:colcon.colcon_core.shell:Creating prefix chain script '/workspaces/isaac_ros-dev/install/setup.bash'
[5.240s] INFO:colcon.colcon_core.shell:Creating prefix script '/workspaces/isaac_ros-dev/install/local_setup.zsh'
[5.240s] INFO:colcon.colcon_core.shell:Creating prefix chain script '/workspaces/isaac_ros-dev/install/setup.zsh'
