[2.931s] DEBUG:colcon:Command line arguments: ['/usr/bin/colcon', 'build']
[2.931s] DEBUG:colcon:Parsed command line arguments: Namespace(allow_overriding=[], ament_cmake_args=None, base_paths=['.'], build_base='build', catkin_cmake_args=None, catkin_skip_building_tests=False, cmake_args=None, cmake_clean_cache=False, cmake_clean_first=False, cmake_force_configure=False, cmake_target=None, cmake_target_skip_unavailable=False, continue_on_error=False, event_handlers=None, executor='parallel', ignore_user_meta=False, install_base='install', log_base=None, log_level=None, main=<bound method BuildVerb.main of <colcon_core.verb.build.BuildVerb object at 0x7475f3b3f640>>, merge_install=False, metas=['./colcon.meta'], packages_above=None, packages_above_and_dependencies=None, packages_above_depth=None, packages_end=None, packages_ignore=None, packages_ignore_regex=None, packages_select=None, packages_select_build_failed=False, packages_select_by_dep=None, packages_select_regex=None, packages_select_test_failures=False, packages_skip=None, packages_skip_build_finished=False, packages_skip_by_dep=None, packages_skip_regex=None, packages_skip_test_passed=False, packages_skip_up_to=None, packages_start=None, packages_up_to=None, packages_up_to_regex=None, parallel_workers=24, paths=None, symlink_install=False, test_result_base=None, verb_extension=<colcon_core.verb.build.BuildVerb object at 0x7475f3b3f640>, verb_name='build', verb_parser=<colcon_defaults.argument_parser.defaults.DefaultArgumentsDecorator object at 0x7475f3512be0>)
[3.063s] Level 1:colcon.colcon_core.package_discovery:discover_packages(colcon_meta) check parameters
[3.063s] Level 1:colcon.colcon_core.package_discovery:discover_packages(recursive) check parameters
[3.063s] Level 1:colcon.colcon_core.package_discovery:discover_packages(ignore) check parameters
[3.063s] Level 1:colcon.colcon_core.package_discovery:discover_packages(path) check parameters
[3.063s] Level 1:colcon.colcon_core.package_discovery:discover_packages(colcon_meta) discover
[3.063s] Level 1:colcon.colcon_core.package_discovery:discover_packages(recursive) discover
[3.063s] INFO:colcon.colcon_core.package_discovery:Crawling recursively for packages in '/workspaces/isaac_ros-dev'
[3.063s] Level 1:colcon.colcon_core.package_identification:_identify(.) by extensions ['ignore', 'ignore_ament_install']
[3.064s] Level 1:colcon.colcon_core.package_identification:_identify(.) by extension 'ignore'
[3.064s] Level 1:colcon.colcon_core.package_identification:_identify(.) by extension 'ignore_ament_install'
[3.064s] Level 1:colcon.colcon_core.package_identification:_identify(.) by extensions ['colcon_pkg']
[3.064s] Level 1:colcon.colcon_core.package_identification:_identify(.) by extension 'colcon_pkg'
[3.064s] Level 1:colcon.colcon_core.package_identification:_identify(.) by extensions ['colcon_meta']
[3.064s] Level 1:colcon.colcon_core.package_identification:_identify(.) by extension 'colcon_meta'
[3.064s] Level 1:colcon.colcon_core.package_identification:_identify(.) by extensions ['ros']
[3.064s] Level 1:colcon.colcon_core.package_identification:_identify(.) by extension 'ros'
[3.080s] Level 1:colcon.colcon_core.package_identification:_identify(.) by extensions ['cmake', 'python']
[3.080s] Level 1:colcon.colcon_core.package_identification:_identify(.) by extension 'cmake'
[3.080s] Level 1:colcon.colcon_core.package_identification:_identify(.) by extension 'python'
[3.080s] Level 1:colcon.colcon_core.package_identification:_identify(.) by extensions ['python_setup_py']
[3.080s] Level 1:colcon.colcon_core.package_identification:_identify(.) by extension 'python_setup_py'
[3.081s] Level 1:colcon.colcon_core.package_identification:_identify(build) by extensions ['ignore', 'ignore_ament_install']
[3.081s] Level 1:colcon.colcon_core.package_identification:_identify(build) by extension 'ignore'
[3.081s] Level 1:colcon.colcon_core.package_identification:_identify(build) ignored
[3.081s] Level 1:colcon.colcon_core.package_identification:_identify(install) by extensions ['ignore', 'ignore_ament_install']
[3.081s] Level 1:colcon.colcon_core.package_identification:_identify(install) by extension 'ignore'
[3.081s] Level 1:colcon.colcon_core.package_identification:_identify(install) ignored
[3.081s] Level 1:colcon.colcon_core.package_identification:_identify(log) by extensions ['ignore', 'ignore_ament_install']
[3.081s] Level 1:colcon.colcon_core.package_identification:_identify(log) by extension 'ignore'
[3.081s] Level 1:colcon.colcon_core.package_identification:_identify(log) ignored
[3.081s] Level 1:colcon.colcon_core.package_identification:_identify(python_resources) by extensions ['ignore', 'ignore_ament_install']
[3.081s] Level 1:colcon.colcon_core.package_identification:_identify(python_resources) by extension 'ignore'
[3.081s] Level 1:colcon.colcon_core.package_identification:_identify(python_resources) by extension 'ignore_ament_install'
[3.081s] Level 1:colcon.colcon_core.package_identification:_identify(python_resources) by extensions ['colcon_pkg']
[3.081s] Level 1:colcon.colcon_core.package_identification:_identify(python_resources) by extension 'colcon_pkg'
[3.081s] Level 1:colcon.colcon_core.package_identification:_identify(python_resources) by extensions ['colcon_meta']
[3.081s] Level 1:colcon.colcon_core.package_identification:_identify(python_resources) by extension 'colcon_meta'
[3.082s] Level 1:colcon.colcon_core.package_identification:_identify(python_resources) by extensions ['ros']
[3.082s] Level 1:colcon.colcon_core.package_identification:_identify(python_resources) by extension 'ros'
[3.082s] Level 1:colcon.colcon_core.package_identification:_identify(python_resources) by extensions ['cmake', 'python']
[3.082s] Level 1:colcon.colcon_core.package_identification:_identify(python_resources) by extension 'cmake'
[3.082s] Level 1:colcon.colcon_core.package_identification:_identify(python_resources) by extension 'python'
[3.082s] Level 1:colcon.colcon_core.package_identification:_identify(python_resources) by extensions ['python_setup_py']
[3.082s] Level 1:colcon.colcon_core.package_identification:_identify(python_resources) by extension 'python_setup_py'
[3.082s] Level 1:colcon.colcon_core.package_identification:_identify(python_resources/qcar) by extensions ['ignore', 'ignore_ament_install']
[3.082s] Level 1:colcon.colcon_core.package_identification:_identify(python_resources/qcar) by extension 'ignore'
[3.082s] Level 1:colcon.colcon_core.package_identification:_identify(python_resources/qcar) by extension 'ignore_ament_install'
[3.082s] Level 1:colcon.colcon_core.package_identification:_identify(python_resources/qcar) by extensions ['colcon_pkg']
[3.082s] Level 1:colcon.colcon_core.package_identification:_identify(python_resources/qcar) by extension 'colcon_pkg'
[3.082s] Level 1:colcon.colcon_core.package_identification:_identify(python_resources/qcar) by extensions ['colcon_meta']
[3.082s] Level 1:colcon.colcon_core.package_identification:_identify(python_resources/qcar) by extension 'colcon_meta'
[3.082s] Level 1:colcon.colcon_core.package_identification:_identify(python_resources/qcar) by extensions ['ros']
[3.082s] Level 1:colcon.colcon_core.package_identification:_identify(python_resources/qcar) by extension 'ros'
[3.082s] Level 1:colcon.colcon_core.package_identification:_identify(python_resources/qcar) by extensions ['cmake', 'python']
[3.082s] Level 1:colcon.colcon_core.package_identification:_identify(python_resources/qcar) by extension 'cmake'
[3.082s] Level 1:colcon.colcon_core.package_identification:_identify(python_resources/qcar) by extension 'python'
[3.082s] Level 1:colcon.colcon_core.package_identification:_identify(python_resources/qcar) by extensions ['python_setup_py']
[3.082s] Level 1:colcon.colcon_core.package_identification:_identify(python_resources/qcar) by extension 'python_setup_py'
[3.082s] Level 1:colcon.colcon_core.package_identification:_identify(python_resources/qcar/hardware) by extensions ['ignore', 'ignore_ament_install']
[3.082s] Level 1:colcon.colcon_core.package_identification:_identify(python_resources/qcar/hardware) by extension 'ignore'
[3.082s] Level 1:colcon.colcon_core.package_identification:_identify(python_resources/qcar/hardware) by extension 'ignore_ament_install'
[3.082s] Level 1:colcon.colcon_core.package_identification:_identify(python_resources/qcar/hardware) by extensions ['colcon_pkg']
[3.082s] Level 1:colcon.colcon_core.package_identification:_identify(python_resources/qcar/hardware) by extension 'colcon_pkg'
[3.082s] Level 1:colcon.colcon_core.package_identification:_identify(python_resources/qcar/hardware) by extensions ['colcon_meta']
[3.082s] Level 1:colcon.colcon_core.package_identification:_identify(python_resources/qcar/hardware) by extension 'colcon_meta'
[3.082s] Level 1:colcon.colcon_core.package_identification:_identify(python_resources/qcar/hardware) by extensions ['ros']
[3.082s] Level 1:colcon.colcon_core.package_identification:_identify(python_resources/qcar/hardware) by extension 'ros'
[3.083s] Level 1:colcon.colcon_core.package_identification:_identify(python_resources/qcar/hardware) by extensions ['cmake', 'python']
[3.083s] Level 1:colcon.colcon_core.package_identification:_identify(python_resources/qcar/hardware) by extension 'cmake'
[3.083s] Level 1:colcon.colcon_core.package_identification:_identify(python_resources/qcar/hardware) by extension 'python'
[3.083s] Level 1:colcon.colcon_core.package_identification:_identify(python_resources/qcar/hardware) by extensions ['python_setup_py']
[3.083s] Level 1:colcon.colcon_core.package_identification:_identify(python_resources/qcar/hardware) by extension 'python_setup_py'
[3.083s] Level 1:colcon.colcon_core.package_identification:_identify(python_resources/qcar/hardware/applications) by extensions ['ignore', 'ignore_ament_install']
[3.083s] Level 1:colcon.colcon_core.package_identification:_identify(python_resources/qcar/hardware/applications) by extension 'ignore'
[3.083s] Level 1:colcon.colcon_core.package_identification:_identify(python_resources/qcar/hardware/applications) by extension 'ignore_ament_install'
[3.083s] Level 1:colcon.colcon_core.package_identification:_identify(python_resources/qcar/hardware/applications) by extensions ['colcon_pkg']
[3.083s] Level 1:colcon.colcon_core.package_identification:_identify(python_resources/qcar/hardware/applications) by extension 'colcon_pkg'
[3.083s] Level 1:colcon.colcon_core.package_identification:_identify(python_resources/qcar/hardware/applications) by extensions ['colcon_meta']
[3.083s] Level 1:colcon.colcon_core.package_identification:_identify(python_resources/qcar/hardware/applications) by extension 'colcon_meta'
[3.083s] Level 1:colcon.colcon_core.package_identification:_identify(python_resources/qcar/hardware/applications) by extensions ['ros']
[3.083s] Level 1:colcon.colcon_core.package_identification:_identify(python_resources/qcar/hardware/applications) by extension 'ros'
[3.083s] Level 1:colcon.colcon_core.package_identification:_identify(python_resources/qcar/hardware/applications) by extensions ['cmake', 'python']
[3.083s] Level 1:colcon.colcon_core.package_identification:_identify(python_resources/qcar/hardware/applications) by extension 'cmake'
[3.083s] Level 1:colcon.colcon_core.package_identification:_identify(python_resources/qcar/hardware/applications) by extension 'python'
[3.083s] Level 1:colcon.colcon_core.package_identification:_identify(python_resources/qcar/hardware/applications) by extensions ['python_setup_py']
[3.083s] Level 1:colcon.colcon_core.package_identification:_identify(python_resources/qcar/hardware/applications) by extension 'python_setup_py'
[3.083s] Level 1:colcon.colcon_core.package_identification:_identify(python_resources/qcar/hardware/applications/360_vision) by extensions ['ignore', 'ignore_ament_install']
[3.083s] Level 1:colcon.colcon_core.package_identification:_identify(python_resources/qcar/hardware/applications/360_vision) by extension 'ignore'
[3.083s] Level 1:colcon.colcon_core.package_identification:_identify(python_resources/qcar/hardware/applications/360_vision) by extension 'ignore_ament_install'
[3.083s] Level 1:colcon.colcon_core.package_identification:_identify(python_resources/qcar/hardware/applications/360_vision) by extensions ['colcon_pkg']
[3.083s] Level 1:colcon.colcon_core.package_identification:_identify(python_resources/qcar/hardware/applications/360_vision) by extension 'colcon_pkg'
[3.083s] Level 1:colcon.colcon_core.package_identification:_identify(python_resources/qcar/hardware/applications/360_vision) by extensions ['colcon_meta']
[3.083s] Level 1:colcon.colcon_core.package_identification:_identify(python_resources/qcar/hardware/applications/360_vision) by extension 'colcon_meta'
[3.083s] Level 1:colcon.colcon_core.package_identification:_identify(python_resources/qcar/hardware/applications/360_vision) by extensions ['ros']
[3.083s] Level 1:colcon.colcon_core.package_identification:_identify(python_resources/qcar/hardware/applications/360_vision) by extension 'ros'
[3.083s] Level 1:colcon.colcon_core.package_identification:_identify(python_resources/qcar/hardware/applications/360_vision) by extensions ['cmake', 'python']
[3.083s] Level 1:colcon.colcon_core.package_identification:_identify(python_resources/qcar/hardware/applications/360_vision) by extension 'cmake'
[3.083s] Level 1:colcon.colcon_core.package_identification:_identify(python_resources/qcar/hardware/applications/360_vision) by extension 'python'
[3.083s] Level 1:colcon.colcon_core.package_identification:_identify(python_resources/qcar/hardware/applications/360_vision) by extensions ['python_setup_py']
[3.083s] Level 1:colcon.colcon_core.package_identification:_identify(python_resources/qcar/hardware/applications/360_vision) by extension 'python_setup_py'
[3.084s] Level 1:colcon.colcon_core.package_identification:_identify(python_resources/qcar/hardware/applications/lane_following) by extensions ['ignore', 'ignore_ament_install']
[3.084s] Level 1:colcon.colcon_core.package_identification:_identify(python_resources/qcar/hardware/applications/lane_following) by extension 'ignore'
[3.084s] Level 1:colcon.colcon_core.package_identification:_identify(python_resources/qcar/hardware/applications/lane_following) by extension 'ignore_ament_install'
[3.084s] Level 1:colcon.colcon_core.package_identification:_identify(python_resources/qcar/hardware/applications/lane_following) by extensions ['colcon_pkg']
[3.084s] Level 1:colcon.colcon_core.package_identification:_identify(python_resources/qcar/hardware/applications/lane_following) by extension 'colcon_pkg'
[3.084s] Level 1:colcon.colcon_core.package_identification:_identify(python_resources/qcar/hardware/applications/lane_following) by extensions ['colcon_meta']
[3.084s] Level 1:colcon.colcon_core.package_identification:_identify(python_resources/qcar/hardware/applications/lane_following) by extension 'colcon_meta'
[3.084s] Level 1:colcon.colcon_core.package_identification:_identify(python_resources/qcar/hardware/applications/lane_following) by extensions ['ros']
[3.084s] Level 1:colcon.colcon_core.package_identification:_identify(python_resources/qcar/hardware/applications/lane_following) by extension 'ros'
[3.084s] Level 1:colcon.colcon_core.package_identification:_identify(python_resources/qcar/hardware/applications/lane_following) by extensions ['cmake', 'python']
[3.084s] Level 1:colcon.colcon_core.package_identification:_identify(python_resources/qcar/hardware/applications/lane_following) by extension 'cmake'
[3.084s] Level 1:colcon.colcon_core.package_identification:_identify(python_resources/qcar/hardware/applications/lane_following) by extension 'python'
[3.084s] Level 1:colcon.colcon_core.package_identification:_identify(python_resources/qcar/hardware/applications/lane_following) by extensions ['python_setup_py']
[3.084s] Level 1:colcon.colcon_core.package_identification:_identify(python_resources/qcar/hardware/applications/lane_following) by extension 'python_setup_py'
[3.084s] Level 1:colcon.colcon_core.package_identification:_identify(python_resources/qcar/hardware/applications/manual_drive) by extensions ['ignore', 'ignore_ament_install']
[3.084s] Level 1:colcon.colcon_core.package_identification:_identify(python_resources/qcar/hardware/applications/manual_drive) by extension 'ignore'
[3.084s] Level 1:colcon.colcon_core.package_identification:_identify(python_resources/qcar/hardware/applications/manual_drive) by extension 'ignore_ament_install'
[3.084s] Level 1:colcon.colcon_core.package_identification:_identify(python_resources/qcar/hardware/applications/manual_drive) by extensions ['colcon_pkg']
[3.084s] Level 1:colcon.colcon_core.package_identification:_identify(python_resources/qcar/hardware/applications/manual_drive) by extension 'colcon_pkg'
[3.084s] Level 1:colcon.colcon_core.package_identification:_identify(python_resources/qcar/hardware/applications/manual_drive) by extensions ['colcon_meta']
[3.084s] Level 1:colcon.colcon_core.package_identification:_identify(python_resources/qcar/hardware/applications/manual_drive) by extension 'colcon_meta'
[3.084s] Level 1:colcon.colcon_core.package_identification:_identify(python_resources/qcar/hardware/applications/manual_drive) by extensions ['ros']
[3.084s] Level 1:colcon.colcon_core.package_identification:_identify(python_resources/qcar/hardware/applications/manual_drive) by extension 'ros'
[3.084s] Level 1:colcon.colcon_core.package_identification:_identify(python_resources/qcar/hardware/applications/manual_drive) by extensions ['cmake', 'python']
[3.084s] Level 1:colcon.colcon_core.package_identification:_identify(python_resources/qcar/hardware/applications/manual_drive) by extension 'cmake'
[3.085s] Level 1:colcon.colcon_core.package_identification:_identify(python_resources/qcar/hardware/applications/manual_drive) by extension 'python'
[3.085s] Level 1:colcon.colcon_core.package_identification:_identify(python_resources/qcar/hardware/applications/manual_drive) by extensions ['python_setup_py']
[3.085s] Level 1:colcon.colcon_core.package_identification:_identify(python_resources/qcar/hardware/applications/manual_drive) by extension 'python_setup_py'
[3.085s] Level 1:colcon.colcon_core.package_identification:_identify(python_resources/qcar/hardware/applications/point_cloud_generation) by extensions ['ignore', 'ignore_ament_install']
[3.085s] Level 1:colcon.colcon_core.package_identification:_identify(python_resources/qcar/hardware/applications/point_cloud_generation) by extension 'ignore'
[3.085s] Level 1:colcon.colcon_core.package_identification:_identify(python_resources/qcar/hardware/applications/point_cloud_generation) by extension 'ignore_ament_install'
[3.085s] Level 1:colcon.colcon_core.package_identification:_identify(python_resources/qcar/hardware/applications/point_cloud_generation) by extensions ['colcon_pkg']
[3.085s] Level 1:colcon.colcon_core.package_identification:_identify(python_resources/qcar/hardware/applications/point_cloud_generation) by extension 'colcon_pkg'
[3.085s] Level 1:colcon.colcon_core.package_identification:_identify(python_resources/qcar/hardware/applications/point_cloud_generation) by extensions ['colcon_meta']
[3.085s] Level 1:colcon.colcon_core.package_identification:_identify(python_resources/qcar/hardware/applications/point_cloud_generation) by extension 'colcon_meta'
[3.085s] Level 1:colcon.colcon_core.package_identification:_identify(python_resources/qcar/hardware/applications/point_cloud_generation) by extensions ['ros']
[3.085s] Level 1:colcon.colcon_core.package_identification:_identify(python_resources/qcar/hardware/applications/point_cloud_generation) by extension 'ros'
[3.085s] Level 1:colcon.colcon_core.package_identification:_identify(python_resources/qcar/hardware/applications/point_cloud_generation) by extensions ['cmake', 'python']
[3.085s] Level 1:colcon.colcon_core.package_identification:_identify(python_resources/qcar/hardware/applications/point_cloud_generation) by extension 'cmake'
[3.085s] Level 1:colcon.colcon_core.package_identification:_identify(python_resources/qcar/hardware/applications/point_cloud_generation) by extension 'python'
[3.085s] Level 1:colcon.colcon_core.package_identification:_identify(python_resources/qcar/hardware/applications/point_cloud_generation) by extensions ['python_setup_py']
[3.085s] Level 1:colcon.colcon_core.package_identification:_identify(python_resources/qcar/hardware/applications/point_cloud_generation) by extension 'python_setup_py'
[3.085s] Level 1:colcon.colcon_core.package_identification:_identify(python_resources/qcar/hardware/applications/rgbd_imaging) by extensions ['ignore', 'ignore_ament_install']
[3.085s] Level 1:colcon.colcon_core.package_identification:_identify(python_resources/qcar/hardware/applications/rgbd_imaging) by extension 'ignore'
[3.085s] Level 1:colcon.colcon_core.package_identification:_identify(python_resources/qcar/hardware/applications/rgbd_imaging) by extension 'ignore_ament_install'
[3.085s] Level 1:colcon.colcon_core.package_identification:_identify(python_resources/qcar/hardware/applications/rgbd_imaging) by extensions ['colcon_pkg']
[3.085s] Level 1:colcon.colcon_core.package_identification:_identify(python_resources/qcar/hardware/applications/rgbd_imaging) by extension 'colcon_pkg'
[3.085s] Level 1:colcon.colcon_core.package_identification:_identify(python_resources/qcar/hardware/applications/rgbd_imaging) by extensions ['colcon_meta']
[3.085s] Level 1:colcon.colcon_core.package_identification:_identify(python_resources/qcar/hardware/applications/rgbd_imaging) by extension 'colcon_meta'
[3.085s] Level 1:colcon.colcon_core.package_identification:_identify(python_resources/qcar/hardware/applications/rgbd_imaging) by extensions ['ros']
[3.085s] Level 1:colcon.colcon_core.package_identification:_identify(python_resources/qcar/hardware/applications/rgbd_imaging) by extension 'ros'
[3.085s] Level 1:colcon.colcon_core.package_identification:_identify(python_resources/qcar/hardware/applications/rgbd_imaging) by extensions ['cmake', 'python']
[3.085s] Level 1:colcon.colcon_core.package_identification:_identify(python_resources/qcar/hardware/applications/rgbd_imaging) by extension 'cmake'
[3.085s] Level 1:colcon.colcon_core.package_identification:_identify(python_resources/qcar/hardware/applications/rgbd_imaging) by extension 'python'
[3.085s] Level 1:colcon.colcon_core.package_identification:_identify(python_resources/qcar/hardware/applications/rgbd_imaging) by extensions ['python_setup_py']
[3.085s] Level 1:colcon.colcon_core.package_identification:_identify(python_resources/qcar/hardware/applications/rgbd_imaging) by extension 'python_setup_py'
[3.086s] Level 1:colcon.colcon_core.package_identification:_identify(python_resources/qcar/hardware/hardware_tests) by extensions ['ignore', 'ignore_ament_install']
[3.086s] Level 1:colcon.colcon_core.package_identification:_identify(python_resources/qcar/hardware/hardware_tests) by extension 'ignore'
[3.086s] Level 1:colcon.colcon_core.package_identification:_identify(python_resources/qcar/hardware/hardware_tests) by extension 'ignore_ament_install'
[3.086s] Level 1:colcon.colcon_core.package_identification:_identify(python_resources/qcar/hardware/hardware_tests) by extensions ['colcon_pkg']
[3.086s] Level 1:colcon.colcon_core.package_identification:_identify(python_resources/qcar/hardware/hardware_tests) by extension 'colcon_pkg'
[3.086s] Level 1:colcon.colcon_core.package_identification:_identify(python_resources/qcar/hardware/hardware_tests) by extensions ['colcon_meta']
[3.086s] Level 1:colcon.colcon_core.package_identification:_identify(python_resources/qcar/hardware/hardware_tests) by extension 'colcon_meta'
[3.086s] Level 1:colcon.colcon_core.package_identification:_identify(python_resources/qcar/hardware/hardware_tests) by extensions ['ros']
[3.086s] Level 1:colcon.colcon_core.package_identification:_identify(python_resources/qcar/hardware/hardware_tests) by extension 'ros'
[3.086s] Level 1:colcon.colcon_core.package_identification:_identify(python_resources/qcar/hardware/hardware_tests) by extensions ['cmake', 'python']
[3.086s] Level 1:colcon.colcon_core.package_identification:_identify(python_resources/qcar/hardware/hardware_tests) by extension 'cmake'
[3.086s] Level 1:colcon.colcon_core.package_identification:_identify(python_resources/qcar/hardware/hardware_tests) by extension 'python'
[3.086s] Level 1:colcon.colcon_core.package_identification:_identify(python_resources/qcar/hardware/hardware_tests) by extensions ['python_setup_py']
[3.086s] Level 1:colcon.colcon_core.package_identification:_identify(python_resources/qcar/hardware/hardware_tests) by extension 'python_setup_py'
[3.086s] Level 1:colcon.colcon_core.package_identification:_identify(python_resources/qcar/virtual) by extensions ['ignore', 'ignore_ament_install']
[3.086s] Level 1:colcon.colcon_core.package_identification:_identify(python_resources/qcar/virtual) by extension 'ignore'
[3.086s] Level 1:colcon.colcon_core.package_identification:_identify(python_resources/qcar/virtual) by extension 'ignore_ament_install'
[3.086s] Level 1:colcon.colcon_core.package_identification:_identify(python_resources/qcar/virtual) by extensions ['colcon_pkg']
[3.086s] Level 1:colcon.colcon_core.package_identification:_identify(python_resources/qcar/virtual) by extension 'colcon_pkg'
[3.086s] Level 1:colcon.colcon_core.package_identification:_identify(python_resources/qcar/virtual) by extensions ['colcon_meta']
[3.086s] Level 1:colcon.colcon_core.package_identification:_identify(python_resources/qcar/virtual) by extension 'colcon_meta'
[3.086s] Level 1:colcon.colcon_core.package_identification:_identify(python_resources/qcar/virtual) by extensions ['ros']
[3.086s] Level 1:colcon.colcon_core.package_identification:_identify(python_resources/qcar/virtual) by extension 'ros'
[3.086s] Level 1:colcon.colcon_core.package_identification:_identify(python_resources/qcar/virtual) by extensions ['cmake', 'python']
[3.086s] Level 1:colcon.colcon_core.package_identification:_identify(python_resources/qcar/virtual) by extension 'cmake'
[3.086s] Level 1:colcon.colcon_core.package_identification:_identify(python_resources/qcar/virtual) by extension 'python'
[3.086s] Level 1:colcon.colcon_core.package_identification:_identify(python_resources/qcar/virtual) by extensions ['python_setup_py']
[3.086s] Level 1:colcon.colcon_core.package_identification:_identify(python_resources/qcar/virtual) by extension 'python_setup_py'
[3.086s] Level 1:colcon.colcon_core.package_identification:_identify(python_resources/qcar/virtual/applications) by extensions ['ignore', 'ignore_ament_install']
[3.086s] Level 1:colcon.colcon_core.package_identification:_identify(python_resources/qcar/virtual/applications) by extension 'ignore'
[3.086s] Level 1:colcon.colcon_core.package_identification:_identify(python_resources/qcar/virtual/applications) by extension 'ignore_ament_install'
[3.086s] Level 1:colcon.colcon_core.package_identification:_identify(python_resources/qcar/virtual/applications) by extensions ['colcon_pkg']
[3.086s] Level 1:colcon.colcon_core.package_identification:_identify(python_resources/qcar/virtual/applications) by extension 'colcon_pkg'
[3.087s] Level 1:colcon.colcon_core.package_identification:_identify(python_resources/qcar/virtual/applications) by extensions ['colcon_meta']
[3.087s] Level 1:colcon.colcon_core.package_identification:_identify(python_resources/qcar/virtual/applications) by extension 'colcon_meta'
[3.087s] Level 1:colcon.colcon_core.package_identification:_identify(python_resources/qcar/virtual/applications) by extensions ['ros']
[3.087s] Level 1:colcon.colcon_core.package_identification:_identify(python_resources/qcar/virtual/applications) by extension 'ros'
[3.087s] Level 1:colcon.colcon_core.package_identification:_identify(python_resources/qcar/virtual/applications) by extensions ['cmake', 'python']
[3.087s] Level 1:colcon.colcon_core.package_identification:_identify(python_resources/qcar/virtual/applications) by extension 'cmake'
[3.087s] Level 1:colcon.colcon_core.package_identification:_identify(python_resources/qcar/virtual/applications) by extension 'python'
[3.087s] Level 1:colcon.colcon_core.package_identification:_identify(python_resources/qcar/virtual/applications) by extensions ['python_setup_py']
[3.087s] Level 1:colcon.colcon_core.package_identification:_identify(python_resources/qcar/virtual/applications) by extension 'python_setup_py'
[3.087s] Level 1:colcon.colcon_core.package_identification:_identify(python_resources/qcar/virtual/applications/360_vision) by extensions ['ignore', 'ignore_ament_install']
[3.087s] Level 1:colcon.colcon_core.package_identification:_identify(python_resources/qcar/virtual/applications/360_vision) by extension 'ignore'
[3.087s] Level 1:colcon.colcon_core.package_identification:_identify(python_resources/qcar/virtual/applications/360_vision) by extension 'ignore_ament_install'
[3.087s] Level 1:colcon.colcon_core.package_identification:_identify(python_resources/qcar/virtual/applications/360_vision) by extensions ['colcon_pkg']
[3.087s] Level 1:colcon.colcon_core.package_identification:_identify(python_resources/qcar/virtual/applications/360_vision) by extension 'colcon_pkg'
[3.087s] Level 1:colcon.colcon_core.package_identification:_identify(python_resources/qcar/virtual/applications/360_vision) by extensions ['colcon_meta']
[3.087s] Level 1:colcon.colcon_core.package_identification:_identify(python_resources/qcar/virtual/applications/360_vision) by extension 'colcon_meta'
[3.087s] Level 1:colcon.colcon_core.package_identification:_identify(python_resources/qcar/virtual/applications/360_vision) by extensions ['ros']
[3.087s] Level 1:colcon.colcon_core.package_identification:_identify(python_resources/qcar/virtual/applications/360_vision) by extension 'ros'
[3.087s] Level 1:colcon.colcon_core.package_identification:_identify(python_resources/qcar/virtual/applications/360_vision) by extensions ['cmake', 'python']
[3.087s] Level 1:colcon.colcon_core.package_identification:_identify(python_resources/qcar/virtual/applications/360_vision) by extension 'cmake'
[3.087s] Level 1:colcon.colcon_core.package_identification:_identify(python_resources/qcar/virtual/applications/360_vision) by extension 'python'
[3.087s] Level 1:colcon.colcon_core.package_identification:_identify(python_resources/qcar/virtual/applications/360_vision) by extensions ['python_setup_py']
[3.087s] Level 1:colcon.colcon_core.package_identification:_identify(python_resources/qcar/virtual/applications/360_vision) by extension 'python_setup_py'
[3.087s] Level 1:colcon.colcon_core.package_identification:_identify(python_resources/qcar/virtual/applications/lane_following) by extensions ['ignore', 'ignore_ament_install']
[3.087s] Level 1:colcon.colcon_core.package_identification:_identify(python_resources/qcar/virtual/applications/lane_following) by extension 'ignore'
[3.087s] Level 1:colcon.colcon_core.package_identification:_identify(python_resources/qcar/virtual/applications/lane_following) by extension 'ignore_ament_install'
[3.087s] Level 1:colcon.colcon_core.package_identification:_identify(python_resources/qcar/virtual/applications/lane_following) by extensions ['colcon_pkg']
[3.087s] Level 1:colcon.colcon_core.package_identification:_identify(python_resources/qcar/virtual/applications/lane_following) by extension 'colcon_pkg'
[3.087s] Level 1:colcon.colcon_core.package_identification:_identify(python_resources/qcar/virtual/applications/lane_following) by extensions ['colcon_meta']
[3.087s] Level 1:colcon.colcon_core.package_identification:_identify(python_resources/qcar/virtual/applications/lane_following) by extension 'colcon_meta'
[3.087s] Level 1:colcon.colcon_core.package_identification:_identify(python_resources/qcar/virtual/applications/lane_following) by extensions ['ros']
[3.087s] Level 1:colcon.colcon_core.package_identification:_identify(python_resources/qcar/virtual/applications/lane_following) by extension 'ros'
[3.087s] Level 1:colcon.colcon_core.package_identification:_identify(python_resources/qcar/virtual/applications/lane_following) by extensions ['cmake', 'python']
[3.087s] Level 1:colcon.colcon_core.package_identification:_identify(python_resources/qcar/virtual/applications/lane_following) by extension 'cmake'
[3.088s] Level 1:colcon.colcon_core.package_identification:_identify(python_resources/qcar/virtual/applications/lane_following) by extension 'python'
[3.088s] Level 1:colcon.colcon_core.package_identification:_identify(python_resources/qcar/virtual/applications/lane_following) by extensions ['python_setup_py']
[3.088s] Level 1:colcon.colcon_core.package_identification:_identify(python_resources/qcar/virtual/applications/lane_following) by extension 'python_setup_py'
[3.088s] Level 1:colcon.colcon_core.package_identification:_identify(python_resources/qcar/virtual/applications/manual_drive) by extensions ['ignore', 'ignore_ament_install']
[3.088s] Level 1:colcon.colcon_core.package_identification:_identify(python_resources/qcar/virtual/applications/manual_drive) by extension 'ignore'
[3.088s] Level 1:colcon.colcon_core.package_identification:_identify(python_resources/qcar/virtual/applications/manual_drive) by extension 'ignore_ament_install'
[3.088s] Level 1:colcon.colcon_core.package_identification:_identify(python_resources/qcar/virtual/applications/manual_drive) by extensions ['colcon_pkg']
[3.088s] Level 1:colcon.colcon_core.package_identification:_identify(python_resources/qcar/virtual/applications/manual_drive) by extension 'colcon_pkg'
[3.088s] Level 1:colcon.colcon_core.package_identification:_identify(python_resources/qcar/virtual/applications/manual_drive) by extensions ['colcon_meta']
[3.088s] Level 1:colcon.colcon_core.package_identification:_identify(python_resources/qcar/virtual/applications/manual_drive) by extension 'colcon_meta'
[3.088s] Level 1:colcon.colcon_core.package_identification:_identify(python_resources/qcar/virtual/applications/manual_drive) by extensions ['ros']
[3.088s] Level 1:colcon.colcon_core.package_identification:_identify(python_resources/qcar/virtual/applications/manual_drive) by extension 'ros'
[3.088s] Level 1:colcon.colcon_core.package_identification:_identify(python_resources/qcar/virtual/applications/manual_drive) by extensions ['cmake', 'python']
[3.088s] Level 1:colcon.colcon_core.package_identification:_identify(python_resources/qcar/virtual/applications/manual_drive) by extension 'cmake'
[3.088s] Level 1:colcon.colcon_core.package_identification:_identify(python_resources/qcar/virtual/applications/manual_drive) by extension 'python'
[3.088s] Level 1:colcon.colcon_core.package_identification:_identify(python_resources/qcar/virtual/applications/manual_drive) by extensions ['python_setup_py']
[3.088s] Level 1:colcon.colcon_core.package_identification:_identify(python_resources/qcar/virtual/applications/manual_drive) by extension 'python_setup_py'
[3.088s] Level 1:colcon.colcon_core.package_identification:_identify(python_resources/qcar/virtual/applications/point_cloud_generation) by extensions ['ignore', 'ignore_ament_install']
[3.089s] Level 1:colcon.colcon_core.package_identification:_identify(python_resources/qcar/virtual/applications/point_cloud_generation) by extension 'ignore'
[3.089s] Level 1:colcon.colcon_core.package_identification:_identify(python_resources/qcar/virtual/applications/point_cloud_generation) by extension 'ignore_ament_install'
[3.089s] Level 1:colcon.colcon_core.package_identification:_identify(python_resources/qcar/virtual/applications/point_cloud_generation) by extensions ['colcon_pkg']
[3.089s] Level 1:colcon.colcon_core.package_identification:_identify(python_resources/qcar/virtual/applications/point_cloud_generation) by extension 'colcon_pkg'
[3.089s] Level 1:colcon.colcon_core.package_identification:_identify(python_resources/qcar/virtual/applications/point_cloud_generation) by extensions ['colcon_meta']
[3.089s] Level 1:colcon.colcon_core.package_identification:_identify(python_resources/qcar/virtual/applications/point_cloud_generation) by extension 'colcon_meta'
[3.089s] Level 1:colcon.colcon_core.package_identification:_identify(python_resources/qcar/virtual/applications/point_cloud_generation) by extensions ['ros']
[3.089s] Level 1:colcon.colcon_core.package_identification:_identify(python_resources/qcar/virtual/applications/point_cloud_generation) by extension 'ros'
[3.089s] Level 1:colcon.colcon_core.package_identification:_identify(python_resources/qcar/virtual/applications/point_cloud_generation) by extensions ['cmake', 'python']
[3.089s] Level 1:colcon.colcon_core.package_identification:_identify(python_resources/qcar/virtual/applications/point_cloud_generation) by extension 'cmake'
[3.089s] Level 1:colcon.colcon_core.package_identification:_identify(python_resources/qcar/virtual/applications/point_cloud_generation) by extension 'python'
[3.089s] Level 1:colcon.colcon_core.package_identification:_identify(python_resources/qcar/virtual/applications/point_cloud_generation) by extensions ['python_setup_py']
[3.089s] Level 1:colcon.colcon_core.package_identification:_identify(python_resources/qcar/virtual/applications/point_cloud_generation) by extension 'python_setup_py'
[3.089s] Level 1:colcon.colcon_core.package_identification:_identify(python_resources/qcar/virtual/applications/rgbd_imaging) by extensions ['ignore', 'ignore_ament_install']
[3.089s] Level 1:colcon.colcon_core.package_identification:_identify(python_resources/qcar/virtual/applications/rgbd_imaging) by extension 'ignore'
[3.089s] Level 1:colcon.colcon_core.package_identification:_identify(python_resources/qcar/virtual/applications/rgbd_imaging) by extension 'ignore_ament_install'
[3.089s] Level 1:colcon.colcon_core.package_identification:_identify(python_resources/qcar/virtual/applications/rgbd_imaging) by extensions ['colcon_pkg']
[3.089s] Level 1:colcon.colcon_core.package_identification:_identify(python_resources/qcar/virtual/applications/rgbd_imaging) by extension 'colcon_pkg'
[3.089s] Level 1:colcon.colcon_core.package_identification:_identify(python_resources/qcar/virtual/applications/rgbd_imaging) by extensions ['colcon_meta']
[3.089s] Level 1:colcon.colcon_core.package_identification:_identify(python_resources/qcar/virtual/applications/rgbd_imaging) by extension 'colcon_meta'
[3.089s] Level 1:colcon.colcon_core.package_identification:_identify(python_resources/qcar/virtual/applications/rgbd_imaging) by extensions ['ros']
[3.089s] Level 1:colcon.colcon_core.package_identification:_identify(python_resources/qcar/virtual/applications/rgbd_imaging) by extension 'ros'
[3.090s] Level 1:colcon.colcon_core.package_identification:_identify(python_resources/qcar/virtual/applications/rgbd_imaging) by extensions ['cmake', 'python']
[3.090s] Level 1:colcon.colcon_core.package_identification:_identify(python_resources/qcar/virtual/applications/rgbd_imaging) by extension 'cmake'
[3.090s] Level 1:colcon.colcon_core.package_identification:_identify(python_resources/qcar/virtual/applications/rgbd_imaging) by extension 'python'
[3.090s] Level 1:colcon.colcon_core.package_identification:_identify(python_resources/qcar/virtual/applications/rgbd_imaging) by extensions ['python_setup_py']
[3.090s] Level 1:colcon.colcon_core.package_identification:_identify(python_resources/qcar/virtual/applications/rgbd_imaging) by extension 'python_setup_py'
[3.090s] Level 1:colcon.colcon_core.package_identification:_identify(python_resources/qcar/virtual/hardware_tests) by extensions ['ignore', 'ignore_ament_install']
[3.090s] Level 1:colcon.colcon_core.package_identification:_identify(python_resources/qcar/virtual/hardware_tests) by extension 'ignore'
[3.090s] Level 1:colcon.colcon_core.package_identification:_identify(python_resources/qcar/virtual/hardware_tests) by extension 'ignore_ament_install'
[3.090s] Level 1:colcon.colcon_core.package_identification:_identify(python_resources/qcar/virtual/hardware_tests) by extensions ['colcon_pkg']
[3.090s] Level 1:colcon.colcon_core.package_identification:_identify(python_resources/qcar/virtual/hardware_tests) by extension 'colcon_pkg'
[3.090s] Level 1:colcon.colcon_core.package_identification:_identify(python_resources/qcar/virtual/hardware_tests) by extensions ['colcon_meta']
[3.090s] Level 1:colcon.colcon_core.package_identification:_identify(python_resources/qcar/virtual/hardware_tests) by extension 'colcon_meta'
[3.090s] Level 1:colcon.colcon_core.package_identification:_identify(python_resources/qcar/virtual/hardware_tests) by extensions ['ros']
[3.090s] Level 1:colcon.colcon_core.package_identification:_identify(python_resources/qcar/virtual/hardware_tests) by extension 'ros'
[3.090s] Level 1:colcon.colcon_core.package_identification:_identify(python_resources/qcar/virtual/hardware_tests) by extensions ['cmake', 'python']
[3.090s] Level 1:colcon.colcon_core.package_identification:_identify(python_resources/qcar/virtual/hardware_tests) by extension 'cmake'
[3.090s] Level 1:colcon.colcon_core.package_identification:_identify(python_resources/qcar/virtual/hardware_tests) by extension 'python'
[3.090s] Level 1:colcon.colcon_core.package_identification:_identify(python_resources/qcar/virtual/hardware_tests) by extensions ['python_setup_py']
[3.090s] Level 1:colcon.colcon_core.package_identification:_identify(python_resources/qcar/virtual/hardware_tests) by extension 'python_setup_py'
[3.091s] Level 1:colcon.colcon_core.package_identification:_identify(python_resources/qcar2) by extensions ['ignore', 'ignore_ament_install']
[3.091s] Level 1:colcon.colcon_core.package_identification:_identify(python_resources/qcar2) by extension 'ignore'
[3.091s] Level 1:colcon.colcon_core.package_identification:_identify(python_resources/qcar2) by extension 'ignore_ament_install'
[3.091s] Level 1:colcon.colcon_core.package_identification:_identify(python_resources/qcar2) by extensions ['colcon_pkg']
[3.091s] Level 1:colcon.colcon_core.package_identification:_identify(python_resources/qcar2) by extension 'colcon_pkg'
[3.091s] Level 1:colcon.colcon_core.package_identification:_identify(python_resources/qcar2) by extensions ['colcon_meta']
[3.091s] Level 1:colcon.colcon_core.package_identification:_identify(python_resources/qcar2) by extension 'colcon_meta'
[3.091s] Level 1:colcon.colcon_core.package_identification:_identify(python_resources/qcar2) by extensions ['ros']
[3.091s] Level 1:colcon.colcon_core.package_identification:_identify(python_resources/qcar2) by extension 'ros'
[3.091s] Level 1:colcon.colcon_core.package_identification:_identify(python_resources/qcar2) by extensions ['cmake', 'python']
[3.091s] Level 1:colcon.colcon_core.package_identification:_identify(python_resources/qcar2) by extension 'cmake'
[3.091s] Level 1:colcon.colcon_core.package_identification:_identify(python_resources/qcar2) by extension 'python'
[3.091s] Level 1:colcon.colcon_core.package_identification:_identify(python_resources/qcar2) by extensions ['python_setup_py']
[3.091s] Level 1:colcon.colcon_core.package_identification:_identify(python_resources/qcar2) by extension 'python_setup_py'
[3.091s] Level 1:colcon.colcon_core.package_identification:_identify(python_resources/qcar2/autoware) by extensions ['ignore', 'ignore_ament_install']
[3.091s] Level 1:colcon.colcon_core.package_identification:_identify(python_resources/qcar2/autoware) by extension 'ignore'
[3.092s] Level 1:colcon.colcon_core.package_identification:_identify(python_resources/qcar2/autoware) by extension 'ignore_ament_install'
[3.092s] Level 1:colcon.colcon_core.package_identification:_identify(python_resources/qcar2/autoware) by extensions ['colcon_pkg']
[3.092s] Level 1:colcon.colcon_core.package_identification:_identify(python_resources/qcar2/autoware) by extension 'colcon_pkg'
[3.092s] Level 1:colcon.colcon_core.package_identification:_identify(python_resources/qcar2/autoware) by extensions ['colcon_meta']
[3.092s] Level 1:colcon.colcon_core.package_identification:_identify(python_resources/qcar2/autoware) by extension 'colcon_meta'
[3.092s] Level 1:colcon.colcon_core.package_identification:_identify(python_resources/qcar2/autoware) by extensions ['ros']
[3.092s] Level 1:colcon.colcon_core.package_identification:_identify(python_resources/qcar2/autoware) by extension 'ros'
[3.092s] Level 1:colcon.colcon_core.package_identification:_identify(python_resources/qcar2/autoware) by extensions ['cmake', 'python']
[3.092s] Level 1:colcon.colcon_core.package_identification:_identify(python_resources/qcar2/autoware) by extension 'cmake'
[3.092s] Level 1:colcon.colcon_core.package_identification:_identify(python_resources/qcar2/autoware) by extension 'python'
[3.092s] Level 1:colcon.colcon_core.package_identification:_identify(python_resources/qcar2/autoware) by extensions ['python_setup_py']
[3.092s] Level 1:colcon.colcon_core.package_identification:_identify(python_resources/qcar2/autoware) by extension 'python_setup_py'
[3.092s] Level 1:colcon.colcon_core.package_identification:_identify(python_resources/qcar2/hardware) by extensions ['ignore', 'ignore_ament_install']
[3.092s] Level 1:colcon.colcon_core.package_identification:_identify(python_resources/qcar2/hardware) by extension 'ignore'
[3.093s] Level 1:colcon.colcon_core.package_identification:_identify(python_resources/qcar2/hardware) by extension 'ignore_ament_install'
[3.093s] Level 1:colcon.colcon_core.package_identification:_identify(python_resources/qcar2/hardware) by extensions ['colcon_pkg']
[3.093s] Level 1:colcon.colcon_core.package_identification:_identify(python_resources/qcar2/hardware) by extension 'colcon_pkg'
[3.093s] Level 1:colcon.colcon_core.package_identification:_identify(python_resources/qcar2/hardware) by extensions ['colcon_meta']
[3.093s] Level 1:colcon.colcon_core.package_identification:_identify(python_resources/qcar2/hardware) by extension 'colcon_meta'
[3.093s] Level 1:colcon.colcon_core.package_identification:_identify(python_resources/qcar2/hardware) by extensions ['ros']
[3.093s] Level 1:colcon.colcon_core.package_identification:_identify(python_resources/qcar2/hardware) by extension 'ros'
[3.093s] Level 1:colcon.colcon_core.package_identification:_identify(python_resources/qcar2/hardware) by extensions ['cmake', 'python']
[3.093s] Level 1:colcon.colcon_core.package_identification:_identify(python_resources/qcar2/hardware) by extension 'cmake'
[3.093s] Level 1:colcon.colcon_core.package_identification:_identify(python_resources/qcar2/hardware) by extension 'python'
[3.093s] Level 1:colcon.colcon_core.package_identification:_identify(python_resources/qcar2/hardware) by extensions ['python_setup_py']
[3.093s] Level 1:colcon.colcon_core.package_identification:_identify(python_resources/qcar2/hardware) by extension 'python_setup_py'
[3.093s] Level 1:colcon.colcon_core.package_identification:_identify(python_resources/qcar2/hardware/applications) by extensions ['ignore', 'ignore_ament_install']
[3.093s] Level 1:colcon.colcon_core.package_identification:_identify(python_resources/qcar2/hardware/applications) by extension 'ignore'
[3.093s] Level 1:colcon.colcon_core.package_identification:_identify(python_resources/qcar2/hardware/applications) by extension 'ignore_ament_install'
[3.093s] Level 1:colcon.colcon_core.package_identification:_identify(python_resources/qcar2/hardware/applications) by extensions ['colcon_pkg']
[3.094s] Level 1:colcon.colcon_core.package_identification:_identify(python_resources/qcar2/hardware/applications) by extension 'colcon_pkg'
[3.094s] Level 1:colcon.colcon_core.package_identification:_identify(python_resources/qcar2/hardware/applications) by extensions ['colcon_meta']
[3.094s] Level 1:colcon.colcon_core.package_identification:_identify(python_resources/qcar2/hardware/applications) by extension 'colcon_meta'
[3.094s] Level 1:colcon.colcon_core.package_identification:_identify(python_resources/qcar2/hardware/applications) by extensions ['ros']
[3.094s] Level 1:colcon.colcon_core.package_identification:_identify(python_resources/qcar2/hardware/applications) by extension 'ros'
[3.094s] Level 1:colcon.colcon_core.package_identification:_identify(python_resources/qcar2/hardware/applications) by extensions ['cmake', 'python']
[3.094s] Level 1:colcon.colcon_core.package_identification:_identify(python_resources/qcar2/hardware/applications) by extension 'cmake'
[3.094s] Level 1:colcon.colcon_core.package_identification:_identify(python_resources/qcar2/hardware/applications) by extension 'python'
[3.094s] Level 1:colcon.colcon_core.package_identification:_identify(python_resources/qcar2/hardware/applications) by extensions ['python_setup_py']
[3.094s] Level 1:colcon.colcon_core.package_identification:_identify(python_resources/qcar2/hardware/applications) by extension 'python_setup_py'
[3.094s] Level 1:colcon.colcon_core.package_identification:_identify(python_resources/qcar2/hardware/applications/360_vision) by extensions ['ignore', 'ignore_ament_install']
[3.094s] Level 1:colcon.colcon_core.package_identification:_identify(python_resources/qcar2/hardware/applications/360_vision) by extension 'ignore'
[3.094s] Level 1:colcon.colcon_core.package_identification:_identify(python_resources/qcar2/hardware/applications/360_vision) by extension 'ignore_ament_install'
[3.094s] Level 1:colcon.colcon_core.package_identification:_identify(python_resources/qcar2/hardware/applications/360_vision) by extensions ['colcon_pkg']
[3.094s] Level 1:colcon.colcon_core.package_identification:_identify(python_resources/qcar2/hardware/applications/360_vision) by extension 'colcon_pkg'
[3.094s] Level 1:colcon.colcon_core.package_identification:_identify(python_resources/qcar2/hardware/applications/360_vision) by extensions ['colcon_meta']
[3.094s] Level 1:colcon.colcon_core.package_identification:_identify(python_resources/qcar2/hardware/applications/360_vision) by extension 'colcon_meta'
[3.094s] Level 1:colcon.colcon_core.package_identification:_identify(python_resources/qcar2/hardware/applications/360_vision) by extensions ['ros']
[3.094s] Level 1:colcon.colcon_core.package_identification:_identify(python_resources/qcar2/hardware/applications/360_vision) by extension 'ros'
[3.095s] Level 1:colcon.colcon_core.package_identification:_identify(python_resources/qcar2/hardware/applications/360_vision) by extensions ['cmake', 'python']
[3.095s] Level 1:colcon.colcon_core.package_identification:_identify(python_resources/qcar2/hardware/applications/360_vision) by extension 'cmake'
[3.095s] Level 1:colcon.colcon_core.package_identification:_identify(python_resources/qcar2/hardware/applications/360_vision) by extension 'python'
[3.095s] Level 1:colcon.colcon_core.package_identification:_identify(python_resources/qcar2/hardware/applications/360_vision) by extensions ['python_setup_py']
[3.095s] Level 1:colcon.colcon_core.package_identification:_identify(python_resources/qcar2/hardware/applications/360_vision) by extension 'python_setup_py'
[3.095s] Level 1:colcon.colcon_core.package_identification:_identify(python_resources/qcar2/hardware/applications/lane_following) by extensions ['ignore', 'ignore_ament_install']
[3.095s] Level 1:colcon.colcon_core.package_identification:_identify(python_resources/qcar2/hardware/applications/lane_following) by extension 'ignore'
[3.095s] Level 1:colcon.colcon_core.package_identification:_identify(python_resources/qcar2/hardware/applications/lane_following) by extension 'ignore_ament_install'
[3.095s] Level 1:colcon.colcon_core.package_identification:_identify(python_resources/qcar2/hardware/applications/lane_following) by extensions ['colcon_pkg']
[3.095s] Level 1:colcon.colcon_core.package_identification:_identify(python_resources/qcar2/hardware/applications/lane_following) by extension 'colcon_pkg'
[3.095s] Level 1:colcon.colcon_core.package_identification:_identify(python_resources/qcar2/hardware/applications/lane_following) by extensions ['colcon_meta']
[3.095s] Level 1:colcon.colcon_core.package_identification:_identify(python_resources/qcar2/hardware/applications/lane_following) by extension 'colcon_meta'
[3.095s] Level 1:colcon.colcon_core.package_identification:_identify(python_resources/qcar2/hardware/applications/lane_following) by extensions ['ros']
[3.095s] Level 1:colcon.colcon_core.package_identification:_identify(python_resources/qcar2/hardware/applications/lane_following) by extension 'ros'
[3.095s] Level 1:colcon.colcon_core.package_identification:_identify(python_resources/qcar2/hardware/applications/lane_following) by extensions ['cmake', 'python']
[3.095s] Level 1:colcon.colcon_core.package_identification:_identify(python_resources/qcar2/hardware/applications/lane_following) by extension 'cmake'
[3.095s] Level 1:colcon.colcon_core.package_identification:_identify(python_resources/qcar2/hardware/applications/lane_following) by extension 'python'
[3.095s] Level 1:colcon.colcon_core.package_identification:_identify(python_resources/qcar2/hardware/applications/lane_following) by extensions ['python_setup_py']
[3.095s] Level 1:colcon.colcon_core.package_identification:_identify(python_resources/qcar2/hardware/applications/lane_following) by extension 'python_setup_py'
[3.096s] Level 1:colcon.colcon_core.package_identification:_identify(python_resources/qcar2/hardware/applications/lanenet) by extensions ['ignore', 'ignore_ament_install']
[3.096s] Level 1:colcon.colcon_core.package_identification:_identify(python_resources/qcar2/hardware/applications/lanenet) by extension 'ignore'
[3.096s] Level 1:colcon.colcon_core.package_identification:_identify(python_resources/qcar2/hardware/applications/lanenet) by extension 'ignore_ament_install'
[3.096s] Level 1:colcon.colcon_core.package_identification:_identify(python_resources/qcar2/hardware/applications/lanenet) by extensions ['colcon_pkg']
[3.096s] Level 1:colcon.colcon_core.package_identification:_identify(python_resources/qcar2/hardware/applications/lanenet) by extension 'colcon_pkg'
[3.096s] Level 1:colcon.colcon_core.package_identification:_identify(python_resources/qcar2/hardware/applications/lanenet) by extensions ['colcon_meta']
[3.096s] Level 1:colcon.colcon_core.package_identification:_identify(python_resources/qcar2/hardware/applications/lanenet) by extension 'colcon_meta'
[3.096s] Level 1:colcon.colcon_core.package_identification:_identify(python_resources/qcar2/hardware/applications/lanenet) by extensions ['ros']
[3.096s] Level 1:colcon.colcon_core.package_identification:_identify(python_resources/qcar2/hardware/applications/lanenet) by extension 'ros'
[3.096s] Level 1:colcon.colcon_core.package_identification:_identify(python_resources/qcar2/hardware/applications/lanenet) by extensions ['cmake', 'python']
[3.096s] Level 1:colcon.colcon_core.package_identification:_identify(python_resources/qcar2/hardware/applications/lanenet) by extension 'cmake'
[3.096s] Level 1:colcon.colcon_core.package_identification:_identify(python_resources/qcar2/hardware/applications/lanenet) by extension 'python'
[3.096s] Level 1:colcon.colcon_core.package_identification:_identify(python_resources/qcar2/hardware/applications/lanenet) by extensions ['python_setup_py']
[3.097s] Level 1:colcon.colcon_core.package_identification:_identify(python_resources/qcar2/hardware/applications/lanenet) by extension 'python_setup_py'
[3.098s] Level 1:colcon.colcon_core.package_identification:_identify(python_resources/qcar2/hardware/applications/manual_drive) by extensions ['ignore', 'ignore_ament_install']
[3.098s] Level 1:colcon.colcon_core.package_identification:_identify(python_resources/qcar2/hardware/applications/manual_drive) by extension 'ignore'
[3.098s] Level 1:colcon.colcon_core.package_identification:_identify(python_resources/qcar2/hardware/applications/manual_drive) by extension 'ignore_ament_install'
[3.098s] Level 1:colcon.colcon_core.package_identification:_identify(python_resources/qcar2/hardware/applications/manual_drive) by extensions ['colcon_pkg']
[3.098s] Level 1:colcon.colcon_core.package_identification:_identify(python_resources/qcar2/hardware/applications/manual_drive) by extension 'colcon_pkg'
[3.098s] Level 1:colcon.colcon_core.package_identification:_identify(python_resources/qcar2/hardware/applications/manual_drive) by extensions ['colcon_meta']
[3.098s] Level 1:colcon.colcon_core.package_identification:_identify(python_resources/qcar2/hardware/applications/manual_drive) by extension 'colcon_meta'
[3.098s] Level 1:colcon.colcon_core.package_identification:_identify(python_resources/qcar2/hardware/applications/manual_drive) by extensions ['ros']
[3.098s] Level 1:colcon.colcon_core.package_identification:_identify(python_resources/qcar2/hardware/applications/manual_drive) by extension 'ros'
[3.098s] Level 1:colcon.colcon_core.package_identification:_identify(python_resources/qcar2/hardware/applications/manual_drive) by extensions ['cmake', 'python']
[3.098s] Level 1:colcon.colcon_core.package_identification:_identify(python_resources/qcar2/hardware/applications/manual_drive) by extension 'cmake'
[3.098s] Level 1:colcon.colcon_core.package_identification:_identify(python_resources/qcar2/hardware/applications/manual_drive) by extension 'python'
[3.098s] Level 1:colcon.colcon_core.package_identification:_identify(python_resources/qcar2/hardware/applications/manual_drive) by extensions ['python_setup_py']
[3.098s] Level 1:colcon.colcon_core.package_identification:_identify(python_resources/qcar2/hardware/applications/manual_drive) by extension 'python_setup_py'
[3.099s] Level 1:colcon.colcon_core.package_identification:_identify(python_resources/qcar2/hardware/applications/multi_vehicle_self_driving) by extensions ['ignore', 'ignore_ament_install']
[3.099s] Level 1:colcon.colcon_core.package_identification:_identify(python_resources/qcar2/hardware/applications/multi_vehicle_self_driving) by extension 'ignore'
[3.099s] Level 1:colcon.colcon_core.package_identification:_identify(python_resources/qcar2/hardware/applications/multi_vehicle_self_driving) by extension 'ignore_ament_install'
[3.099s] Level 1:colcon.colcon_core.package_identification:_identify(python_resources/qcar2/hardware/applications/multi_vehicle_self_driving) by extensions ['colcon_pkg']
[3.099s] Level 1:colcon.colcon_core.package_identification:_identify(python_resources/qcar2/hardware/applications/multi_vehicle_self_driving) by extension 'colcon_pkg'
[3.099s] Level 1:colcon.colcon_core.package_identification:_identify(python_resources/qcar2/hardware/applications/multi_vehicle_self_driving) by extensions ['colcon_meta']
[3.099s] Level 1:colcon.colcon_core.package_identification:_identify(python_resources/qcar2/hardware/applications/multi_vehicle_self_driving) by extension 'colcon_meta'
[3.099s] Level 1:colcon.colcon_core.package_identification:_identify(python_resources/qcar2/hardware/applications/multi_vehicle_self_driving) by extensions ['ros']
[3.099s] Level 1:colcon.colcon_core.package_identification:_identify(python_resources/qcar2/hardware/applications/multi_vehicle_self_driving) by extension 'ros'
[3.099s] Level 1:colcon.colcon_core.package_identification:_identify(python_resources/qcar2/hardware/applications/multi_vehicle_self_driving) by extensions ['cmake', 'python']
[3.099s] Level 1:colcon.colcon_core.package_identification:_identify(python_resources/qcar2/hardware/applications/multi_vehicle_self_driving) by extension 'cmake'
[3.099s] Level 1:colcon.colcon_core.package_identification:_identify(python_resources/qcar2/hardware/applications/multi_vehicle_self_driving) by extension 'python'
[3.099s] Level 1:colcon.colcon_core.package_identification:_identify(python_resources/qcar2/hardware/applications/multi_vehicle_self_driving) by extensions ['python_setup_py']
[3.099s] Level 1:colcon.colcon_core.package_identification:_identify(python_resources/qcar2/hardware/applications/multi_vehicle_self_driving) by extension 'python_setup_py'
[3.099s] Level 1:colcon.colcon_core.package_identification:_identify(python_resources/qcar2/hardware/applications/multi_vehicle_self_driving/python) by extensions ['ignore', 'ignore_ament_install']
[3.099s] Level 1:colcon.colcon_core.package_identification:_identify(python_resources/qcar2/hardware/applications/multi_vehicle_self_driving/python) by extension 'ignore'
[3.099s] Level 1:colcon.colcon_core.package_identification:_identify(python_resources/qcar2/hardware/applications/multi_vehicle_self_driving/python) by extension 'ignore_ament_install'
[3.100s] Level 1:colcon.colcon_core.package_identification:_identify(python_resources/qcar2/hardware/applications/multi_vehicle_self_driving/python) by extensions ['colcon_pkg']
[3.100s] Level 1:colcon.colcon_core.package_identification:_identify(python_resources/qcar2/hardware/applications/multi_vehicle_self_driving/python) by extension 'colcon_pkg'
[3.100s] Level 1:colcon.colcon_core.package_identification:_identify(python_resources/qcar2/hardware/applications/multi_vehicle_self_driving/python) by extensions ['colcon_meta']
[3.100s] Level 1:colcon.colcon_core.package_identification:_identify(python_resources/qcar2/hardware/applications/multi_vehicle_self_driving/python) by extension 'colcon_meta'
[3.100s] Level 1:colcon.colcon_core.package_identification:_identify(python_resources/qcar2/hardware/applications/multi_vehicle_self_driving/python) by extensions ['ros']
[3.100s] Level 1:colcon.colcon_core.package_identification:_identify(python_resources/qcar2/hardware/applications/multi_vehicle_self_driving/python) by extension 'ros'
[3.100s] Level 1:colcon.colcon_core.package_identification:_identify(python_resources/qcar2/hardware/applications/multi_vehicle_self_driving/python) by extensions ['cmake', 'python']
[3.100s] Level 1:colcon.colcon_core.package_identification:_identify(python_resources/qcar2/hardware/applications/multi_vehicle_self_driving/python) by extension 'cmake'
[3.100s] Level 1:colcon.colcon_core.package_identification:_identify(python_resources/qcar2/hardware/applications/multi_vehicle_self_driving/python) by extension 'python'
[3.100s] Level 1:colcon.colcon_core.package_identification:_identify(python_resources/qcar2/hardware/applications/multi_vehicle_self_driving/python) by extensions ['python_setup_py']
[3.100s] Level 1:colcon.colcon_core.package_identification:_identify(python_resources/qcar2/hardware/applications/multi_vehicle_self_driving/python) by extension 'python_setup_py'
[3.100s] Level 1:colcon.colcon_core.package_identification:_identify(python_resources/qcar2/hardware/applications/multi_vehicle_self_driving/qcar) by extensions ['ignore', 'ignore_ament_install']
[3.100s] Level 1:colcon.colcon_core.package_identification:_identify(python_resources/qcar2/hardware/applications/multi_vehicle_self_driving/qcar) by extension 'ignore'
[3.100s] Level 1:colcon.colcon_core.package_identification:_identify(python_resources/qcar2/hardware/applications/multi_vehicle_self_driving/qcar) by extension 'ignore_ament_install'
[3.100s] Level 1:colcon.colcon_core.package_identification:_identify(python_resources/qcar2/hardware/applications/multi_vehicle_self_driving/qcar) by extensions ['colcon_pkg']
[3.100s] Level 1:colcon.colcon_core.package_identification:_identify(python_resources/qcar2/hardware/applications/multi_vehicle_self_driving/qcar) by extension 'colcon_pkg'
[3.100s] Level 1:colcon.colcon_core.package_identification:_identify(python_resources/qcar2/hardware/applications/multi_vehicle_self_driving/qcar) by extensions ['colcon_meta']
[3.100s] Level 1:colcon.colcon_core.package_identification:_identify(python_resources/qcar2/hardware/applications/multi_vehicle_self_driving/qcar) by extension 'colcon_meta'
[3.101s] Level 1:colcon.colcon_core.package_identification:_identify(python_resources/qcar2/hardware/applications/multi_vehicle_self_driving/qcar) by extensions ['ros']
[3.102s] Level 1:colcon.colcon_core.package_identification:_identify(python_resources/qcar2/hardware/applications/multi_vehicle_self_driving/qcar) by extension 'ros'
[3.102s] Level 1:colcon.colcon_core.package_identification:_identify(python_resources/qcar2/hardware/applications/multi_vehicle_self_driving/qcar) by extensions ['cmake', 'python']
[3.102s] Level 1:colcon.colcon_core.package_identification:_identify(python_resources/qcar2/hardware/applications/multi_vehicle_self_driving/qcar) by extension 'cmake'
[3.102s] Level 1:colcon.colcon_core.package_identification:_identify(python_resources/qcar2/hardware/applications/multi_vehicle_self_driving/qcar) by extension 'python'
[3.102s] Level 1:colcon.colcon_core.package_identification:_identify(python_resources/qcar2/hardware/applications/multi_vehicle_self_driving/qcar) by extensions ['python_setup_py']
[3.102s] Level 1:colcon.colcon_core.package_identification:_identify(python_resources/qcar2/hardware/applications/multi_vehicle_self_driving/qcar) by extension 'python_setup_py'
[3.102s] Level 1:colcon.colcon_core.package_identification:_identify(python_resources/qcar2/hardware/applications/multi_vehicle_self_driving/reference_scan) by extensions ['ignore', 'ignore_ament_install']
[3.102s] Level 1:colcon.colcon_core.package_identification:_identify(python_resources/qcar2/hardware/applications/multi_vehicle_self_driving/reference_scan) by extension 'ignore'
[3.102s] Level 1:colcon.colcon_core.package_identification:_identify(python_resources/qcar2/hardware/applications/multi_vehicle_self_driving/reference_scan) by extension 'ignore_ament_install'
[3.102s] Level 1:colcon.colcon_core.package_identification:_identify(python_resources/qcar2/hardware/applications/multi_vehicle_self_driving/reference_scan) by extensions ['colcon_pkg']
[3.102s] Level 1:colcon.colcon_core.package_identification:_identify(python_resources/qcar2/hardware/applications/multi_vehicle_self_driving/reference_scan) by extension 'colcon_pkg'
[3.102s] Level 1:colcon.colcon_core.package_identification:_identify(python_resources/qcar2/hardware/applications/multi_vehicle_self_driving/reference_scan) by extensions ['colcon_meta']
[3.102s] Level 1:colcon.colcon_core.package_identification:_identify(python_resources/qcar2/hardware/applications/multi_vehicle_self_driving/reference_scan) by extension 'colcon_meta'
[3.102s] Level 1:colcon.colcon_core.package_identification:_identify(python_resources/qcar2/hardware/applications/multi_vehicle_self_driving/reference_scan) by extensions ['ros']
[3.102s] Level 1:colcon.colcon_core.package_identification:_identify(python_resources/qcar2/hardware/applications/multi_vehicle_self_driving/reference_scan) by extension 'ros'
[3.102s] Level 1:colcon.colcon_core.package_identification:_identify(python_resources/qcar2/hardware/applications/multi_vehicle_self_driving/reference_scan) by extensions ['cmake', 'python']
[3.102s] Level 1:colcon.colcon_core.package_identification:_identify(python_resources/qcar2/hardware/applications/multi_vehicle_self_driving/reference_scan) by extension 'cmake'
[3.102s] Level 1:colcon.colcon_core.package_identification:_identify(python_resources/qcar2/hardware/applications/multi_vehicle_self_driving/reference_scan) by extension 'python'
[3.102s] Level 1:colcon.colcon_core.package_identification:_identify(python_resources/qcar2/hardware/applications/multi_vehicle_self_driving/reference_scan) by extensions ['python_setup_py']
[3.102s] Level 1:colcon.colcon_core.package_identification:_identify(python_resources/qcar2/hardware/applications/multi_vehicle_self_driving/reference_scan) by extension 'python_setup_py'
[3.102s] Level 1:colcon.colcon_core.package_identification:_identify(python_resources/qcar2/hardware/applications/point_cloud_generation) by extensions ['ignore', 'ignore_ament_install']
[3.103s] Level 1:colcon.colcon_core.package_identification:_identify(python_resources/qcar2/hardware/applications/point_cloud_generation) by extension 'ignore'
[3.103s] Level 1:colcon.colcon_core.package_identification:_identify(python_resources/qcar2/hardware/applications/point_cloud_generation) by extension 'ignore_ament_install'
[3.103s] Level 1:colcon.colcon_core.package_identification:_identify(python_resources/qcar2/hardware/applications/point_cloud_generation) by extensions ['colcon_pkg']
[3.103s] Level 1:colcon.colcon_core.package_identification:_identify(python_resources/qcar2/hardware/applications/point_cloud_generation) by extension 'colcon_pkg'
[3.103s] Level 1:colcon.colcon_core.package_identification:_identify(python_resources/qcar2/hardware/applications/point_cloud_generation) by extensions ['colcon_meta']
[3.103s] Level 1:colcon.colcon_core.package_identification:_identify(python_resources/qcar2/hardware/applications/point_cloud_generation) by extension 'colcon_meta'
[3.103s] Level 1:colcon.colcon_core.package_identification:_identify(python_resources/qcar2/hardware/applications/point_cloud_generation) by extensions ['ros']
[3.103s] Level 1:colcon.colcon_core.package_identification:_identify(python_resources/qcar2/hardware/applications/point_cloud_generation) by extension 'ros'
[3.103s] Level 1:colcon.colcon_core.package_identification:_identify(python_resources/qcar2/hardware/applications/point_cloud_generation) by extensions ['cmake', 'python']
[3.103s] Level 1:colcon.colcon_core.package_identification:_identify(python_resources/qcar2/hardware/applications/point_cloud_generation) by extension 'cmake'
[3.103s] Level 1:colcon.colcon_core.package_identification:_identify(python_resources/qcar2/hardware/applications/point_cloud_generation) by extension 'python'
[3.103s] Level 1:colcon.colcon_core.package_identification:_identify(python_resources/qcar2/hardware/applications/point_cloud_generation) by extensions ['python_setup_py']
[3.103s] Level 1:colcon.colcon_core.package_identification:_identify(python_resources/qcar2/hardware/applications/point_cloud_generation) by extension 'python_setup_py'
[3.103s] Level 1:colcon.colcon_core.package_identification:_identify(python_resources/qcar2/hardware/applications/rgbd_imaging) by extensions ['ignore', 'ignore_ament_install']
[3.103s] Level 1:colcon.colcon_core.package_identification:_identify(python_resources/qcar2/hardware/applications/rgbd_imaging) by extension 'ignore'
[3.103s] Level 1:colcon.colcon_core.package_identification:_identify(python_resources/qcar2/hardware/applications/rgbd_imaging) by extension 'ignore_ament_install'
[3.103s] Level 1:colcon.colcon_core.package_identification:_identify(python_resources/qcar2/hardware/applications/rgbd_imaging) by extensions ['colcon_pkg']
[3.103s] Level 1:colcon.colcon_core.package_identification:_identify(python_resources/qcar2/hardware/applications/rgbd_imaging) by extension 'colcon_pkg'
[3.103s] Level 1:colcon.colcon_core.package_identification:_identify(python_resources/qcar2/hardware/applications/rgbd_imaging) by extensions ['colcon_meta']
[3.103s] Level 1:colcon.colcon_core.package_identification:_identify(python_resources/qcar2/hardware/applications/rgbd_imaging) by extension 'colcon_meta'
[3.103s] Level 1:colcon.colcon_core.package_identification:_identify(python_resources/qcar2/hardware/applications/rgbd_imaging) by extensions ['ros']
[3.103s] Level 1:colcon.colcon_core.package_identification:_identify(python_resources/qcar2/hardware/applications/rgbd_imaging) by extension 'ros'
[3.103s] Level 1:colcon.colcon_core.package_identification:_identify(python_resources/qcar2/hardware/applications/rgbd_imaging) by extensions ['cmake', 'python']
[3.103s] Level 1:colcon.colcon_core.package_identification:_identify(python_resources/qcar2/hardware/applications/rgbd_imaging) by extension 'cmake'
[3.103s] Level 1:colcon.colcon_core.package_identification:_identify(python_resources/qcar2/hardware/applications/rgbd_imaging) by extension 'python'
[3.103s] Level 1:colcon.colcon_core.package_identification:_identify(python_resources/qcar2/hardware/applications/rgbd_imaging) by extensions ['python_setup_py']
[3.103s] Level 1:colcon.colcon_core.package_identification:_identify(python_resources/qcar2/hardware/applications/rgbd_imaging) by extension 'python_setup_py'
[3.104s] Level 1:colcon.colcon_core.package_identification:_identify(python_resources/qcar2/hardware/applications/yolo) by extensions ['ignore', 'ignore_ament_install']
[3.104s] Level 1:colcon.colcon_core.package_identification:_identify(python_resources/qcar2/hardware/applications/yolo) by extension 'ignore'
[3.104s] Level 1:colcon.colcon_core.package_identification:_identify(python_resources/qcar2/hardware/applications/yolo) by extension 'ignore_ament_install'
[3.104s] Level 1:colcon.colcon_core.package_identification:_identify(python_resources/qcar2/hardware/applications/yolo) by extensions ['colcon_pkg']
[3.104s] Level 1:colcon.colcon_core.package_identification:_identify(python_resources/qcar2/hardware/applications/yolo) by extension 'colcon_pkg'
[3.104s] Level 1:colcon.colcon_core.package_identification:_identify(python_resources/qcar2/hardware/applications/yolo) by extensions ['colcon_meta']
[3.104s] Level 1:colcon.colcon_core.package_identification:_identify(python_resources/qcar2/hardware/applications/yolo) by extension 'colcon_meta'
[3.104s] Level 1:colcon.colcon_core.package_identification:_identify(python_resources/qcar2/hardware/applications/yolo) by extensions ['ros']
[3.104s] Level 1:colcon.colcon_core.package_identification:_identify(python_resources/qcar2/hardware/applications/yolo) by extension 'ros'
[3.104s] Level 1:colcon.colcon_core.package_identification:_identify(python_resources/qcar2/hardware/applications/yolo) by extensions ['cmake', 'python']
[3.104s] Level 1:colcon.colcon_core.package_identification:_identify(python_resources/qcar2/hardware/applications/yolo) by extension 'cmake'
[3.104s] Level 1:colcon.colcon_core.package_identification:_identify(python_resources/qcar2/hardware/applications/yolo) by extension 'python'
[3.104s] Level 1:colcon.colcon_core.package_identification:_identify(python_resources/qcar2/hardware/applications/yolo) by extensions ['python_setup_py']
[3.104s] Level 1:colcon.colcon_core.package_identification:_identify(python_resources/qcar2/hardware/applications/yolo) by extension 'python_setup_py'
[3.104s] Level 1:colcon.colcon_core.package_identification:_identify(python_resources/qcar2/hardware/hardware_tests) by extensions ['ignore', 'ignore_ament_install']
[3.104s] Level 1:colcon.colcon_core.package_identification:_identify(python_resources/qcar2/hardware/hardware_tests) by extension 'ignore'
[3.104s] Level 1:colcon.colcon_core.package_identification:_identify(python_resources/qcar2/hardware/hardware_tests) by extension 'ignore_ament_install'
[3.105s] Level 1:colcon.colcon_core.package_identification:_identify(python_resources/qcar2/hardware/hardware_tests) by extensions ['colcon_pkg']
[3.105s] Level 1:colcon.colcon_core.package_identification:_identify(python_resources/qcar2/hardware/hardware_tests) by extension 'colcon_pkg'
[3.105s] Level 1:colcon.colcon_core.package_identification:_identify(python_resources/qcar2/hardware/hardware_tests) by extensions ['colcon_meta']
[3.105s] Level 1:colcon.colcon_core.package_identification:_identify(python_resources/qcar2/hardware/hardware_tests) by extension 'colcon_meta'
[3.105s] Level 1:colcon.colcon_core.package_identification:_identify(python_resources/qcar2/hardware/hardware_tests) by extensions ['ros']
[3.105s] Level 1:colcon.colcon_core.package_identification:_identify(python_resources/qcar2/hardware/hardware_tests) by extension 'ros'
[3.105s] Level 1:colcon.colcon_core.package_identification:_identify(python_resources/qcar2/hardware/hardware_tests) by extensions ['cmake', 'python']
[3.105s] Level 1:colcon.colcon_core.package_identification:_identify(python_resources/qcar2/hardware/hardware_tests) by extension 'cmake'
[3.105s] Level 1:colcon.colcon_core.package_identification:_identify(python_resources/qcar2/hardware/hardware_tests) by extension 'python'
[3.105s] Level 1:colcon.colcon_core.package_identification:_identify(python_resources/qcar2/hardware/hardware_tests) by extensions ['python_setup_py']
[3.105s] Level 1:colcon.colcon_core.package_identification:_identify(python_resources/qcar2/hardware/hardware_tests) by extension 'python_setup_py'
[3.105s] Level 1:colcon.colcon_core.package_identification:_identify(python_resources/qcar2/virtual) by extensions ['ignore', 'ignore_ament_install']
[3.105s] Level 1:colcon.colcon_core.package_identification:_identify(python_resources/qcar2/virtual) by extension 'ignore'
[3.105s] Level 1:colcon.colcon_core.package_identification:_identify(python_resources/qcar2/virtual) by extension 'ignore_ament_install'
[3.105s] Level 1:colcon.colcon_core.package_identification:_identify(python_resources/qcar2/virtual) by extensions ['colcon_pkg']
[3.105s] Level 1:colcon.colcon_core.package_identification:_identify(python_resources/qcar2/virtual) by extension 'colcon_pkg'
[3.105s] Level 1:colcon.colcon_core.package_identification:_identify(python_resources/qcar2/virtual) by extensions ['colcon_meta']
[3.105s] Level 1:colcon.colcon_core.package_identification:_identify(python_resources/qcar2/virtual) by extension 'colcon_meta'
[3.105s] Level 1:colcon.colcon_core.package_identification:_identify(python_resources/qcar2/virtual) by extensions ['ros']
[3.105s] Level 1:colcon.colcon_core.package_identification:_identify(python_resources/qcar2/virtual) by extension 'ros'
[3.105s] Level 1:colcon.colcon_core.package_identification:_identify(python_resources/qcar2/virtual) by extensions ['cmake', 'python']
[3.105s] Level 1:colcon.colcon_core.package_identification:_identify(python_resources/qcar2/virtual) by extension 'cmake'
[3.105s] Level 1:colcon.colcon_core.package_identification:_identify(python_resources/qcar2/virtual) by extension 'python'
[3.105s] Level 1:colcon.colcon_core.package_identification:_identify(python_resources/qcar2/virtual) by extensions ['python_setup_py']
[3.105s] Level 1:colcon.colcon_core.package_identification:_identify(python_resources/qcar2/virtual) by extension 'python_setup_py'
[3.105s] Level 1:colcon.colcon_core.package_identification:_identify(python_resources/qcar2/virtual/applications) by extensions ['ignore', 'ignore_ament_install']
[3.106s] Level 1:colcon.colcon_core.package_identification:_identify(python_resources/qcar2/virtual/applications) by extension 'ignore'
[3.106s] Level 1:colcon.colcon_core.package_identification:_identify(python_resources/qcar2/virtual/applications) by extension 'ignore_ament_install'
[3.106s] Level 1:colcon.colcon_core.package_identification:_identify(python_resources/qcar2/virtual/applications) by extensions ['colcon_pkg']
[3.106s] Level 1:colcon.colcon_core.package_identification:_identify(python_resources/qcar2/virtual/applications) by extension 'colcon_pkg'
[3.106s] Level 1:colcon.colcon_core.package_identification:_identify(python_resources/qcar2/virtual/applications) by extensions ['colcon_meta']
[3.106s] Level 1:colcon.colcon_core.package_identification:_identify(python_resources/qcar2/virtual/applications) by extension 'colcon_meta'
[3.106s] Level 1:colcon.colcon_core.package_identification:_identify(python_resources/qcar2/virtual/applications) by extensions ['ros']
[3.106s] Level 1:colcon.colcon_core.package_identification:_identify(python_resources/qcar2/virtual/applications) by extension 'ros'
[3.106s] Level 1:colcon.colcon_core.package_identification:_identify(python_resources/qcar2/virtual/applications) by extensions ['cmake', 'python']
[3.106s] Level 1:colcon.colcon_core.package_identification:_identify(python_resources/qcar2/virtual/applications) by extension 'cmake'
[3.106s] Level 1:colcon.colcon_core.package_identification:_identify(python_resources/qcar2/virtual/applications) by extension 'python'
[3.106s] Level 1:colcon.colcon_core.package_identification:_identify(python_resources/qcar2/virtual/applications) by extensions ['python_setup_py']
[3.106s] Level 1:colcon.colcon_core.package_identification:_identify(python_resources/qcar2/virtual/applications) by extension 'python_setup_py'
[3.106s] Level 1:colcon.colcon_core.package_identification:_identify(python_resources/qcar2/virtual/applications/360_vision) by extensions ['ignore', 'ignore_ament_install']
[3.106s] Level 1:colcon.colcon_core.package_identification:_identify(python_resources/qcar2/virtual/applications/360_vision) by extension 'ignore'
[3.106s] Level 1:colcon.colcon_core.package_identification:_identify(python_resources/qcar2/virtual/applications/360_vision) by extension 'ignore_ament_install'
[3.106s] Level 1:colcon.colcon_core.package_identification:_identify(python_resources/qcar2/virtual/applications/360_vision) by extensions ['colcon_pkg']
[3.106s] Level 1:colcon.colcon_core.package_identification:_identify(python_resources/qcar2/virtual/applications/360_vision) by extension 'colcon_pkg'
[3.106s] Level 1:colcon.colcon_core.package_identification:_identify(python_resources/qcar2/virtual/applications/360_vision) by extensions ['colcon_meta']
[3.106s] Level 1:colcon.colcon_core.package_identification:_identify(python_resources/qcar2/virtual/applications/360_vision) by extension 'colcon_meta'
[3.106s] Level 1:colcon.colcon_core.package_identification:_identify(python_resources/qcar2/virtual/applications/360_vision) by extensions ['ros']
[3.106s] Level 1:colcon.colcon_core.package_identification:_identify(python_resources/qcar2/virtual/applications/360_vision) by extension 'ros'
[3.106s] Level 1:colcon.colcon_core.package_identification:_identify(python_resources/qcar2/virtual/applications/360_vision) by extensions ['cmake', 'python']
[3.106s] Level 1:colcon.colcon_core.package_identification:_identify(python_resources/qcar2/virtual/applications/360_vision) by extension 'cmake'
[3.106s] Level 1:colcon.colcon_core.package_identification:_identify(python_resources/qcar2/virtual/applications/360_vision) by extension 'python'
[3.106s] Level 1:colcon.colcon_core.package_identification:_identify(python_resources/qcar2/virtual/applications/360_vision) by extensions ['python_setup_py']
[3.106s] Level 1:colcon.colcon_core.package_identification:_identify(python_resources/qcar2/virtual/applications/360_vision) by extension 'python_setup_py'
[3.106s] Level 1:colcon.colcon_core.package_identification:_identify(python_resources/qcar2/virtual/applications/lane_following) by extensions ['ignore', 'ignore_ament_install']
[3.107s] Level 1:colcon.colcon_core.package_identification:_identify(python_resources/qcar2/virtual/applications/lane_following) by extension 'ignore'
[3.107s] Level 1:colcon.colcon_core.package_identification:_identify(python_resources/qcar2/virtual/applications/lane_following) by extension 'ignore_ament_install'
[3.107s] Level 1:colcon.colcon_core.package_identification:_identify(python_resources/qcar2/virtual/applications/lane_following) by extensions ['colcon_pkg']
[3.107s] Level 1:colcon.colcon_core.package_identification:_identify(python_resources/qcar2/virtual/applications/lane_following) by extension 'colcon_pkg'
[3.107s] Level 1:colcon.colcon_core.package_identification:_identify(python_resources/qcar2/virtual/applications/lane_following) by extensions ['colcon_meta']
[3.107s] Level 1:colcon.colcon_core.package_identification:_identify(python_resources/qcar2/virtual/applications/lane_following) by extension 'colcon_meta'
[3.107s] Level 1:colcon.colcon_core.package_identification:_identify(python_resources/qcar2/virtual/applications/lane_following) by extensions ['ros']
[3.107s] Level 1:colcon.colcon_core.package_identification:_identify(python_resources/qcar2/virtual/applications/lane_following) by extension 'ros'
[3.107s] Level 1:colcon.colcon_core.package_identification:_identify(python_resources/qcar2/virtual/applications/lane_following) by extensions ['cmake', 'python']
[3.107s] Level 1:colcon.colcon_core.package_identification:_identify(python_resources/qcar2/virtual/applications/lane_following) by extension 'cmake'
[3.107s] Level 1:colcon.colcon_core.package_identification:_identify(python_resources/qcar2/virtual/applications/lane_following) by extension 'python'
[3.107s] Level 1:colcon.colcon_core.package_identification:_identify(python_resources/qcar2/virtual/applications/lane_following) by extensions ['python_setup_py']
[3.107s] Level 1:colcon.colcon_core.package_identification:_identify(python_resources/qcar2/virtual/applications/lane_following) by extension 'python_setup_py'
[3.107s] Level 1:colcon.colcon_core.package_identification:_identify(python_resources/qcar2/virtual/applications/manual_drive) by extensions ['ignore', 'ignore_ament_install']
[3.107s] Level 1:colcon.colcon_core.package_identification:_identify(python_resources/qcar2/virtual/applications/manual_drive) by extension 'ignore'
[3.107s] Level 1:colcon.colcon_core.package_identification:_identify(python_resources/qcar2/virtual/applications/manual_drive) by extension 'ignore_ament_install'
[3.107s] Level 1:colcon.colcon_core.package_identification:_identify(python_resources/qcar2/virtual/applications/manual_drive) by extensions ['colcon_pkg']
[3.107s] Level 1:colcon.colcon_core.package_identification:_identify(python_resources/qcar2/virtual/applications/manual_drive) by extension 'colcon_pkg'
[3.107s] Level 1:colcon.colcon_core.package_identification:_identify(python_resources/qcar2/virtual/applications/manual_drive) by extensions ['colcon_meta']
[3.107s] Level 1:colcon.colcon_core.package_identification:_identify(python_resources/qcar2/virtual/applications/manual_drive) by extension 'colcon_meta'
[3.107s] Level 1:colcon.colcon_core.package_identification:_identify(python_resources/qcar2/virtual/applications/manual_drive) by extensions ['ros']
[3.107s] Level 1:colcon.colcon_core.package_identification:_identify(python_resources/qcar2/virtual/applications/manual_drive) by extension 'ros'
[3.107s] Level 1:colcon.colcon_core.package_identification:_identify(python_resources/qcar2/virtual/applications/manual_drive) by extensions ['cmake', 'python']
[3.107s] Level 1:colcon.colcon_core.package_identification:_identify(python_resources/qcar2/virtual/applications/manual_drive) by extension 'cmake'
[3.107s] Level 1:colcon.colcon_core.package_identification:_identify(python_resources/qcar2/virtual/applications/manual_drive) by extension 'python'
[3.107s] Level 1:colcon.colcon_core.package_identification:_identify(python_resources/qcar2/virtual/applications/manual_drive) by extensions ['python_setup_py']
[3.107s] Level 1:colcon.colcon_core.package_identification:_identify(python_resources/qcar2/virtual/applications/manual_drive) by extension 'python_setup_py'
[3.108s] Level 1:colcon.colcon_core.package_identification:_identify(python_resources/qcar2/virtual/applications/point_cloud_generation) by extensions ['ignore', 'ignore_ament_install']
[3.108s] Level 1:colcon.colcon_core.package_identification:_identify(python_resources/qcar2/virtual/applications/point_cloud_generation) by extension 'ignore'
[3.108s] Level 1:colcon.colcon_core.package_identification:_identify(python_resources/qcar2/virtual/applications/point_cloud_generation) by extension 'ignore_ament_install'
[3.108s] Level 1:colcon.colcon_core.package_identification:_identify(python_resources/qcar2/virtual/applications/point_cloud_generation) by extensions ['colcon_pkg']
[3.108s] Level 1:colcon.colcon_core.package_identification:_identify(python_resources/qcar2/virtual/applications/point_cloud_generation) by extension 'colcon_pkg'
[3.108s] Level 1:colcon.colcon_core.package_identification:_identify(python_resources/qcar2/virtual/applications/point_cloud_generation) by extensions ['colcon_meta']
[3.108s] Level 1:colcon.colcon_core.package_identification:_identify(python_resources/qcar2/virtual/applications/point_cloud_generation) by extension 'colcon_meta'
[3.108s] Level 1:colcon.colcon_core.package_identification:_identify(python_resources/qcar2/virtual/applications/point_cloud_generation) by extensions ['ros']
[3.108s] Level 1:colcon.colcon_core.package_identification:_identify(python_resources/qcar2/virtual/applications/point_cloud_generation) by extension 'ros'
[3.108s] Level 1:colcon.colcon_core.package_identification:_identify(python_resources/qcar2/virtual/applications/point_cloud_generation) by extensions ['cmake', 'python']
[3.108s] Level 1:colcon.colcon_core.package_identification:_identify(python_resources/qcar2/virtual/applications/point_cloud_generation) by extension 'cmake'
[3.108s] Level 1:colcon.colcon_core.package_identification:_identify(python_resources/qcar2/virtual/applications/point_cloud_generation) by extension 'python'
[3.108s] Level 1:colcon.colcon_core.package_identification:_identify(python_resources/qcar2/virtual/applications/point_cloud_generation) by extensions ['python_setup_py']
[3.108s] Level 1:colcon.colcon_core.package_identification:_identify(python_resources/qcar2/virtual/applications/point_cloud_generation) by extension 'python_setup_py'
[3.108s] Level 1:colcon.colcon_core.package_identification:_identify(python_resources/qcar2/virtual/applications/rgbd_imaging) by extensions ['ignore', 'ignore_ament_install']
[3.108s] Level 1:colcon.colcon_core.package_identification:_identify(python_resources/qcar2/virtual/applications/rgbd_imaging) by extension 'ignore'
[3.108s] Level 1:colcon.colcon_core.package_identification:_identify(python_resources/qcar2/virtual/applications/rgbd_imaging) by extension 'ignore_ament_install'
[3.108s] Level 1:colcon.colcon_core.package_identification:_identify(python_resources/qcar2/virtual/applications/rgbd_imaging) by extensions ['colcon_pkg']
[3.108s] Level 1:colcon.colcon_core.package_identification:_identify(python_resources/qcar2/virtual/applications/rgbd_imaging) by extension 'colcon_pkg'
[3.108s] Level 1:colcon.colcon_core.package_identification:_identify(python_resources/qcar2/virtual/applications/rgbd_imaging) by extensions ['colcon_meta']
[3.108s] Level 1:colcon.colcon_core.package_identification:_identify(python_resources/qcar2/virtual/applications/rgbd_imaging) by extension 'colcon_meta'
[3.109s] Level 1:colcon.colcon_core.package_identification:_identify(python_resources/qcar2/virtual/applications/rgbd_imaging) by extensions ['ros']
[3.109s] Level 1:colcon.colcon_core.package_identification:_identify(python_resources/qcar2/virtual/applications/rgbd_imaging) by extension 'ros'
[3.109s] Level 1:colcon.colcon_core.package_identification:_identify(python_resources/qcar2/virtual/applications/rgbd_imaging) by extensions ['cmake', 'python']
[3.109s] Level 1:colcon.colcon_core.package_identification:_identify(python_resources/qcar2/virtual/applications/rgbd_imaging) by extension 'cmake'
[3.109s] Level 1:colcon.colcon_core.package_identification:_identify(python_resources/qcar2/virtual/applications/rgbd_imaging) by extension 'python'
[3.109s] Level 1:colcon.colcon_core.package_identification:_identify(python_resources/qcar2/virtual/applications/rgbd_imaging) by extensions ['python_setup_py']
[3.109s] Level 1:colcon.colcon_core.package_identification:_identify(python_resources/qcar2/virtual/applications/rgbd_imaging) by extension 'python_setup_py'
[3.109s] Level 1:colcon.colcon_core.package_identification:_identify(python_resources/qcar2/virtual/hardware_tests) by extensions ['ignore', 'ignore_ament_install']
[3.109s] Level 1:colcon.colcon_core.package_identification:_identify(python_resources/qcar2/virtual/hardware_tests) by extension 'ignore'
[3.109s] Level 1:colcon.colcon_core.package_identification:_identify(python_resources/qcar2/virtual/hardware_tests) by extension 'ignore_ament_install'
[3.109s] Level 1:colcon.colcon_core.package_identification:_identify(python_resources/qcar2/virtual/hardware_tests) by extensions ['colcon_pkg']
[3.109s] Level 1:colcon.colcon_core.package_identification:_identify(python_resources/qcar2/virtual/hardware_tests) by extension 'colcon_pkg'
[3.109s] Level 1:colcon.colcon_core.package_identification:_identify(python_resources/qcar2/virtual/hardware_tests) by extensions ['colcon_meta']
[3.109s] Level 1:colcon.colcon_core.package_identification:_identify(python_resources/qcar2/virtual/hardware_tests) by extension 'colcon_meta'
[3.109s] Level 1:colcon.colcon_core.package_identification:_identify(python_resources/qcar2/virtual/hardware_tests) by extensions ['ros']
[3.109s] Level 1:colcon.colcon_core.package_identification:_identify(python_resources/qcar2/virtual/hardware_tests) by extension 'ros'
[3.109s] Level 1:colcon.colcon_core.package_identification:_identify(python_resources/qcar2/virtual/hardware_tests) by extensions ['cmake', 'python']
[3.109s] Level 1:colcon.colcon_core.package_identification:_identify(python_resources/qcar2/virtual/hardware_tests) by extension 'cmake'
[3.109s] Level 1:colcon.colcon_core.package_identification:_identify(python_resources/qcar2/virtual/hardware_tests) by extension 'python'
[3.109s] Level 1:colcon.colcon_core.package_identification:_identify(python_resources/qcar2/virtual/hardware_tests) by extensions ['python_setup_py']
[3.109s] Level 1:colcon.colcon_core.package_identification:_identify(python_resources/qcar2/virtual/hardware_tests) by extension 'python_setup_py'
[3.109s] Level 1:colcon.colcon_core.package_identification:_identify(python_resources/roadmap) by extensions ['ignore', 'ignore_ament_install']
[3.109s] Level 1:colcon.colcon_core.package_identification:_identify(python_resources/roadmap) by extension 'ignore'
[3.109s] Level 1:colcon.colcon_core.package_identification:_identify(python_resources/roadmap) by extension 'ignore_ament_install'
[3.109s] Level 1:colcon.colcon_core.package_identification:_identify(python_resources/roadmap) by extensions ['colcon_pkg']
[3.109s] Level 1:colcon.colcon_core.package_identification:_identify(python_resources/roadmap) by extension 'colcon_pkg'
[3.110s] Level 1:colcon.colcon_core.package_identification:_identify(python_resources/roadmap) by extensions ['colcon_meta']
[3.110s] Level 1:colcon.colcon_core.package_identification:_identify(python_resources/roadmap) by extension 'colcon_meta'
[3.110s] Level 1:colcon.colcon_core.package_identification:_identify(python_resources/roadmap) by extensions ['ros']
[3.110s] Level 1:colcon.colcon_core.package_identification:_identify(python_resources/roadmap) by extension 'ros'
[3.110s] Level 1:colcon.colcon_core.package_identification:_identify(python_resources/roadmap) by extensions ['cmake', 'python']
[3.110s] Level 1:colcon.colcon_core.package_identification:_identify(python_resources/roadmap) by extension 'cmake'
[3.110s] Level 1:colcon.colcon_core.package_identification:_identify(python_resources/roadmap) by extension 'python'
[3.110s] Level 1:colcon.colcon_core.package_identification:_identify(python_resources/roadmap) by extensions ['python_setup_py']
[3.110s] Level 1:colcon.colcon_core.package_identification:_identify(python_resources/roadmap) by extension 'python_setup_py'
[3.110s] Level 1:colcon.colcon_core.package_identification:_identify(python_resources/traffic_light) by extensions ['ignore', 'ignore_ament_install']
[3.110s] Level 1:colcon.colcon_core.package_identification:_identify(python_resources/traffic_light) by extension 'ignore'
[3.110s] Level 1:colcon.colcon_core.package_identification:_identify(python_resources/traffic_light) by extension 'ignore_ament_install'
[3.110s] Level 1:colcon.colcon_core.package_identification:_identify(python_resources/traffic_light) by extensions ['colcon_pkg']
[3.110s] Level 1:colcon.colcon_core.package_identification:_identify(python_resources/traffic_light) by extension 'colcon_pkg'
[3.110s] Level 1:colcon.colcon_core.package_identification:_identify(python_resources/traffic_light) by extensions ['colcon_meta']
[3.110s] Level 1:colcon.colcon_core.package_identification:_identify(python_resources/traffic_light) by extension 'colcon_meta'
[3.110s] Level 1:colcon.colcon_core.package_identification:_identify(python_resources/traffic_light) by extensions ['ros']
[3.110s] Level 1:colcon.colcon_core.package_identification:_identify(python_resources/traffic_light) by extension 'ros'
[3.110s] Level 1:colcon.colcon_core.package_identification:_identify(python_resources/traffic_light) by extensions ['cmake', 'python']
[3.110s] Level 1:colcon.colcon_core.package_identification:_identify(python_resources/traffic_light) by extension 'cmake'
[3.110s] Level 1:colcon.colcon_core.package_identification:_identify(python_resources/traffic_light) by extension 'python'
[3.110s] Level 1:colcon.colcon_core.package_identification:_identify(python_resources/traffic_light) by extensions ['python_setup_py']
[3.110s] Level 1:colcon.colcon_core.package_identification:_identify(python_resources/traffic_light) by extension 'python_setup_py'
[3.110s] Level 1:colcon.colcon_core.package_identification:_identify(ros2) by extensions ['ignore', 'ignore_ament_install']
[3.110s] Level 1:colcon.colcon_core.package_identification:_identify(ros2) by extension 'ignore'
[3.110s] Level 1:colcon.colcon_core.package_identification:_identify(ros2) by extension 'ignore_ament_install'
[3.110s] Level 1:colcon.colcon_core.package_identification:_identify(ros2) by extensions ['colcon_pkg']
[3.110s] Level 1:colcon.colcon_core.package_identification:_identify(ros2) by extension 'colcon_pkg'
[3.110s] Level 1:colcon.colcon_core.package_identification:_identify(ros2) by extensions ['colcon_meta']
[3.110s] Level 1:colcon.colcon_core.package_identification:_identify(ros2) by extension 'colcon_meta'
[3.110s] Level 1:colcon.colcon_core.package_identification:_identify(ros2) by extensions ['ros']
[3.110s] Level 1:colcon.colcon_core.package_identification:_identify(ros2) by extension 'ros'
[3.111s] Level 1:colcon.colcon_core.package_identification:_identify(ros2) by extensions ['cmake', 'python']
[3.111s] Level 1:colcon.colcon_core.package_identification:_identify(ros2) by extension 'cmake'
[3.111s] Level 1:colcon.colcon_core.package_identification:_identify(ros2) by extension 'python'
[3.111s] Level 1:colcon.colcon_core.package_identification:_identify(ros2) by extensions ['python_setup_py']
[3.111s] Level 1:colcon.colcon_core.package_identification:_identify(ros2) by extension 'python_setup_py'
[3.111s] Level 1:colcon.colcon_core.package_identification:_identify(ros2/src) by extensions ['ignore', 'ignore_ament_install']
[3.111s] Level 1:colcon.colcon_core.package_identification:_identify(ros2/src) by extension 'ignore'
[3.111s] Level 1:colcon.colcon_core.package_identification:_identify(ros2/src) by extension 'ignore_ament_install'
[3.111s] Level 1:colcon.colcon_core.package_identification:_identify(ros2/src) by extensions ['colcon_pkg']
[3.111s] Level 1:colcon.colcon_core.package_identification:_identify(ros2/src) by extension 'colcon_pkg'
[3.111s] Level 1:colcon.colcon_core.package_identification:_identify(ros2/src) by extensions ['colcon_meta']
[3.111s] Level 1:colcon.colcon_core.package_identification:_identify(ros2/src) by extension 'colcon_meta'
[3.111s] Level 1:colcon.colcon_core.package_identification:_identify(ros2/src) by extensions ['ros']
[3.111s] Level 1:colcon.colcon_core.package_identification:_identify(ros2/src) by extension 'ros'
[3.111s] Level 1:colcon.colcon_core.package_identification:_identify(ros2/src) by extensions ['cmake', 'python']
[3.111s] Level 1:colcon.colcon_core.package_identification:_identify(ros2/src) by extension 'cmake'
[3.111s] Level 1:colcon.colcon_core.package_identification:_identify(ros2/src) by extension 'python'
[3.111s] Level 1:colcon.colcon_core.package_identification:_identify(ros2/src) by extensions ['python_setup_py']
[3.111s] Level 1:colcon.colcon_core.package_identification:_identify(ros2/src) by extension 'python_setup_py'
[3.111s] Level 1:colcon.colcon_core.package_identification:_identify(ros2/src/build) by extensions ['ignore', 'ignore_ament_install']
[3.111s] Level 1:colcon.colcon_core.package_identification:_identify(ros2/src/build) by extension 'ignore'
[3.111s] Level 1:colcon.colcon_core.package_identification:_identify(ros2/src/build) ignored
[3.111s] Level 1:colcon.colcon_core.package_identification:_identify(ros2/src/install) by extensions ['ignore', 'ignore_ament_install']
[3.111s] Level 1:colcon.colcon_core.package_identification:_identify(ros2/src/install) by extension 'ignore'
[3.111s] Level 1:colcon.colcon_core.package_identification:_identify(ros2/src/install) ignored
[3.111s] Level 1:colcon.colcon_core.package_identification:_identify(ros2/src/log) by extensions ['ignore', 'ignore_ament_install']
[3.111s] Level 1:colcon.colcon_core.package_identification:_identify(ros2/src/log) by extension 'ignore'
[3.112s] Level 1:colcon.colcon_core.package_identification:_identify(ros2/src/log) ignored
[3.112s] Level 1:colcon.colcon_core.package_identification:_identify(ros2/src/qcar2_autonomy) by extensions ['ignore', 'ignore_ament_install']
[3.112s] Level 1:colcon.colcon_core.package_identification:_identify(ros2/src/qcar2_autonomy) by extension 'ignore'
[3.112s] Level 1:colcon.colcon_core.package_identification:_identify(ros2/src/qcar2_autonomy) by extension 'ignore_ament_install'
[3.112s] Level 1:colcon.colcon_core.package_identification:_identify(ros2/src/qcar2_autonomy) by extensions ['colcon_pkg']
[3.112s] Level 1:colcon.colcon_core.package_identification:_identify(ros2/src/qcar2_autonomy) by extension 'colcon_pkg'
[3.112s] Level 1:colcon.colcon_core.package_identification:_identify(ros2/src/qcar2_autonomy) by extensions ['colcon_meta']
[3.112s] Level 1:colcon.colcon_core.package_identification:_identify(ros2/src/qcar2_autonomy) by extension 'colcon_meta'
[3.112s] Level 1:colcon.colcon_core.package_identification:_identify(ros2/src/qcar2_autonomy) by extensions ['ros']
[3.112s] Level 1:colcon.colcon_core.package_identification:_identify(ros2/src/qcar2_autonomy) by extension 'ros'
[3.114s] DEBUG:colcon.colcon_core.package_identification:Package 'ros2/src/qcar2_autonomy' with type 'ros.ament_python' and name 'qcar2_autonomy'
[3.114s] Level 1:colcon.colcon_core.package_identification:_identify(ros2/src/qcar2_interfaces) by extensions ['ignore', 'ignore_ament_install']
[3.114s] Level 1:colcon.colcon_core.package_identification:_identify(ros2/src/qcar2_interfaces) by extension 'ignore'
[3.114s] Level 1:colcon.colcon_core.package_identification:_identify(ros2/src/qcar2_interfaces) by extension 'ignore_ament_install'
[3.114s] Level 1:colcon.colcon_core.package_identification:_identify(ros2/src/qcar2_interfaces) by extensions ['colcon_pkg']
[3.114s] Level 1:colcon.colcon_core.package_identification:_identify(ros2/src/qcar2_interfaces) by extension 'colcon_pkg'
[3.115s] Level 1:colcon.colcon_core.package_identification:_identify(ros2/src/qcar2_interfaces) by extensions ['colcon_meta']
[3.115s] Level 1:colcon.colcon_core.package_identification:_identify(ros2/src/qcar2_interfaces) by extension 'colcon_meta'
[3.115s] Level 1:colcon.colcon_core.package_identification:_identify(ros2/src/qcar2_interfaces) by extensions ['ros']
[3.115s] Level 1:colcon.colcon_core.package_identification:_identify(ros2/src/qcar2_interfaces) by extension 'ros'
[3.115s] DEBUG:colcon.colcon_core.package_identification:Package 'ros2/src/qcar2_interfaces' with type 'ros.ament_cmake' and name 'qcar2_interfaces'
[3.115s] Level 1:colcon.colcon_core.package_identification:_identify(ros2/src/qcar2_nodes) by extensions ['ignore', 'ignore_ament_install']
[3.115s] Level 1:colcon.colcon_core.package_identification:_identify(ros2/src/qcar2_nodes) by extension 'ignore'
[3.115s] Level 1:colcon.colcon_core.package_identification:_identify(ros2/src/qcar2_nodes) by extension 'ignore_ament_install'
[3.115s] Level 1:colcon.colcon_core.package_identification:_identify(ros2/src/qcar2_nodes) by extensions ['colcon_pkg']
[3.115s] Level 1:colcon.colcon_core.package_identification:_identify(ros2/src/qcar2_nodes) by extension 'colcon_pkg'
[3.115s] Level 1:colcon.colcon_core.package_identification:_identify(ros2/src/qcar2_nodes) by extensions ['colcon_meta']
[3.115s] Level 1:colcon.colcon_core.package_identification:_identify(ros2/src/qcar2_nodes) by extension 'colcon_meta'
[3.115s] Level 1:colcon.colcon_core.package_identification:_identify(ros2/src/qcar2_nodes) by extensions ['ros']
[3.115s] Level 1:colcon.colcon_core.package_identification:_identify(ros2/src/qcar2_nodes) by extension 'ros'
[3.116s] DEBUG:colcon.colcon_core.package_identification:Package 'ros2/src/qcar2_nodes' with type 'ros.ament_cmake' and name 'qcar2_nodes'
[3.116s] Level 1:colcon.colcon_core.package_discovery:discover_packages(recursive) using defaults
[3.116s] Level 1:colcon.colcon_core.package_discovery:discover_packages(ignore) discover
[3.116s] Level 1:colcon.colcon_core.package_discovery:discover_packages(ignore) using defaults
[3.116s] Level 1:colcon.colcon_core.package_discovery:discover_packages(path) discover
[3.116s] Level 1:colcon.colcon_core.package_discovery:discover_packages(path) using defaults
[3.188s] Level 1:colcon.colcon_core.package_discovery:discover_packages(prefix_path) check parameters
[3.188s] Level 1:colcon.colcon_core.package_discovery:discover_packages(prefix_path) discover
[3.209s] DEBUG:colcon.colcon_installed_package_information.package_discovery:Found 3 installed packages in /workspaces/isaac_ros-dev/install
[3.217s] DEBUG:colcon.colcon_installed_package_information.package_discovery:Found 18 installed packages in /workspace/cartographer_ws/install
[3.228s] DEBUG:colcon.colcon_installed_package_information.package_discovery:Found 289 installed packages in /opt/ros/humble
[3.229s] Level 1:colcon.colcon_core.package_discovery:discover_packages(prefix_path) using defaults
[3.310s] Level 5:colcon.colcon_core.verb:set package 'qcar2_interfaces' build argument 'cmake_args' from command line to 'None'
[3.310s] Level 5:colcon.colcon_core.verb:set package 'qcar2_interfaces' build argument 'cmake_target' from command line to 'None'
[3.310s] Level 5:colcon.colcon_core.verb:set package 'qcar2_interfaces' build argument 'cmake_target_skip_unavailable' from command line to 'False'
[3.310s] Level 5:colcon.colcon_core.verb:set package 'qcar2_interfaces' build argument 'cmake_clean_cache' from command line to 'False'
[3.310s] Level 5:colcon.colcon_core.verb:set package 'qcar2_interfaces' build argument 'cmake_clean_first' from command line to 'False'
[3.310s] Level 5:colcon.colcon_core.verb:set package 'qcar2_interfaces' build argument 'cmake_force_configure' from command line to 'False'
[3.310s] Level 5:colcon.colcon_core.verb:set package 'qcar2_interfaces' build argument 'ament_cmake_args' from command line to 'None'
[3.310s] Level 5:colcon.colcon_core.verb:set package 'qcar2_interfaces' build argument 'catkin_cmake_args' from command line to 'None'
[3.310s] Level 5:colcon.colcon_core.verb:set package 'qcar2_interfaces' build argument 'catkin_skip_building_tests' from command line to 'False'
[3.310s] DEBUG:colcon.colcon_core.verb:Building package 'qcar2_interfaces' with the following arguments: {'ament_cmake_args': None, 'build_base': '/workspaces/isaac_ros-dev/build/qcar2_interfaces', 'catkin_cmake_args': None, 'catkin_skip_building_tests': False, 'cmake_args': None, 'cmake_clean_cache': False, 'cmake_clean_first': False, 'cmake_force_configure': False, 'cmake_target': None, 'cmake_target_skip_unavailable': False, 'install_base': '/workspaces/isaac_ros-dev/install/qcar2_interfaces', 'merge_install': False, 'path': '/workspaces/isaac_ros-dev/ros2/src/qcar2_interfaces', 'symlink_install': False, 'test_result_base': None}
[3.317s] Level 5:colcon.colcon_core.verb:set package 'qcar2_autonomy' build argument 'cmake_args' from command line to 'None'
[3.317s] Level 5:colcon.colcon_core.verb:set package 'qcar2_autonomy' build argument 'cmake_target' from command line to 'None'
[3.317s] Level 5:colcon.colcon_core.verb:set package 'qcar2_autonomy' build argument 'cmake_target_skip_unavailable' from command line to 'False'
[3.317s] Level 5:colcon.colcon_core.verb:set package 'qcar2_autonomy' build argument 'cmake_clean_cache' from command line to 'False'
[3.317s] Level 5:colcon.colcon_core.verb:set package 'qcar2_autonomy' build argument 'cmake_clean_first' from command line to 'False'
[3.317s] Level 5:colcon.colcon_core.verb:set package 'qcar2_autonomy' build argument 'cmake_force_configure' from command line to 'False'
[3.317s] Level 5:colcon.colcon_core.verb:set package 'qcar2_autonomy' build argument 'ament_cmake_args' from command line to 'None'
[3.317s] Level 5:colcon.colcon_core.verb:set package 'qcar2_autonomy' build argument 'catkin_cmake_args' from command line to 'None'
[3.317s] Level 5:colcon.colcon_core.verb:set package 'qcar2_autonomy' build argument 'catkin_skip_building_tests' from command line to 'False'
[3.317s] DEBUG:colcon.colcon_core.verb:Building package 'qcar2_autonomy' with the following arguments: {'ament_cmake_args': None, 'build_base': '/workspaces/isaac_ros-dev/build/qcar2_autonomy', 'catkin_cmake_args': None, 'catkin_skip_building_tests': False, 'cmake_args': None, 'cmake_clean_cache': False, 'cmake_clean_first': False, 'cmake_force_configure': False, 'cmake_target': None, 'cmake_target_skip_unavailable': False, 'install_base': '/workspaces/isaac_ros-dev/install/qcar2_autonomy', 'merge_install': False, 'path': '/workspaces/isaac_ros-dev/ros2/src/qcar2_autonomy', 'symlink_install': False, 'test_result_base': None}
[3.325s] Level 5:colcon.colcon_core.verb:set package 'qcar2_nodes' build argument 'cmake_args' from command line to 'None'
[3.326s] Level 5:colcon.colcon_core.verb:set package 'qcar2_nodes' build argument 'cmake_target' from command line to 'None'
[3.326s] Level 5:colcon.colcon_core.verb:set package 'qcar2_nodes' build argument 'cmake_target_skip_unavailable' from command line to 'False'
[3.326s] Level 5:colcon.colcon_core.verb:set package 'qcar2_nodes' build argument 'cmake_clean_cache' from command line to 'False'
[3.326s] Level 5:colcon.colcon_core.verb:set package 'qcar2_nodes' build argument 'cmake_clean_first' from command line to 'False'
[3.326s] Level 5:colcon.colcon_core.verb:set package 'qcar2_nodes' build argument 'cmake_force_configure' from command line to 'False'
[3.326s] Level 5:colcon.colcon_core.verb:set package 'qcar2_nodes' build argument 'ament_cmake_args' from command line to 'None'
[3.326s] Level 5:colcon.colcon_core.verb:set package 'qcar2_nodes' build argument 'catkin_cmake_args' from command line to 'None'
[3.326s] Level 5:colcon.colcon_core.verb:set package 'qcar2_nodes' build argument 'catkin_skip_building_tests' from command line to 'False'
[3.326s] DEBUG:colcon.colcon_core.verb:Building package 'qcar2_nodes' with the following arguments: {'ament_cmake_args': None, 'build_base': '/workspaces/isaac_ros-dev/build/qcar2_nodes', 'catkin_cmake_args': None, 'catkin_skip_building_tests': False, 'cmake_args': None, 'cmake_clean_cache': False, 'cmake_clean_first': False, 'cmake_force_configure': False, 'cmake_target': None, 'cmake_target_skip_unavailable': False, 'install_base': '/workspaces/isaac_ros-dev/install/qcar2_nodes', 'merge_install': False, 'path': '/workspaces/isaac_ros-dev/ros2/src/qcar2_nodes', 'symlink_install': False, 'test_result_base': None}
[3.335s] INFO:colcon.colcon_core.executor:Executing jobs using 'parallel' executor
[3.344s] DEBUG:colcon.colcon_parallel_executor.executor.parallel:run_until_complete
[3.344s] INFO:colcon.colcon_ros.task.ament_cmake.build:Building ROS package in '/workspaces/isaac_ros-dev/ros2/src/qcar2_interfaces' with build type 'ament_cmake'
[3.344s] INFO:colcon.colcon_cmake.task.cmake.build:Building CMake package in '/workspaces/isaac_ros-dev/ros2/src/qcar2_interfaces'
[3.351s] INFO:colcon.colcon_core.plugin_system:Skipping extension 'colcon_core.shell.bat': Not used on non-Windows systems
[3.351s] INFO:colcon.colcon_core.shell:Skip shell extension 'powershell' for command environment: Not usable outside of PowerShell
[3.351s] DEBUG:colcon.colcon_core.shell:Skip shell extension 'dsv' for command environment
[3.393s] DEBUG:colcon.colcon_core.event_handler.log_command:Invoking command in '/workspaces/isaac_ros-dev/build/qcar2_interfaces': CMAKE_PREFIX_PATH=${CMAKE_PREFIX_PATH}:/workspaces/isaac_ros-dev/install/qcar2_autonomy:/workspace/cartographer_ws/install/isaac_ros_test:/opt/ros/humble _=/usr/bin/env /usr/bin/cmake --build /workspaces/isaac_ros-dev/build/qcar2_interfaces -- -j24 -l24
[3.870s] DEBUG:colcon.colcon_core.event_handler.log_command:Invoked command in '/workspaces/isaac_ros-dev/build/qcar2_interfaces' returned '0': CMAKE_PREFIX_PATH=${CMAKE_PREFIX_PATH}:/workspaces/isaac_ros-dev/install/qcar2_autonomy:/workspace/cartographer_ws/install/isaac_ros_test:/opt/ros/humble _=/usr/bin/env /usr/bin/cmake --build /workspaces/isaac_ros-dev/build/qcar2_interfaces -- -j24 -l24
[4.364s] DEBUG:colcon.colcon_core.event_handler.log_command:Invoking command in '/workspaces/isaac_ros-dev/build/qcar2_interfaces': CMAKE_PREFIX_PATH=${CMAKE_PREFIX_PATH}:/workspaces/isaac_ros-dev/install/qcar2_autonomy:/workspace/cartographer_ws/install/isaac_ros_test:/opt/ros/humble _=/usr/bin/env /usr/bin/cmake --install /workspaces/isaac_ros-dev/build/qcar2_interfaces
[4.407s] Level 1:colcon.colcon_core.environment:create_environment_scripts_only(qcar2_interfaces)
[4.407s] DEBUG:colcon.colcon_core.event_handler.log_command:Invoked command in '/workspaces/isaac_ros-dev/build/qcar2_interfaces' returned '0': CMAKE_PREFIX_PATH=${CMAKE_PREFIX_PATH}:/workspaces/isaac_ros-dev/install/qcar2_autonomy:/workspace/cartographer_ws/install/isaac_ros_test:/opt/ros/humble _=/usr/bin/env /usr/bin/cmake --install /workspaces/isaac_ros-dev/build/qcar2_interfaces
[4.417s] Level 1:colcon.colcon_core.environment:checking '/workspaces/isaac_ros-dev/install/qcar2_interfaces' for CMake module files
[4.417s] Level 1:colcon.colcon_core.environment:checking '/workspaces/isaac_ros-dev/install/qcar2_interfaces' for CMake config files
[4.418s] Level 1:colcon.colcon_core.shell:create_environment_hook('qcar2_interfaces', 'cmake_prefix_path')
[4.426s] INFO:colcon.colcon_core.shell:Creating environment hook '/workspaces/isaac_ros-dev/install/qcar2_interfaces/share/qcar2_interfaces/hook/cmake_prefix_path.ps1'
[4.426s] INFO:colcon.colcon_core.shell:Creating environment descriptor '/workspaces/isaac_ros-dev/install/qcar2_interfaces/share/qcar2_interfaces/hook/cmake_prefix_path.dsv'
[4.427s] INFO:colcon.colcon_core.shell:Creating environment hook '/workspaces/isaac_ros-dev/install/qcar2_interfaces/share/qcar2_interfaces/hook/cmake_prefix_path.sh'
[4.427s] Level 1:colcon.colcon_core.environment:checking '/workspaces/isaac_ros-dev/install/qcar2_interfaces/lib'
[4.428s] Level 1:colcon.colcon_core.shell:create_environment_hook('qcar2_interfaces', 'ld_library_path_lib')
[4.437s] INFO:colcon.colcon_core.shell:Creating environment hook '/workspaces/isaac_ros-dev/install/qcar2_interfaces/share/qcar2_interfaces/hook/ld_library_path_lib.ps1'
[4.437s] INFO:colcon.colcon_core.shell:Creating environment descriptor '/workspaces/isaac_ros-dev/install/qcar2_interfaces/share/qcar2_interfaces/hook/ld_library_path_lib.dsv'
[4.437s] INFO:colcon.colcon_core.shell:Creating environment hook '/workspaces/isaac_ros-dev/install/qcar2_interfaces/share/qcar2_interfaces/hook/ld_library_path_lib.sh'
[4.438s] Level 1:colcon.colcon_core.environment:checking '/workspaces/isaac_ros-dev/install/qcar2_interfaces/bin'
[4.438s] Level 1:colcon.colcon_core.environment:checking '/workspaces/isaac_ros-dev/install/qcar2_interfaces/lib/pkgconfig/qcar2_interfaces.pc'
[4.438s] Level 1:colcon.colcon_core.environment:checking '/workspaces/isaac_ros-dev/install/qcar2_interfaces/lib/python3.8/site-packages'
[4.438s] Level 1:colcon.colcon_core.shell:create_environment_hook('qcar2_interfaces', 'pythonpath')
[4.447s] INFO:colcon.colcon_core.shell:Creating environment hook '/workspaces/isaac_ros-dev/install/qcar2_interfaces/share/qcar2_interfaces/hook/pythonpath.ps1'
[4.447s] INFO:colcon.colcon_core.shell:Creating environment descriptor '/workspaces/isaac_ros-dev/install/qcar2_interfaces/share/qcar2_interfaces/hook/pythonpath.dsv'
[4.448s] INFO:colcon.colcon_core.shell:Creating environment hook '/workspaces/isaac_ros-dev/install/qcar2_interfaces/share/qcar2_interfaces/hook/pythonpath.sh'
[4.448s] Level 1:colcon.colcon_core.environment:checking '/workspaces/isaac_ros-dev/install/qcar2_interfaces/bin'
[4.456s] INFO:colcon.colcon_core.shell:Creating package script '/workspaces/isaac_ros-dev/install/qcar2_interfaces/share/qcar2_interfaces/package.ps1'
[4.456s] INFO:colcon.colcon_core.shell:Creating package descriptor '/workspaces/isaac_ros-dev/install/qcar2_interfaces/share/qcar2_interfaces/package.dsv'
[4.457s] INFO:colcon.colcon_core.shell:Creating package script '/workspaces/isaac_ros-dev/install/qcar2_interfaces/share/qcar2_interfaces/package.sh'
[4.457s] INFO:colcon.colcon_core.shell:Creating package script '/workspaces/isaac_ros-dev/install/qcar2_interfaces/share/qcar2_interfaces/package.bash'
[4.458s] INFO:colcon.colcon_core.shell:Creating package script '/workspaces/isaac_ros-dev/install/qcar2_interfaces/share/qcar2_interfaces/package.zsh'
[4.458s] Level 1:colcon.colcon_core.environment:create_file_with_runtime_dependencies(/workspaces/isaac_ros-dev/install/qcar2_interfaces/share/colcon-core/packages/qcar2_interfaces)
[4.947s] Level 1:colcon.colcon_core.environment:create_environment_scripts_only(qcar2_interfaces)
[4.954s] Level 1:colcon.colcon_core.environment:checking '/workspaces/isaac_ros-dev/install/qcar2_interfaces' for CMake module files
[4.954s] Level 1:colcon.colcon_core.environment:checking '/workspaces/isaac_ros-dev/install/qcar2_interfaces' for CMake config files
[4.955s] Level 1:colcon.colcon_core.shell:create_environment_hook('qcar2_interfaces', 'cmake_prefix_path')
[4.984s] INFO:colcon.colcon_core.shell:Creating environment hook '/workspaces/isaac_ros-dev/install/qcar2_interfaces/share/qcar2_interfaces/hook/cmake_prefix_path.ps1'
[4.984s] INFO:colcon.colcon_core.shell:Creating environment descriptor '/workspaces/isaac_ros-dev/install/qcar2_interfaces/share/qcar2_interfaces/hook/cmake_prefix_path.dsv'
[4.985s] INFO:colcon.colcon_core.shell:Creating environment hook '/workspaces/isaac_ros-dev/install/qcar2_interfaces/share/qcar2_interfaces/hook/cmake_prefix_path.sh'
[4.985s] Level 1:colcon.colcon_core.environment:checking '/workspaces/isaac_ros-dev/install/qcar2_interfaces/lib'
[4.985s] Level 1:colcon.colcon_core.shell:create_environment_hook('qcar2_interfaces', 'ld_library_path_lib')
[4.992s] INFO:colcon.colcon_core.shell:Creating environment hook '/workspaces/isaac_ros-dev/install/qcar2_interfaces/share/qcar2_interfaces/hook/ld_library_path_lib.ps1'
[4.992s] INFO:colcon.colcon_core.shell:Creating environment descriptor '/workspaces/isaac_ros-dev/install/qcar2_interfaces/share/qcar2_interfaces/hook/ld_library_path_lib.dsv'
[4.992s] INFO:colcon.colcon_core.shell:Creating environment hook '/workspaces/isaac_ros-dev/install/qcar2_interfaces/share/qcar2_interfaces/hook/ld_library_path_lib.sh'
[4.992s] Level 1:colcon.colcon_core.environment:checking '/workspaces/isaac_ros-dev/install/qcar2_interfaces/bin'
[4.992s] Level 1:colcon.colcon_core.environment:checking '/workspaces/isaac_ros-dev/install/qcar2_interfaces/lib/pkgconfig/qcar2_interfaces.pc'
[4.993s] Level 1:colcon.colcon_core.environment:checking '/workspaces/isaac_ros-dev/install/qcar2_interfaces/lib/python3.8/site-packages'
[4.993s] Level 1:colcon.colcon_core.shell:create_environment_hook('qcar2_interfaces', 'pythonpath')
[4.999s] INFO:colcon.colcon_core.shell:Creating environment hook '/workspaces/isaac_ros-dev/install/qcar2_interfaces/share/qcar2_interfaces/hook/pythonpath.ps1'
[5.000s] INFO:colcon.colcon_core.shell:Creating environment descriptor '/workspaces/isaac_ros-dev/install/qcar2_interfaces/share/qcar2_interfaces/hook/pythonpath.dsv'
[5.000s] INFO:colcon.colcon_core.shell:Creating environment hook '/workspaces/isaac_ros-dev/install/qcar2_interfaces/share/qcar2_interfaces/hook/pythonpath.sh'
[5.000s] Level 1:colcon.colcon_core.environment:checking '/workspaces/isaac_ros-dev/install/qcar2_interfaces/bin'
[5.007s] INFO:colcon.colcon_core.shell:Creating package script '/workspaces/isaac_ros-dev/install/qcar2_interfaces/share/qcar2_interfaces/package.ps1'
[5.007s] INFO:colcon.colcon_core.shell:Creating package descriptor '/workspaces/isaac_ros-dev/install/qcar2_interfaces/share/qcar2_interfaces/package.dsv'
[5.008s] INFO:colcon.colcon_core.shell:Creating package script '/workspaces/isaac_ros-dev/install/qcar2_interfaces/share/qcar2_interfaces/package.sh'
[5.008s] INFO:colcon.colcon_core.shell:Creating package script '/workspaces/isaac_ros-dev/install/qcar2_interfaces/share/qcar2_interfaces/package.bash'
[5.008s] INFO:colcon.colcon_core.shell:Creating package script '/workspaces/isaac_ros-dev/install/qcar2_interfaces/share/qcar2_interfaces/package.zsh'
[5.008s] Level 1:colcon.colcon_core.environment:create_file_with_runtime_dependencies(/workspaces/isaac_ros-dev/install/qcar2_interfaces/share/colcon-core/packages/qcar2_interfaces)
[5.009s] INFO:colcon.colcon_ros.task.ament_python.build:Building ROS package in '/workspaces/isaac_ros-dev/ros2/src/qcar2_autonomy' with build type 'ament_python'
[5.009s] Level 1:colcon.colcon_core.shell:create_environment_hook('qcar2_autonomy', 'ament_prefix_path')
[5.015s] INFO:colcon.colcon_core.shell:Creating environment hook '/workspaces/isaac_ros-dev/install/qcar2_autonomy/share/qcar2_autonomy/hook/ament_prefix_path.ps1'
[5.016s] INFO:colcon.colcon_core.shell:Creating environment descriptor '/workspaces/isaac_ros-dev/install/qcar2_autonomy/share/qcar2_autonomy/hook/ament_prefix_path.dsv'
[5.016s] INFO:colcon.colcon_core.shell:Creating environment hook '/workspaces/isaac_ros-dev/install/qcar2_autonomy/share/qcar2_autonomy/hook/ament_prefix_path.sh'
[5.021s] INFO:colcon.colcon_core.shell:Skip shell extension 'powershell' for command environment: Not usable outside of PowerShell
[5.021s] DEBUG:colcon.colcon_core.shell:Skip shell extension 'dsv' for command environment
[5.043s] INFO:colcon.colcon_ros.task.ament_cmake.build:Building ROS package in '/workspaces/isaac_ros-dev/ros2/src/qcar2_nodes' with build type 'ament_cmake'
[5.044s] INFO:colcon.colcon_cmake.task.cmake.build:Building CMake package in '/workspaces/isaac_ros-dev/ros2/src/qcar2_nodes'
[5.050s] INFO:colcon.colcon_core.shell:Skip shell extension 'powershell' for command environment: Not usable outside of PowerShell
[5.050s] DEBUG:colcon.colcon_core.shell:Skip shell extension 'dsv' for command environment
[5.275s] INFO:colcon.colcon_core.task.python.build:Building Python package in '/workspaces/isaac_ros-dev/ros2/src/qcar2_autonomy'
[5.283s] INFO:colcon.colcon_core.shell:Skip shell extension 'powershell' for command environment: Not usable outside of PowerShell
[5.283s] DEBUG:colcon.colcon_core.shell:Skip shell extension 'dsv' for command environment
[5.343s] DEBUG:colcon.colcon_core.event_handler.log_command:Invoking command in '/workspaces/isaac_ros-dev/build/qcar2_nodes': CMAKE_PREFIX_PATH=/workspaces/isaac_ros-dev/install/qcar2_interfaces:/workspaces/isaac_ros-dev/install/qcar2_nodes:/workspace/cartographer_ws/install/perception_pcl:/workspace/cartographer_ws/install/pcl_ros:/workspace/cartographer_ws/install/cartographer_rviz:/workspace/cartographer_ws/install/cartographer_ros:/workspace/cartographer_ws/install/pcl_conversions:/workspace/cartographer_ws/install/pcl_msgs:/workspace/cartographer_ws/install/isaac_ros_tensor_list_interfaces:/workspace/cartographer_ws/install/isaac_ros_pointcloud_interfaces:/workspace/cartographer_ws/install/isaac_ros_nova_interfaces:/workspace/cartographer_ws/install/isaac_ros_nitros_bridge_interfaces:/workspace/cartographer_ws/install/isaac_ros_common:/workspace/cartographer_ws/install/isaac_ros_bi3d_interfaces:/workspace/cartographer_ws/install/isaac_ros_apriltag_interfaces:/workspace/cartographer_ws/install/control_msgs:/workspace/cartographer_ws/install/cartographer_ros_msgs:/workspace/cartographer_ws/install/cartographer:/workspace/cartographer_ws/install/absl:/workspaces/isaac_ros-dev/install/qcar2_autonomy:/workspace/cartographer_ws/install/isaac_ros_test:/opt/ros/humble PYTHONPATH=/workspaces/isaac_ros-dev/install/qcar2_interfaces/lib/python3.8/site-packages:/workspaces/isaac_ros-dev/install/qcar2_nodes/lib/python3.8/site-packages:/workspaces/isaac_ros-dev/install/qcar2_autonomy/lib/python3.8/site-packages:/workspace/cartographer_ws/install/pcl_msgs/lib/python3.8/site-packages:/workspace/cartographer_ws/build/isaac_ros_test:/workspace/cartographer_ws/install/isaac_ros_test/lib/python3.8/site-packages:/workspace/cartographer_ws/install/isaac_ros_tensor_list_interfaces/lib/python3.8/site-packages:/workspace/cartographer_ws/install/isaac_ros_pointcloud_interfaces/lib/python3.8/site-packages:/workspace/cartographer_ws/install/isaac_ros_nova_interfaces/lib/python3.8/site-packages:/workspace/cartographer_ws/install/isaac_ros_nitros_bridge_interfaces/lib/python3.8/site-packages:/workspace/cartographer_ws/install/isaac_ros_bi3d_interfaces/lib/python3.8/site-packages:/workspace/cartographer_ws/install/isaac_ros_apriltag_interfaces/lib/python3.8/site-packages:/workspace/cartographer_ws/install/control_msgs/lib/python3.8/site-packages:/workspace/cartographer_ws/install/cartographer_ros_msgs/lib/python3.8/site-packages:/opt/ros/humble/lib/python3.8/site-packages:/home/Quanser/0_libraries/python _=/usr/bin/env /usr/bin/cmake --build /workspaces/isaac_ros-dev/build/qcar2_nodes -- -j24 -l24
[5.630s] DEBUG:colcon.colcon_core.event_handler.log_command:Invoked command in '/workspaces/isaac_ros-dev/build/qcar2_nodes' returned '0': CMAKE_PREFIX_PATH=/workspaces/isaac_ros-dev/install/qcar2_interfaces:/workspaces/isaac_ros-dev/install/qcar2_nodes:/workspace/cartographer_ws/install/perception_pcl:/workspace/cartographer_ws/install/pcl_ros:/workspace/cartographer_ws/install/cartographer_rviz:/workspace/cartographer_ws/install/cartographer_ros:/workspace/cartographer_ws/install/pcl_conversions:/workspace/cartographer_ws/install/pcl_msgs:/workspace/cartographer_ws/install/isaac_ros_tensor_list_interfaces:/workspace/cartographer_ws/install/isaac_ros_pointcloud_interfaces:/workspace/cartographer_ws/install/isaac_ros_nova_interfaces:/workspace/cartographer_ws/install/isaac_ros_nitros_bridge_interfaces:/workspace/cartographer_ws/install/isaac_ros_common:/workspace/cartographer_ws/install/isaac_ros_bi3d_interfaces:/workspace/cartographer_ws/install/isaac_ros_apriltag_interfaces:/workspace/cartographer_ws/install/control_msgs:/workspace/cartographer_ws/install/cartographer_ros_msgs:/workspace/cartographer_ws/install/cartographer:/workspace/cartographer_ws/install/absl:/workspaces/isaac_ros-dev/install/qcar2_autonomy:/workspace/cartographer_ws/install/isaac_ros_test:/opt/ros/humble PYTHONPATH=/workspaces/isaac_ros-dev/install/qcar2_interfaces/lib/python3.8/site-packages:/workspaces/isaac_ros-dev/install/qcar2_nodes/lib/python3.8/site-packages:/workspaces/isaac_ros-dev/install/qcar2_autonomy/lib/python3.8/site-packages:/workspace/cartographer_ws/install/pcl_msgs/lib/python3.8/site-packages:/workspace/cartographer_ws/build/isaac_ros_test:/workspace/cartographer_ws/install/isaac_ros_test/lib/python3.8/site-packages:/workspace/cartographer_ws/install/isaac_ros_tensor_list_interfaces/lib/python3.8/site-packages:/workspace/cartographer_ws/install/isaac_ros_pointcloud_interfaces/lib/python3.8/site-packages:/workspace/cartographer_ws/install/isaac_ros_nova_interfaces/lib/python3.8/site-packages:/workspace/cartographer_ws/install/isaac_ros_nitros_bridge_interfaces/lib/python3.8/site-packages:/workspace/cartographer_ws/install/isaac_ros_bi3d_interfaces/lib/python3.8/site-packages:/workspace/cartographer_ws/install/isaac_ros_apriltag_interfaces/lib/python3.8/site-packages:/workspace/cartographer_ws/install/control_msgs/lib/python3.8/site-packages:/workspace/cartographer_ws/install/cartographer_ros_msgs/lib/python3.8/site-packages:/opt/ros/humble/lib/python3.8/site-packages:/home/Quanser/0_libraries/python _=/usr/bin/env /usr/bin/cmake --build /workspaces/isaac_ros-dev/build/qcar2_nodes -- -j24 -l24
[5.887s] DEBUG:colcon.colcon_core.event_handler.log_command:Invoking command in '/workspaces/isaac_ros-dev/ros2/src/qcar2_autonomy': CMAKE_PREFIX_PATH=/workspaces/isaac_ros-dev/install/qcar2_interfaces:/workspaces/isaac_ros-dev/install/qcar2_nodes:/workspace/cartographer_ws/install/perception_pcl:/workspace/cartographer_ws/install/pcl_ros:/workspace/cartographer_ws/install/cartographer_rviz:/workspace/cartographer_ws/install/cartographer_ros:/workspace/cartographer_ws/install/pcl_conversions:/workspace/cartographer_ws/install/pcl_msgs:/workspace/cartographer_ws/install/isaac_ros_tensor_list_interfaces:/workspace/cartographer_ws/install/isaac_ros_pointcloud_interfaces:/workspace/cartographer_ws/install/isaac_ros_nova_interfaces:/workspace/cartographer_ws/install/isaac_ros_nitros_bridge_interfaces:/workspace/cartographer_ws/install/isaac_ros_common:/workspace/cartographer_ws/install/isaac_ros_bi3d_interfaces:/workspace/cartographer_ws/install/isaac_ros_apriltag_interfaces:/workspace/cartographer_ws/install/control_msgs:/workspace/cartographer_ws/install/cartographer_ros_msgs:/workspace/cartographer_ws/install/cartographer:/workspace/cartographer_ws/install/absl PYTHONPATH=/workspaces/isaac_ros-dev/build/qcar2_autonomy/prefix_override:/workspaces/isaac_ros-dev/install/qcar2_autonomy/lib/python3.8/site-packages:/workspaces/isaac_ros-dev/install/qcar2_interfaces/lib/python3.8/site-packages:/workspaces/isaac_ros-dev/install/qcar2_nodes/lib/python3.8/site-packages:/workspaces/isaac_ros-dev/install/qcar2_autonomy/lib/python3.8/site-packages:/workspace/cartographer_ws/install/pcl_msgs/lib/python3.8/site-packages:/workspace/cartographer_ws/build/isaac_ros_test:/workspace/cartographer_ws/install/isaac_ros_test/lib/python3.8/site-packages:/workspace/cartographer_ws/install/isaac_ros_tensor_list_interfaces/lib/python3.8/site-packages:/workspace/cartographer_ws/install/isaac_ros_pointcloud_interfaces/lib/python3.8/site-packages:/workspace/cartographer_ws/install/isaac_ros_nova_interfaces/lib/python3.8/site-packages:/workspace/cartographer_ws/install/isaac_ros_nitros_bridge_interfaces/lib/python3.8/site-packages:/workspace/cartographer_ws/install/isaac_ros_bi3d_interfaces/lib/python3.8/site-packages:/workspace/cartographer_ws/install/isaac_ros_apriltag_interfaces/lib/python3.8/site-packages:/workspace/cartographer_ws/install/control_msgs/lib/python3.8/site-packages:/workspace/cartographer_ws/install/cartographer_ros_msgs/lib/python3.8/site-packages:/opt/ros/humble/lib/python3.8/site-packages:/home/Quanser/0_libraries/python _=/usr/bin/env /usr/bin/python3 setup.py egg_info --egg-base ../../../build/qcar2_autonomy build --build-base /workspaces/isaac_ros-dev/build/qcar2_autonomy/build install --record /workspaces/isaac_ros-dev/build/qcar2_autonomy/install.log --single-version-externally-managed
[5.917s] DEBUG:colcon.colcon_core.event_handler.log_command:Invoking command in '/workspaces/isaac_ros-dev/build/qcar2_nodes': CMAKE_PREFIX_PATH=/workspaces/isaac_ros-dev/install/qcar2_interfaces:/workspaces/isaac_ros-dev/install/qcar2_nodes:/workspace/cartographer_ws/install/perception_pcl:/workspace/cartographer_ws/install/pcl_ros:/workspace/cartographer_ws/install/cartographer_rviz:/workspace/cartographer_ws/install/cartographer_ros:/workspace/cartographer_ws/install/pcl_conversions:/workspace/cartographer_ws/install/pcl_msgs:/workspace/cartographer_ws/install/isaac_ros_tensor_list_interfaces:/workspace/cartographer_ws/install/isaac_ros_pointcloud_interfaces:/workspace/cartographer_ws/install/isaac_ros_nova_interfaces:/workspace/cartographer_ws/install/isaac_ros_nitros_bridge_interfaces:/workspace/cartographer_ws/install/isaac_ros_common:/workspace/cartographer_ws/install/isaac_ros_bi3d_interfaces:/workspace/cartographer_ws/install/isaac_ros_apriltag_interfaces:/workspace/cartographer_ws/install/control_msgs:/workspace/cartographer_ws/install/cartographer_ros_msgs:/workspace/cartographer_ws/install/cartographer:/workspace/cartographer_ws/install/absl:/workspaces/isaac_ros-dev/install/qcar2_autonomy:/workspace/cartographer_ws/install/isaac_ros_test:/opt/ros/humble PYTHONPATH=/workspaces/isaac_ros-dev/install/qcar2_interfaces/lib/python3.8/site-packages:/workspaces/isaac_ros-dev/install/qcar2_nodes/lib/python3.8/site-packages:/workspaces/isaac_ros-dev/install/qcar2_autonomy/lib/python3.8/site-packages:/workspace/cartographer_ws/install/pcl_msgs/lib/python3.8/site-packages:/workspace/cartographer_ws/build/isaac_ros_test:/workspace/cartographer_ws/install/isaac_ros_test/lib/python3.8/site-packages:/workspace/cartographer_ws/install/isaac_ros_tensor_list_interfaces/lib/python3.8/site-packages:/workspace/cartographer_ws/install/isaac_ros_pointcloud_interfaces/lib/python3.8/site-packages:/workspace/cartographer_ws/install/isaac_ros_nova_interfaces/lib/python3.8/site-packages:/workspace/cartographer_ws/install/isaac_ros_nitros_bridge_interfaces/lib/python3.8/site-packages:/workspace/cartographer_ws/install/isaac_ros_bi3d_interfaces/lib/python3.8/site-packages:/workspace/cartographer_ws/install/isaac_ros_apriltag_interfaces/lib/python3.8/site-packages:/workspace/cartographer_ws/install/control_msgs/lib/python3.8/site-packages:/workspace/cartographer_ws/install/cartographer_ros_msgs/lib/python3.8/site-packages:/opt/ros/humble/lib/python3.8/site-packages:/home/Quanser/0_libraries/python _=/usr/bin/env /usr/bin/cmake --install /workspaces/isaac_ros-dev/build/qcar2_nodes
[5.965s] Level 1:colcon.colcon_core.environment:create_environment_scripts_only(qcar2_nodes)
[5.966s] DEBUG:colcon.colcon_core.event_handler.log_command:Invoked command in '/workspaces/isaac_ros-dev/build/qcar2_nodes' returned '0': CMAKE_PREFIX_PATH=/workspaces/isaac_ros-dev/install/qcar2_interfaces:/workspaces/isaac_ros-dev/install/qcar2_nodes:/workspace/cartographer_ws/install/perception_pcl:/workspace/cartographer_ws/install/pcl_ros:/workspace/cartographer_ws/install/cartographer_rviz:/workspace/cartographer_ws/install/cartographer_ros:/workspace/cartographer_ws/install/pcl_conversions:/workspace/cartographer_ws/install/pcl_msgs:/workspace/cartographer_ws/install/isaac_ros_tensor_list_interfaces:/workspace/cartographer_ws/install/isaac_ros_pointcloud_interfaces:/workspace/cartographer_ws/install/isaac_ros_nova_interfaces:/workspace/cartographer_ws/install/isaac_ros_nitros_bridge_interfaces:/workspace/cartographer_ws/install/isaac_ros_common:/workspace/cartographer_ws/install/isaac_ros_bi3d_interfaces:/workspace/cartographer_ws/install/isaac_ros_apriltag_interfaces:/workspace/cartographer_ws/install/control_msgs:/workspace/cartographer_ws/install/cartographer_ros_msgs:/workspace/cartographer_ws/install/cartographer:/workspace/cartographer_ws/install/absl:/workspaces/isaac_ros-dev/install/qcar2_autonomy:/workspace/cartographer_ws/install/isaac_ros_test:/opt/ros/humble PYTHONPATH=/workspaces/isaac_ros-dev/install/qcar2_interfaces/lib/python3.8/site-packages:/workspaces/isaac_ros-dev/install/qcar2_nodes/lib/python3.8/site-packages:/workspaces/isaac_ros-dev/install/qcar2_autonomy/lib/python3.8/site-packages:/workspace/cartographer_ws/install/pcl_msgs/lib/python3.8/site-packages:/workspace/cartographer_ws/build/isaac_ros_test:/workspace/cartographer_ws/install/isaac_ros_test/lib/python3.8/site-packages:/workspace/cartographer_ws/install/isaac_ros_tensor_list_interfaces/lib/python3.8/site-packages:/workspace/cartographer_ws/install/isaac_ros_pointcloud_interfaces/lib/python3.8/site-packages:/workspace/cartographer_ws/install/isaac_ros_nova_interfaces/lib/python3.8/site-packages:/workspace/cartographer_ws/install/isaac_ros_nitros_bridge_interfaces/lib/python3.8/site-packages:/workspace/cartographer_ws/install/isaac_ros_bi3d_interfaces/lib/python3.8/site-packages:/workspace/cartographer_ws/install/isaac_ros_apriltag_interfaces/lib/python3.8/site-packages:/workspace/cartographer_ws/install/control_msgs/lib/python3.8/site-packages:/workspace/cartographer_ws/install/cartographer_ros_msgs/lib/python3.8/site-packages:/opt/ros/humble/lib/python3.8/site-packages:/home/Quanser/0_libraries/python _=/usr/bin/env /usr/bin/cmake --install /workspaces/isaac_ros-dev/build/qcar2_nodes
[5.975s] Level 1:colcon.colcon_core.environment:checking '/workspaces/isaac_ros-dev/install/qcar2_nodes' for CMake module files
[5.975s] Level 1:colcon.colcon_core.environment:checking '/workspaces/isaac_ros-dev/install/qcar2_nodes' for CMake config files
[5.975s] Level 1:colcon.colcon_core.shell:create_environment_hook('qcar2_nodes', 'cmake_prefix_path')
[5.982s] INFO:colcon.colcon_core.shell:Creating environment hook '/workspaces/isaac_ros-dev/install/qcar2_nodes/share/qcar2_nodes/hook/cmake_prefix_path.ps1'
[5.983s] INFO:colcon.colcon_core.shell:Creating environment descriptor '/workspaces/isaac_ros-dev/install/qcar2_nodes/share/qcar2_nodes/hook/cmake_prefix_path.dsv'
[5.983s] INFO:colcon.colcon_core.shell:Creating environment hook '/workspaces/isaac_ros-dev/install/qcar2_nodes/share/qcar2_nodes/hook/cmake_prefix_path.sh'
[5.984s] Level 1:colcon.colcon_core.environment:checking '/workspaces/isaac_ros-dev/install/qcar2_nodes/lib'
[5.984s] Level 1:colcon.colcon_core.environment:checking '/workspaces/isaac_ros-dev/install/qcar2_nodes/bin'
[5.984s] Level 1:colcon.colcon_core.environment:checking '/workspaces/isaac_ros-dev/install/qcar2_nodes/lib/pkgconfig/qcar2_nodes.pc'
[5.984s] Level 1:colcon.colcon_core.environment:checking '/workspaces/isaac_ros-dev/install/qcar2_nodes/lib/python3.8/site-packages'
[5.984s] Level 1:colcon.colcon_core.shell:create_environment_hook('qcar2_nodes', 'pythonpath')
[5.991s] INFO:colcon.colcon_core.shell:Creating environment hook '/workspaces/isaac_ros-dev/install/qcar2_nodes/share/qcar2_nodes/hook/pythonpath.ps1'
[5.991s] INFO:colcon.colcon_core.shell:Creating environment descriptor '/workspaces/isaac_ros-dev/install/qcar2_nodes/share/qcar2_nodes/hook/pythonpath.dsv'
[5.992s] INFO:colcon.colcon_core.shell:Creating environment hook '/workspaces/isaac_ros-dev/install/qcar2_nodes/share/qcar2_nodes/hook/pythonpath.sh'
[5.992s] Level 1:colcon.colcon_core.environment:checking '/workspaces/isaac_ros-dev/install/qcar2_nodes/bin'
[5.999s] INFO:colcon.colcon_core.shell:Creating package script '/workspaces/isaac_ros-dev/install/qcar2_nodes/share/qcar2_nodes/package.ps1'
[6.000s] INFO:colcon.colcon_core.shell:Creating package descriptor '/workspaces/isaac_ros-dev/install/qcar2_nodes/share/qcar2_nodes/package.dsv'
[6.000s] INFO:colcon.colcon_core.shell:Creating package script '/workspaces/isaac_ros-dev/install/qcar2_nodes/share/qcar2_nodes/package.sh'
[6.000s] INFO:colcon.colcon_core.shell:Creating package script '/workspaces/isaac_ros-dev/install/qcar2_nodes/share/qcar2_nodes/package.bash'
[6.001s] INFO:colcon.colcon_core.shell:Creating package script '/workspaces/isaac_ros-dev/install/qcar2_nodes/share/qcar2_nodes/package.zsh'
[6.001s] Level 1:colcon.colcon_core.environment:create_file_with_runtime_dependencies(/workspaces/isaac_ros-dev/install/qcar2_nodes/share/colcon-core/packages/qcar2_nodes)
[6.258s] DEBUG:colcon.colcon_core.event_handler.log_command:Invoked command in '/workspaces/isaac_ros-dev/ros2/src/qcar2_autonomy' returned '0': CMAKE_PREFIX_PATH=/workspaces/isaac_ros-dev/install/qcar2_interfaces:/workspaces/isaac_ros-dev/install/qcar2_nodes:/workspace/cartographer_ws/install/perception_pcl:/workspace/cartographer_ws/install/pcl_ros:/workspace/cartographer_ws/install/cartographer_rviz:/workspace/cartographer_ws/install/cartographer_ros:/workspace/cartographer_ws/install/pcl_conversions:/workspace/cartographer_ws/install/pcl_msgs:/workspace/cartographer_ws/install/isaac_ros_tensor_list_interfaces:/workspace/cartographer_ws/install/isaac_ros_pointcloud_interfaces:/workspace/cartographer_ws/install/isaac_ros_nova_interfaces:/workspace/cartographer_ws/install/isaac_ros_nitros_bridge_interfaces:/workspace/cartographer_ws/install/isaac_ros_common:/workspace/cartographer_ws/install/isaac_ros_bi3d_interfaces:/workspace/cartographer_ws/install/isaac_ros_apriltag_interfaces:/workspace/cartographer_ws/install/control_msgs:/workspace/cartographer_ws/install/cartographer_ros_msgs:/workspace/cartographer_ws/install/cartographer:/workspace/cartographer_ws/install/absl PYTHONPATH=/workspaces/isaac_ros-dev/build/qcar2_autonomy/prefix_override:/workspaces/isaac_ros-dev/install/qcar2_autonomy/lib/python3.8/site-packages:/workspaces/isaac_ros-dev/install/qcar2_interfaces/lib/python3.8/site-packages:/workspaces/isaac_ros-dev/install/qcar2_nodes/lib/python3.8/site-packages:/workspaces/isaac_ros-dev/install/qcar2_autonomy/lib/python3.8/site-packages:/workspace/cartographer_ws/install/pcl_msgs/lib/python3.8/site-packages:/workspace/cartographer_ws/build/isaac_ros_test:/workspace/cartographer_ws/install/isaac_ros_test/lib/python3.8/site-packages:/workspace/cartographer_ws/install/isaac_ros_tensor_list_interfaces/lib/python3.8/site-packages:/workspace/cartographer_ws/install/isaac_ros_pointcloud_interfaces/lib/python3.8/site-packages:/workspace/cartographer_ws/install/isaac_ros_nova_interfaces/lib/python3.8/site-packages:/workspace/cartographer_ws/install/isaac_ros_nitros_bridge_interfaces/lib/python3.8/site-packages:/workspace/cartographer_ws/install/isaac_ros_bi3d_interfaces/lib/python3.8/site-packages:/workspace/cartographer_ws/install/isaac_ros_apriltag_interfaces/lib/python3.8/site-packages:/workspace/cartographer_ws/install/control_msgs/lib/python3.8/site-packages:/workspace/cartographer_ws/install/cartographer_ros_msgs/lib/python3.8/site-packages:/opt/ros/humble/lib/python3.8/site-packages:/home/Quanser/0_libraries/python _=/usr/bin/env /usr/bin/python3 setup.py egg_info --egg-base ../../../build/qcar2_autonomy build --build-base /workspaces/isaac_ros-dev/build/qcar2_autonomy/build install --record /workspaces/isaac_ros-dev/build/qcar2_autonomy/install.log --single-version-externally-managed
[6.266s] Level 1:colcon.colcon_core.environment:checking '/workspaces/isaac_ros-dev/install/qcar2_autonomy' for CMake module files
[6.266s] Level 1:colcon.colcon_core.environment:checking '/workspaces/isaac_ros-dev/install/qcar2_autonomy' for CMake config files
[6.267s] Level 1:colcon.colcon_core.environment:checking '/workspaces/isaac_ros-dev/install/qcar2_autonomy/lib'
[6.267s] Level 1:colcon.colcon_core.environment:checking '/workspaces/isaac_ros-dev/install/qcar2_autonomy/bin'
[6.267s] Level 1:colcon.colcon_core.environment:checking '/workspaces/isaac_ros-dev/install/qcar2_autonomy/lib/pkgconfig/qcar2_autonomy.pc'
[6.267s] Level 1:colcon.colcon_core.environment:checking '/workspaces/isaac_ros-dev/install/qcar2_autonomy/lib/python3.8/site-packages'
[6.267s] Level 1:colcon.colcon_core.shell:create_environment_hook('qcar2_autonomy', 'pythonpath')
[6.274s] INFO:colcon.colcon_core.shell:Creating environment hook '/workspaces/isaac_ros-dev/install/qcar2_autonomy/share/qcar2_autonomy/hook/pythonpath.ps1'
[6.275s] INFO:colcon.colcon_core.shell:Creating environment descriptor '/workspaces/isaac_ros-dev/install/qcar2_autonomy/share/qcar2_autonomy/hook/pythonpath.dsv'
[6.275s] INFO:colcon.colcon_core.shell:Creating environment hook '/workspaces/isaac_ros-dev/install/qcar2_autonomy/share/qcar2_autonomy/hook/pythonpath.sh'
[6.275s] Level 1:colcon.colcon_core.environment:checking '/workspaces/isaac_ros-dev/install/qcar2_autonomy/bin'
[6.275s] Level 1:colcon.colcon_core.environment:create_environment_scripts_only(qcar2_autonomy)
[6.283s] INFO:colcon.colcon_core.shell:Creating package script '/workspaces/isaac_ros-dev/install/qcar2_autonomy/share/qcar2_autonomy/package.ps1'
[6.283s] INFO:colcon.colcon_core.shell:Creating package descriptor '/workspaces/isaac_ros-dev/install/qcar2_autonomy/share/qcar2_autonomy/package.dsv'
[6.283s] INFO:colcon.colcon_core.shell:Creating package script '/workspaces/isaac_ros-dev/install/qcar2_autonomy/share/qcar2_autonomy/package.sh'
[6.284s] INFO:colcon.colcon_core.shell:Creating package script '/workspaces/isaac_ros-dev/install/qcar2_autonomy/share/qcar2_autonomy/package.bash'
[6.284s] INFO:colcon.colcon_core.shell:Creating package script '/workspaces/isaac_ros-dev/install/qcar2_autonomy/share/qcar2_autonomy/package.zsh'
[6.284s] Level 1:colcon.colcon_core.environment:create_file_with_runtime_dependencies(/workspaces/isaac_ros-dev/install/qcar2_autonomy/share/colcon-core/packages/qcar2_autonomy)
[6.313s] Level 1:colcon.colcon_core.environment:create_environment_scripts_only(qcar2_nodes)
[6.323s] Level 1:colcon.colcon_core.environment:checking '/workspaces/isaac_ros-dev/install/qcar2_nodes' for CMake module files
[6.323s] Level 1:colcon.colcon_core.environment:checking '/workspaces/isaac_ros-dev/install/qcar2_nodes' for CMake config files
[6.324s] Level 1:colcon.colcon_core.shell:create_environment_hook('qcar2_nodes', 'cmake_prefix_path')
[6.333s] INFO:colcon.colcon_core.shell:Creating environment hook '/workspaces/isaac_ros-dev/install/qcar2_nodes/share/qcar2_nodes/hook/cmake_prefix_path.ps1'
[6.334s] INFO:colcon.colcon_core.shell:Creating environment descriptor '/workspaces/isaac_ros-dev/install/qcar2_nodes/share/qcar2_nodes/hook/cmake_prefix_path.dsv'
[6.334s] INFO:colcon.colcon_core.shell:Creating environment hook '/workspaces/isaac_ros-dev/install/qcar2_nodes/share/qcar2_nodes/hook/cmake_prefix_path.sh'
[6.334s] Level 1:colcon.colcon_core.environment:checking '/workspaces/isaac_ros-dev/install/qcar2_nodes/lib'
[6.335s] Level 1:colcon.colcon_core.environment:checking '/workspaces/isaac_ros-dev/install/qcar2_nodes/bin'
[6.335s] Level 1:colcon.colcon_core.environment:checking '/workspaces/isaac_ros-dev/install/qcar2_nodes/lib/pkgconfig/qcar2_nodes.pc'
[6.335s] Level 1:colcon.colcon_core.environment:checking '/workspaces/isaac_ros-dev/install/qcar2_nodes/lib/python3.8/site-packages'
[6.335s] Level 1:colcon.colcon_core.shell:create_environment_hook('qcar2_nodes', 'pythonpath')
[6.343s] INFO:colcon.colcon_core.shell:Creating environment hook '/workspaces/isaac_ros-dev/install/qcar2_nodes/share/qcar2_nodes/hook/pythonpath.ps1'
[6.344s] INFO:colcon.colcon_core.shell:Creating environment descriptor '/workspaces/isaac_ros-dev/install/qcar2_nodes/share/qcar2_nodes/hook/pythonpath.dsv'
[6.344s] INFO:colcon.colcon_core.shell:Creating environment hook '/workspaces/isaac_ros-dev/install/qcar2_nodes/share/qcar2_nodes/hook/pythonpath.sh'
[6.344s] Level 1:colcon.colcon_core.environment:checking '/workspaces/isaac_ros-dev/install/qcar2_nodes/bin'
[6.354s] INFO:colcon.colcon_core.shell:Creating package script '/workspaces/isaac_ros-dev/install/qcar2_nodes/share/qcar2_nodes/package.ps1'
[6.354s] INFO:colcon.colcon_core.shell:Creating package descriptor '/workspaces/isaac_ros-dev/install/qcar2_nodes/share/qcar2_nodes/package.dsv'
[6.355s] INFO:colcon.colcon_core.shell:Creating package script '/workspaces/isaac_ros-dev/install/qcar2_nodes/share/qcar2_nodes/package.sh'
[6.355s] INFO:colcon.colcon_core.shell:Creating package script '/workspaces/isaac_ros-dev/install/qcar2_nodes/share/qcar2_nodes/package.bash'
[6.355s] INFO:colcon.colcon_core.shell:Creating package script '/workspaces/isaac_ros-dev/install/qcar2_nodes/share/qcar2_nodes/package.zsh'
[6.355s] Level 1:colcon.colcon_core.environment:create_file_with_runtime_dependencies(/workspaces/isaac_ros-dev/install/qcar2_nodes/share/colcon-core/packages/qcar2_nodes)
[6.356s] DEBUG:colcon.colcon_parallel_executor.executor.parallel:closing loop
[6.356s] DEBUG:colcon.colcon_parallel_executor.executor.parallel:loop closed
[6.356s] DEBUG:colcon.colcon_parallel_executor.executor.parallel:run_until_complete finished with '0'
[6.356s] DEBUG:colcon.colcon_core.event_reactor:joining thread
[6.367s] INFO:colcon.colcon_core.plugin_system:Skipping extension 'colcon_notification.desktop_notification.notify_send': Could not find 'notify-send'
[6.367s] INFO:colcon.colcon_core.plugin_system:Skipping extension 'colcon_notification.desktop_notification.terminal_notifier': Not used on non-Darwin systems
[6.367s] INFO:colcon.colcon_core.plugin_system:Skipping extension 'colcon_notification.desktop_notification.win32': Not used on non-Windows systems
[6.367s] INFO:colcon.colcon_notification.desktop_notification:Sending desktop notification using 'notify2'
[6.370s] DEBUG:colcon.colcon_notification.desktop_notification.notify2:Failed to initialize notify2: org.freedesktop.DBus.Error.Spawn.ExecFailed: /usr/bin/dbus-launch terminated abnormally without any error message
[6.370s] DEBUG:colcon.colcon_core.event_reactor:joined thread
[6.379s] INFO:colcon.colcon_core.shell:Creating prefix script '/workspaces/isaac_ros-dev/install/local_setup.ps1'
[6.380s] INFO:colcon.colcon_core.shell:Creating prefix util module '/workspaces/isaac_ros-dev/install/_local_setup_util_ps1.py'
[6.381s] INFO:colcon.colcon_core.shell:Creating prefix chain script '/workspaces/isaac_ros-dev/install/setup.ps1'
[6.392s] INFO:colcon.colcon_core.shell:Creating prefix script '/workspaces/isaac_ros-dev/install/local_setup.sh'
[6.393s] INFO:colcon.colcon_core.shell:Creating prefix util module '/workspaces/isaac_ros-dev/install/_local_setup_util_sh.py'
[6.393s] INFO:colcon.colcon_core.shell:Creating prefix chain script '/workspaces/isaac_ros-dev/install/setup.sh'
[6.406s] INFO:colcon.colcon_core.shell:Creating prefix script '/workspaces/isaac_ros-dev/install/local_setup.bash'
[6.406s] INFO:colcon.colcon_core.shell:Creating prefix chain script '/workspaces/isaac_ros-dev/install/setup.bash'
[6.417s] INFO:colcon.colcon_core.shell:Creating prefix script '/workspaces/isaac_ros-dev/install/local_setup.zsh'
[6.418s] INFO:colcon.colcon_core.shell:Creating prefix chain script '/workspaces/isaac_ros-dev/install/setup.zsh'
